scenario,lot,wafer,depth_nm,nonuniformity_pct,cd_error_nm,particle_defect,good,pressure_mtorr,reflected_power_w,flow_sccm,endpoint_s,vibration_mm_s,cycle_s,wear_index
stable,0,0,496.2380717945132,1.1732833659076096,0.07675024875458675,False,True,35.079836370795256,8.759340749590299,49.61165618684983,121.23719587097949,0.2631330392113785,165.0,1.2
stable,0,1,497.5520948327456,1.2546685229599015,1.1852764708798296,False,True,35.06889089021266,13.760019300133393,50.43880068573425,120.61977026046068,0.39952338137076593,165.0,1.2
stable,0,2,502.06613655158725,1.1212774799746805,-0.05096720091663627,False,True,34.751734375008,7.275312152530914,49.675777394905715,119.87718953668602,0.5023095890943021,165.0,1.2
stable,0,3,497.029423860009,1.2186795794226986,0.3513392929393862,False,True,35.10465434729701,8.286631316644696,50.72723745778691,118.14804475514,0.411820172845343,165.0,1.2
stable,0,4,500.23432022215275,1.1121416885038133,-0.03423992788799991,False,True,35.38769766915805,6.418142148858326,50.019022445281024,120.21649196350286,0.6177878909247582,165.0,1.2
stable,1,0,499.1884637713895,1.1434899382399517,0.4470374051629738,False,True,34.99790191974097,5.53249957138881,50.434494384006726,118.54391988907906,0.6935098127015695,165.0,1.2
stable,1,1,500.4973322436183,1.3825696729055086,0.17520019361298275,False,True,35.13042294755299,6.152927742134593,50.013266048374355,121.02980093864717,0.5387503725825324,165.0,1.2
stable,1,2,506.02433850864276,1.4860317962996985,-0.29010553822777774,False,True,35.06820151945105,8.569204112276505,49.693472086079055,119.41205285276047,0.33333066042437565,165.0,1.2
stable,1,3,498.21317576742695,1.3641476801617383,-0.4201827950215919,False,True,35.04493786832314,15.114552553725938,50.06482540045891,120.24595881984229,0.3853748648331462,165.0,1.2
stable,1,4,507.7540714834641,1.3440352789737289,-0.32991585291799025,False,True,35.17927895141958,7.406953381077474,50.02200851249091,119.73991887311902,0.4736148997551205,165.0,1.2
stable,2,0,497.67924519538775,1.3141465753968233,-1.3290650423670713,False,True,34.93051658961637,13.751596239683813,49.79885900227094,120.24242657749676,0.7189976025252366,165.0,1.2
stable,2,1,500.89144987324056,1.2216878027656684,-0.3743459331410659,False,True,34.727934412433854,3.0914195014178727,49.50394213947465,118.51022304374798,0.40994797894181956,165.0,1.2
stable,2,2,495.72657234753024,1.4777169273230706,0.5411615420633153,False,True,35.12585811918374,8.219336860736023,50.408695716802995,120.68141836680351,0.5220394489036039,165.0,1.2
stable,2,3,496.36450553275404,1.4515328435287649,0.6122792828107166,False,True,35.08831373204683,5.521858540403215,49.94595395035,121.84680488091834,0.7392514522862511,165.0,1.2
stable,2,4,499.64424112982135,1.6321923232346625,-0.34192386594560736,False,True,35.01477752303156,10.619370464892398,49.8062419267585,120.38652789819352,0.5001518620911231,165.0,1.2
stable,3,0,494.2238691458555,1.2588280211739826,-0.10633753113246032,False,True,35.11058017639502,9.417909411433211,49.966951807374194,118.5377330723055,0.7116519762768887,165.0,1.2
stable,3,1,501.8039156226599,1.505569601596538,0.5897918696930122,False,True,34.80197751803552,4.004484653688149,50.1880579430766,120.00732842017052,0.5800276761164554,165.0,1.2
stable,3,2,500.75431819120735,1.225646842523499,-0.14286821718769563,False,True,34.957487957399515,14.07732767297008,50.049391874268274,121.04690472526293,0.5931406233534994,165.0,1.2
stable,3,3,498.1258522184775,1.2334580457126927,0.08440420643712894,False,True,34.91549412632948,5.0005228155110135,49.85047037566032,120.5716485886013,0.3942244311712909,165.0,1.2
stable,3,4,497.2582087170668,1.3276435107210174,0.13530635093544743,False,True,34.898911353843694,10.312385031551884,50.12430252393047,121.83321298967576,0.3354541011260599,165.0,1.2
stable,4,0,506.2667194230625,1.4086369608107956,0.19398884201199623,False,True,34.84807688166187,3.511512532999075,49.82448042793748,120.68477171642733,0.5114735095438014,165.0,1.2
stable,4,1,500.74640330752055,1.4638043330154933,-1.1966012220308635,False,True,35.06423361929997,6.5583917861936385,50.38972858707077,120.1131146301466,0.4836157135851331,165.0,1.2
stable,4,2,504.301828638677,1.4589412848814298,-0.7560618994508524,False,True,35.09260288693135,6.273173085320557,49.726270276870196,120.07469248165114,0.528799779253718,165.0,1.2
stable,4,3,501.57565379372403,1.37237734424679,0.5140853484997557,False,True,35.03339476397225,7.511100863189762,50.193881824972216,120.80069634446066,0.6966892872883937,165.0,1.2
stable,4,4,496.25561673341105,1.3042019758956083,-0.6314274878846724,False,True,34.890545612398405,9.608150953113606,49.64243501149241,120.12003756415645,0.4660304139604214,165.0,1.2
stable,5,0,504.6630986224282,1.5531300530993135,0.08285348113779481,False,True,35.070233549252855,6.148798597724529,49.815044584855784,120.33366749710062,0.5706789443079221,165.0,1.2
stable,5,1,498.87882691496964,1.2755803596690112,0.8381195005992047,False,True,34.932865622373214,5.952281749967969,50.20300991466398,119.81511367178679,0.6941385588538656,165.0,1.2
stable,5,2,502.7449150581336,1.313454773452597,0.973968471940369,False,True,34.873268146997674,9.655638502071849,49.844612217369146,119.63207747094053,0.6262943859588965,165.0,1.2
stable,5,3,504.9438061976499,1.3977144347113302,-1.2597772783271757,False,True,35.098165904158535,9.838460876865444,50.27095896202645,117.8635902126764,0.38762483666920117,165.0,1.2
stable,5,4,502.5114566049983,1.1747879199711235,-0.11481321696131272,False,True,34.826748685584654,10.477115193542009,49.86104933813904,120.63338584010152,0.5934999538295673,165.0,1.2
stable,6,0,501.6402174956977,1.1384272070282742,-0.11779744100164972,False,True,34.76520411241794,5.68666851035834,50.13150949729145,120.92885332599747,0.6088694809080148,165.0,1.2
stable,6,1,495.59927365633257,1.2623881682615188,0.7208212979330496,False,True,34.995314920654465,11.768341183056787,50.53723588594755,119.64795876182062,0.6752604197434103,165.0,1.2
stable,6,2,501.6144938486389,1.4184662592912973,-0.24251126403696185,False,True,34.91313292587525,8.584356696072978,50.13227232849337,119.77373574970258,0.34784027224331326,165.0,1.2
stable,6,3,502.10647233410793,1.206855591482176,-0.6183822023701192,False,True,35.024592584054176,9.554820740213202,50.14553021370231,121.45321465728655,0.26351909079702013,165.0,1.2
stable,6,4,497.4795930211732,1.469507927862736,-0.9044671981063034,False,True,34.87852347394877,6.161799381379919,50.35141592571426,118.61716060470081,0.43898919460183583,165.0,1.2
stable,7,0,502.0083007642487,1.1106808028913124,-0.4738450890287178,False,True,35.06808188323918,4.022901057982786,49.90618716721177,120.57029209340163,0.27272522727691517,165.0,1.2
stable,7,1,503.18585500607855,1.2622438741419517,0.6641014851101957,False,True,35.175658406815,7.862092531304906,49.60719179824042,119.76349729147509,0.4267424003425642,165.0,1.2
stable,7,2,500.5272221454271,1.2498788855437237,1.1700261911638148,False,True,34.913954670857485,9.923705505707826,49.95370085527526,120.72036665357528,0.37853165971649405,165.0,1.2
stable,7,3,501.6567483183262,1.4105414204371374,-0.047554537302206996,False,True,35.095524253131096,7.665148390425289,50.6230677813308,121.12010197170895,0.4824493086081686,165.0,1.2
stable,7,4,500.2178231732407,1.462395453870626,0.0009159849063341404,False,True,34.938874643174294,5.2422332506855005,50.28085620748244,119.97518145058775,0.5760399133616131,165.0,1.2
stable,8,0,500.081959072409,1.0016345867789043,-0.46722208064794857,False,True,34.8952615430562,8.950133269659368,50.07686266752423,120.59849512108357,0.31242321583922916,165.0,1.2
stable,8,1,501.9893550361018,1.1929153796204148,-0.048856959511371645,False,True,35.23305921988246,10.945306144598367,50.30886402094367,120.9265546367138,0.4271871338191563,165.0,1.2
stable,8,2,497.91073693415797,1.17645201428817,-0.38175864152478994,False,True,35.03820696741415,1.9597522087785402,50.56764606092401,119.55391153517888,0.3691739699079674,165.0,1.2
stable,8,3,498.49424619359536,1.4468057113587138,-0.9780962718913374,False,True,35.09151761737864,13.007011908415032,50.503336091603174,120.347394185812,0.5453766499049884,165.0,1.2
stable,8,4,502.54502120183395,1.2600094867567049,-0.6967559136703362,False,True,34.9124997221652,4.933084806158414,49.79040754297395,119.44350739092656,0.34751365440505966,165.0,1.2
stable,9,0,499.85580259354504,1.2825464870683534,0.18169488294147507,False,True,35.10043705846619,6.745215190563094,50.564948490149725,120.00224123989263,0.5248598747146204,165.0,1.2
stable,9,1,499.1016682462189,1.361947970024267,1.3447040636530163,False,True,35.20095269166738,9.340405470559666,50.20558775630381,120.54232710211296,0.5538499281731165,165.0,1.2
stable,9,2,499.3677545946218,1.2373894284874387,0.22877387101898944,False,True,35.12473685774084,9.205341699135051,50.56860464502118,118.98694763137641,0.7020483720922805,165.0,1.2
stable,9,3,495.09112013652725,1.3679043278025562,0.5906449671728452,False,True,35.1077153783393,9.903174443264078,49.29023238281634,119.53248451541718,0.3984738737337265,165.0,1.2
stable,9,4,499.58554476633014,1.3461548876888663,-0.3240714145123726,False,True,34.88824361984407,12.389966655621919,49.914269941929334,120.7600494442673,0.4977814905218601,165.0,1.2
stable,10,0,498.60639532959584,1.4773471154108342,-0.10846408438549535,False,True,34.897665335278646,11.15069621521956,49.59712578880304,119.2847045324714,0.5165462050928772,165.0,1.2
stable,10,1,498.0838976183951,1.260054913533934,-0.4226008250449385,False,True,35.07870718994598,9.382280107083272,49.8851607592664,120.30303600947721,0.4766668390367226,165.0,1.2
stable,10,2,501.1274135824098,1.1762808602140837,-0.8142587559467496,False,True,34.95427134991145,6.699775892448561,49.4351543336007,120.90456777344048,0.4875728873150317,165.0,1.2
stable,10,3,493.89497843441814,1.5917297863033308,0.7615074333616733,False,True,35.11118425909603,7.7861452207607735,50.069879532857755,119.69670106022602,0.38954744871356795,165.0,1.2
stable,10,4,500.4763498580257,1.1183045970128394,-0.05161188120539171,False,True,35.012918769937976,5.724049415142381,50.03755608604772,119.47144592083836,0.5032411886535517,165.0,1.2
stable,11,0,501.4139095143166,1.2688472497817436,0.5548830503455371,False,True,35.002402170071015,10.258975243417133,50.27991183077606,121.11352872357817,0.2946846487062201,165.0,1.2
stable,11,1,494.245981054431,1.3238580806932638,-0.06257466921111089,False,True,34.98960091524011,7.292488761031018,49.59127565856198,119.3765088565479,0.5138242066102606,165.0,1.2
stable,11,2,501.45703202386983,1.144596364613605,0.650376330453322,False,True,35.04529521828232,8.701885526062522,50.042214497846764,119.07705706226196,0.43319905280084386,165.0,1.2
stable,11,3,497.3984032610309,1.1783633135933644,1.2108696974810875,False,True,34.95834270246908,16.125563864055266,49.694670771307365,120.16189545265392,0.4319014018531917,165.0,1.2
stable,11,4,497.5072021033648,1.3882454103430466,0.5697098161700084,False,True,35.18664508081382,7.119798437254389,50.38093401572868,121.01015644418553,0.5047368472912814,165.0,1.2
stable,12,0,496.757603647081,1.2166239160843662,-0.03508202224941359,False,True,34.81257727135081,7.333590029484511,49.921248010362824,119.3923727149023,0.5173757760510542,165.0,1.2
stable,12,1,508.921205187026,1.4128628045739782,-0.3883165089421073,False,True,35.199043792634015,9.772813242285793,50.27160634579439,119.25766910501314,0.37185359481527347,165.0,1.2
stable,12,2,507.06582633561965,1.437201441117148,-0.24565334445965142,False,True,34.967147122296204,10.257698854635036,50.09022922361765,119.65441146684181,0.5733421770900784,165.0,1.2
stable,12,3,498.91655985921176,1.1725719710038176,0.06672712459488075,False,True,35.10541085322473,11.972035086362224,50.205708335809206,120.95810647477049,0.5214563416291023,165.0,1.2
stable,12,4,498.39753196077277,1.1305241208944,0.1758198491598249,False,True,34.872511625372994,9.457738676340428,49.503199176468044,119.08239265537438,0.34289426364934544,165.0,1.2
stable,13,0,500.23585029093175,1.2033808587914399,-0.8117479728907807,False,True,35.11197523952525,5.612097768070272,49.94228125897639,121.99643401462227,0.5108998615281088,165.0,1.2
stable,13,1,503.319498709148,1.271480187267326,0.5325457505339232,False,True,35.13986871050858,7.471695767509809,49.50013819726589,120.5665597300825,0.6022899514897521,165.0,1.2
stable,13,2,497.33061137050623,1.2453599195488316,0.13750438385195501,False,True,35.03999215141867,7.490519312568994,49.45141773877365,119.25859688269843,0.5474976204666413,165.0,1.2
stable,13,3,498.29362452265485,1.6004270722593101,0.11775012936925322,False,True,34.87534714906443,11.212554561965218,50.0577285908323,121.5253324359699,0.5918571318980252,165.0,1.2
stable,13,4,496.6744612496682,1.1123725472787644,0.17948061113270677,False,True,35.201252419786506,6.065190764673766,49.57577563706775,119.90125673558809,0.317978730072617,165.0,1.2
stable,14,0,506.3555062062606,1.1731531383514575,1.6396381779367206,False,True,35.22695760698009,10.444814671170398,50.05699392471598,121.74490881184411,0.3847074646740236,165.0,1.2
stable,14,1,496.16810897855663,1.2712527468902903,1.010487817146699,False,True,34.78616759761678,8.062386250759063,49.767619370912215,119.9495027768028,0.39320904635251086,165.0,1.2
stable,14,2,503.96627304099354,1.4605432428690188,0.2536759149325585,False,True,34.785091153959456,13.971494928313273,49.72183801221725,121.1423216475795,0.7171437264699138,165.0,1.2
stable,14,3,501.8987262409621,1.4094635816368544,0.14054590272318027,False,True,34.95273662413172,13.863010266424304,50.19421539317608,120.73546353962406,0.6253372903129969,165.0,1.2
stable,14,4,502.7477489456357,1.237039458962681,-0.7111716817719704,False,True,35.015628598258864,11.619471957668964,49.9205855425373,119.0677033368425,0.5036618521837418,165.0,1.2
stable,15,0,503.09046907522645,1.2314874789608854,0.05173337742747925,False,True,35.02729222252977,7.887814588469776,50.11118995130211,120.30177532951788,0.5816766151661638,165.0,1.2
stable,15,1,497.230889417438,1.2382724881468998,-0.6994659482589408,False,True,35.04486631417148,7.207051108579212,49.735153340191,119.53494011041154,0.6973445075645612,165.0,1.2
stable,15,2,500.18276852120556,1.3203423300584594,-0.0242024383907224,False,True,34.947333580214455,5.3685721746416935,50.461342156018794,120.22192585138197,0.494839386371773,165.0,1.2
stable,15,3,502.8215938571589,1.2438990055250452,-0.40184500712386034,False,True,35.02881680777138,6.807874446768279,50.087937484889856,121.09490301355466,0.3805141567442184,165.0,1.2
stable,15,4,501.3533429507832,1.3378053338412013,-0.5524621365744513,False,True,34.71104685927355,5.267407614044912,50.51228296910935,120.70733772589112,0.36168260896852245,165.0,1.2
stable,16,0,495.7417457673332,1.2119147479647434,0.34422582675219654,False,True,35.05695689251972,8.431963659948984,49.76849843367244,118.73415613942855,0.3141244428943094,165.0,1.2
stable,16,1,498.75408286222586,1.2522513643075999,-0.1716985297927525,False,True,34.73115370840375,4.781174836974836,49.602071440223085,120.35651587748997,0.5726283197908765,165.0,1.2
stable,16,2,505.6333649884809,1.377835768152167,-0.2995073379772351,False,True,35.07466654636866,7.496692389537456,50.02512970917349,120.74365632756995,0.31885365126829956,165.0,1.2
stable,16,3,496.56972830545106,1.4583818383880738,0.3618536669178228,False,True,34.90561928064105,8.113108035453864,50.49397304123723,121.07893545330046,0.5920974207121077,165.0,1.2
stable,16,4,501.0876667972711,1.4574715609421705,0.450519170131662,False,True,35.12652224347822,8.432178582946388,49.91692978523499,120.5170482321892,0.6010185922923383,165.0,1.2
stable,17,0,497.06736523323065,1.3328973447775734,-0.6382634263480659,False,True,34.96630740633022,3.7460334803821196,50.307635886592614,119.62352210274148,0.4227505266878941,165.0,1.2
stable,17,1,498.95285828327684,1.2526395517648052,0.6604017575250342,False,True,34.87960987268476,7.275837210370179,50.18036230612778,119.17266186922443,0.6422963710108718,165.0,1.2
stable,17,2,501.55917603791573,1.1952509940041582,0.214077760351513,False,True,34.64911423134063,10.994524927866046,49.986881689083845,119.69390129862867,0.5007319728649307,165.0,1.2
stable,17,3,503.68001734308086,1.2991052675905226,-0.5355730671646862,False,True,35.22829859676765,5.988303534124276,49.85357357678723,119.97210900330654,0.5731142373216281,165.0,1.2
stable,17,4,498.31667342529505,1.2758631239557876,-0.5697528271609354,False,True,34.81613474180436,6.67243544518195,49.94566974412584,119.57980747803785,0.4630912604334619,165.0,1.2
stable,18,0,494.2142666955245,1.4361824428735261,-0.4122051620890917,False,True,34.951609533003165,7.1591031593276675,49.444015628894014,119.97266974163799,0.5107037504463076,165.0,1.2
stable,18,1,499.8155175700307,1.2419034880588102,-0.7867452347470707,False,True,34.83889404988701,8.366164598335326,49.21640030677778,119.89674799891783,0.612489161217295,165.0,1.2
stable,18,2,497.36568548888795,1.127667092219996,-0.1480863038231481,False,True,34.84666433220141,5.03869034060888,50.27497287826082,122.42496381476845,0.2946496845439455,165.0,1.2
stable,18,3,502.7391673374795,1.3214013221066352,0.7912439558320993,False,True,35.04328598115705,8.14396908078562,50.071091017192316,118.85672442432731,0.5104584831598459,165.0,1.2
stable,18,4,498.9228020989195,1.483194698174856,-0.8506157620012478,False,True,34.9686832791723,10.863715043633235,49.58323988026437,120.04810786612829,0.4798646613033833,165.0,1.2
stable,19,0,494.1395917389439,1.4577357329248848,-0.03325594179887301,False,True,35.05123115476327,9.656069461606764,50.229933784462936,120.54570125363631,0.5295863901601701,165.0,1.2
stable,19,1,495.89036989893253,1.2757186415652886,-0.8505366128930412,False,True,35.07875590805664,8.837568763421473,49.188356646486966,120.37764590314657,0.32011604425290374,165.0,1.2
stable,19,2,498.2575645093687,1.1503318311914563,0.17564711892846943,False,True,35.01861534486074,6.987625652081525,49.56227388208006,120.35964143532829,0.618831036140713,165.0,1.2
stable,19,3,500.1729545917984,1.388654909510187,1.2979051628505012,False,True,35.02671294591388,7.744043519293558,49.70022950549949,120.43441838575818,0.6285050082421357,165.0,1.2
stable,19,4,504.47802053757766,1.1313306965156666,0.07652512208595443,False,True,35.18932213444704,10.740221334976358,50.036555114032815,121.31379818423669,0.49036485922199086,165.0,1.2
stable,20,0,503.5039814919249,1.4753427156783916,-0.3251865516504577,False,True,35.125676357447304,9.395864722462575,49.788582772549866,121.56460967730577,0.38686180642136186,165.0,1.2
stable,20,1,504.62446749140616,1.3200943834176824,-0.06641132816806194,False,True,35.170328737806166,10.447265819840458,49.8116991252279,120.6620240941636,0.5319222610890936,165.0,1.2
stable,20,2,502.51611174934715,1.438558152155538,-0.4956207630614717,False,True,35.12268731337635,7.558132919623514,49.62195337375276,120.01628710500422,0.4923490566824022,165.0,1.2
stable,20,3,497.0632548779074,1.1670566297448342,-0.28074022944147164,False,True,34.80652424869585,12.316258531549241,49.72997445902513,119.70109232757672,0.5081837505436873,165.0,1.2
stable,20,4,499.3484719259691,1.239326643661433,-0.3890205810639334,False,True,34.96953065947816,9.151017092703842,50.19554142127625,118.92794420161745,0.5902914612881719,165.0,1.2
stable,21,0,503.9792773112671,1.5958926478780708,-0.1410951489585812,False,True,34.998465888100775,12.007201000423093,49.88555386405275,119.40283648809121,0.4425431441538576,165.0,1.2
stable,21,1,502.0610430848222,1.26457839854999,0.2935000601781907,False,True,34.876266789964546,4.608663415276625,49.63140036799736,119.47743404811574,0.5266475957709822,165.0,1.2
stable,21,2,504.44988943057064,1.2752288978452537,-0.13521778114025654,False,True,35.20484125390872,4.866348964589645,50.16885464741971,120.29446991516436,0.5291767896010208,165.0,1.2
stable,21,3,497.346249464945,1.5071664735891264,0.6864830286526206,False,True,34.774626267016984,11.761351446667266,49.84279799417363,120.80315017904775,0.36289425035624134,165.0,1.2
stable,21,4,496.38162850752417,1.308998474892335,0.12576698356136204,False,True,34.87924425999909,10.710491332322563,49.97075496153882,120.9034145171892,0.7474862837073055,165.0,1.2
stable,22,0,502.7032043368943,1.2591465703401554,0.3736290241636058,False,True,35.16595470680977,2.9911917549969447,49.5967850909288,119.49556229315444,0.6849024661945046,165.0,1.2
stable,22,1,501.6784799591257,1.3524493925013854,-0.5604838070639165,False,True,35.177906329201015,12.71517766285779,50.206501462175815,120.27004488048323,0.7187239876983365,165.0,1.2
stable,22,2,505.3373293154784,1.3913287252378543,-0.44090955349690775,False,True,34.900518096904726,13.341058032564186,49.65727343990637,119.84008886521751,0.6088822440862481,165.0,1.2
stable,22,3,500.68481930992414,1.3334229356558485,-0.6359321411174018,False,True,35.153361222657374,9.757904680725215,50.33474867677744,120.6199666096694,0.41086015112183283,165.0,1.2
stable,22,4,498.9709744487364,1.3612514932217896,-0.20084571888797534,False,True,34.97021672748417,4.310654034970581,49.98313578698203,120.87769679007724,0.5043278771077068,165.0,1.2
stable,23,0,494.7566777318391,1.3576916405523511,0.10625735326345291,False,True,35.0268282022922,7.501847174800337,49.512609590248566,120.04123761115954,0.44608041513208013,165.0,1.2
stable,23,1,502.7070122958381,1.1007047182285525,-0.6891061884067918,False,True,35.16508700369207,4.760851251153399,50.33931190302552,120.69075177549888,0.5231455576568391,165.0,1.2
stable,23,2,497.26390430214224,1.5059120189992912,0.01658340077839554,False,True,35.212382758673044,9.479772834851032,49.74254799200364,120.21654668134752,0.5033356711487693,165.0,1.2
stable,23,3,501.54238091225216,1.4749317418837529,0.5954137976284717,False,True,35.20022332022074,6.668314737102534,49.41468924852618,119.51642989352875,0.5615670770188617,165.0,1.2
stable,23,4,499.3724443890029,1.2537470867211122,1.0798515289280999,False,True,35.10428292268258,9.763832289146523,50.14600271257054,120.99526503630426,0.9306420953797132,165.0,1.2
stable,24,0,502.62653065838145,1.2956041677587151,-0.6529545466921255,False,True,34.9636573735984,8.38435011565014,50.34021113733767,119.3788110324456,0.47065681538310306,165.0,1.2
stable,24,1,494.807479574144,1.4060524877746121,-0.8129997041191673,False,True,34.98772671620274,5.619374939502636,49.7086719091315,120.77053580162338,0.6554370376421256,165.0,1.2
stable,24,2,500.81290703789415,1.5176396545150175,0.5321917670536266,False,True,34.92345291547094,6.108995914848491,49.831926070446976,118.83920289896236,0.5126058339922839,165.0,1.2
stable,24,3,502.13095702443985,1.2493292245057699,-0.22830808216687,False,True,35.01334149635284,8.33071115539321,50.03826241072746,120.25125503316322,0.49594013333288506,165.0,1.2
stable,24,4,496.3797101931516,1.3248253317316894,-0.34843215236923347,False,True,34.89333425467325,7.894900661488186,49.69316849239182,120.6867301882786,0.5923547687285704,165.0,1.2
stable,25,0,497.2571728898515,1.2247013191828027,-0.17494350076230333,False,True,34.910867799017005,7.085880011539755,49.84626994758224,120.46408233361595,0.6237925210133441,165.0,1.2
stable,25,1,499.43084141690986,1.2415880617332549,-0.3300174230448066,False,True,34.92801215517518,6.384363073315666,50.173570729706015,119.68212768588945,0.549474177627303,165.0,1.2
stable,25,2,492.81115292380247,1.2934339463200508,0.4965226211841095,False,True,35.05546111774449,8.67870799755864,50.331392816996136,120.94254294953934,0.49989442880251894,165.0,1.2
stable,25,3,501.4481160018512,1.2809327668393324,-1.323262133677521,False,True,34.976682223016844,10.095725896622133,50.10218681214408,121.30171279423361,0.19528760058247147,165.0,1.2
stable,25,4,496.3254370330535,1.2656432532695263,0.6326092861562369,False,True,35.027678673852805,7.963747493644045,49.61796326168108,119.57937728776156,0.6207720365231117,165.0,1.2
stable,26,0,497.0557507493646,1.3184152581265947,0.3363338693619831,False,True,35.056188941608184,7.493709391793378,50.27890518118963,119.76471792308172,0.43613998477891347,165.0,1.2
stable,26,1,499.38272018145426,1.1913468109955465,0.018104478423812617,False,True,34.96498292005192,10.896406918084786,49.82148907881827,120.56552457325994,0.3922204588894864,165.0,1.2
stable,26,2,498.72081615463986,1.3784927064731693,-1.0562724555867944,False,True,35.181546727012986,10.29636326008855,49.709369283000825,120.20937373414854,0.5346857658552445,165.0,1.2
stable,26,3,499.3036837683591,1.2555870576538066,1.1451164341615498,False,True,34.87044410875625,8.981182160609977,50.15819838273168,120.02705368975934,0.20372514923226093,165.0,1.2
stable,26,4,499.74288230828677,1.3833916819348924,-0.8415846996158496,False,True,34.85151201195319,1.7214921763184492,50.22816018103579,118.38927876766738,0.4291620028663603,165.0,1.2
stable,27,0,504.56040977966705,1.3726997315861003,0.8355416221461968,False,True,34.86507839941069,12.115138612603882,49.96291192399504,119.89693645290917,0.5368315496737973,165.0,1.2
stable,27,1,500.27761623101384,1.5207857151873254,-0.6542279186182194,False,True,35.08544295905799,8.075295826353434,50.15461420255695,120.81538231241983,0.48560970305934104,165.0,1.2
stable,27,2,506.98370525798924,1.5470502161650734,0.9634394890419706,False,True,35.177328829889284,3.0839896567819043,50.16153678411379,119.78847869856999,0.5331202648477035,165.0,1.2
stable,27,3,505.03413212069296,1.1205638289623459,0.328810438453713,False,True,35.372068929148725,10.278487924516963,49.91192502921842,119.69847699534718,0.34380527643348335,165.0,1.2
stable,27,4,499.9399129172239,1.335623546496253,-0.40328109396546247,False,True,35.17529249355253,6.906589392931028,49.6912463730962,118.1218012430422,0.54275031950356,165.0,1.2
stable,28,0,499.4086561168549,1.4850587140455163,-1.2763147751304063,False,True,34.9353259026409,9.279193662352867,49.61370639930893,121.75830415521317,0.6807271107474775,165.0,1.2
stable,28,1,498.9519488250058,1.158771647659349,-0.8096293843617302,False,True,34.9622033426728,8.89588097883194,49.873935465375745,119.5668055711465,0.49726637836646603,165.0,1.2
stable,28,2,499.72562930126173,1.2696038958009996,0.12259350126189027,False,True,35.00297309426464,8.356100882980332,49.9727633987043,120.49320696019886,0.605915015075095,165.0,1.2
stable,28,3,500.7851733729322,1.3790749975257381,-0.31079232909203264,False,True,34.855814543761234,9.799597743700948,50.447597783784175,117.73289464585964,0.4267262808500476,165.0,1.2
stable,28,4,503.6816906088976,1.3304950053264684,-0.49211878251707725,False,True,35.02850031350248,4.459443981865632,49.946162840471516,119.82386097839276,0.562332084188087,165.0,1.2
stable,29,0,501.8611403460498,1.1202124511416296,-0.6367238889497377,False,True,35.128958794328085,9.750761253089873,49.90031371086375,119.99237022531311,0.3199373471355371,165.0,1.2
stable,29,1,502.89107267603765,1.2984680235609742,0.16245928718995326,False,True,34.628234291001284,9.558579135570314,50.4623461477873,120.19976772623632,0.6831029776076336,165.0,1.2
stable,29,2,495.48196297991024,1.2804478314697794,-0.8091551113668106,False,True,34.912930509737805,2.95722431057212,49.85734472501892,120.55793568153014,0.6695181502625214,165.0,1.2
stable,29,3,501.7199388835622,1.3124519758609872,0.5694259576766905,False,True,34.772070845018845,5.512203937306328,49.85733123967854,119.07584697579611,0.4620736755141607,165.0,1.2
stable,29,4,501.40811726441615,1.3334147966813767,-0.3247425047544401,False,True,35.09601908236694,8.620215453590395,50.27992150671865,121.73576948658493,0.47692765345374105,165.0,1.2
stable,30,0,493.9594544653027,1.3213713427932445,1.0758110466128765,False,True,35.09426564732358,10.636726878962957,50.338548168878624,119.26584039395078,0.4077156386635931,165.0,1.2
stable,30,1,500.40659255999714,1.1523577962125828,0.04998518114928979,False,True,35.15065198806898,9.47229057427156,49.91656325862898,120.83482692024602,0.5367142476294884,165.0,1.2
stable,30,2,496.34347433908454,1.5590413065853732,-0.7280230397728659,False,True,35.21897632658655,4.880944755776426,50.0491727418964,121.56197252152347,0.5114057573102012,165.0,1.2
stable,30,3,498.4074564551071,1.352864814554469,0.24789162748359234,False,True,34.99335614091995,4.0317230402851845,49.8732989950813,120.31984132103298,0.578467484707394,165.0,1.2
stable,30,4,500.7698338134567,1.5241547808044367,0.9953974855084703,False,True,35.00326578930397,7.29410703352521,49.85549839038504,119.0459109003734,0.48905757522573673,165.0,1.2
stable,31,0,498.5445620143488,1.2940782563941018,0.40197352012088167,False,True,35.23751806705081,6.433410496447511,49.62438593142385,119.03212232817864,0.6852272417928039,165.0,1.2
stable,31,1,497.617089644217,1.473503653414015,0.4258507489227986,False,True,34.950594687472055,2.349943197595838,50.18645300525065,119.09765844850388,0.4193014576584836,165.0,1.2
stable,31,2,503.4714411412474,1.5598108144750467,0.1285837720642319,False,True,34.86445785734889,5.3310883521732215,50.18109009314513,119.69198200497523,0.5391697309290918,165.0,1.2
stable,31,3,499.5457396053846,1.4387205934390999,-0.2571199769150611,False,True,34.926372005718164,8.730599529260532,50.13353157633816,119.54966358238016,0.3752077804207293,165.0,1.2
stable,31,4,498.75239001107957,1.318328797131182,-0.5775043032882162,False,True,35.16761390428515,10.84914402478638,50.232552676232096,120.35333689251532,0.6680570467485406,165.0,1.2
stable,32,0,501.5207165820919,1.399364193153059,0.08753238497798557,False,True,35.018760693852236,6.121813830660703,50.37561442882492,120.3726353151784,0.6469514656586988,165.0,1.2
stable,32,1,499.4002283455358,1.274896458700998,0.667929592615007,False,True,34.86591339733009,8.269369320672038,50.263349150075925,120.0564009731205,0.42491105446429117,165.0,1.2
stable,32,2,494.0031151610386,1.0600513603234663,-0.5272968168696601,False,True,34.857261266907216,7.951934184974449,49.63252587542361,120.49982199710803,0.5417632966338944,165.0,1.2
stable,32,3,495.596923531068,1.2885036595666641,0.5398790385781734,False,True,35.138670116658474,8.429647724832428,50.33061857925268,118.66670811036548,0.43517578784812716,165.0,1.2
stable,32,4,495.0166868401162,1.2961405351735822,0.595116433425446,False,True,35.00651264466278,4.83633661098727,50.461944154259996,121.71304559298919,0.4386338471042558,165.0,1.2
stable,33,0,496.5291901781977,1.4942811411850627,0.21680975196141747,False,True,35.05749065142864,4.812252876441878,50.17719859387301,121.00786129301686,0.4329053981816224,165.0,1.2
stable,33,1,498.72327677067517,1.3193288139361774,0.014117277821939118,False,True,35.09129317544262,11.726613664033454,50.38653559229763,119.38429584335542,0.33063444229530087,165.0,1.2
stable,33,2,500.954828379908,1.4752340156097619,0.15609640281842072,False,True,35.197877521423486,6.561897167727927,49.986561041761476,120.39422679103308,0.4408350734408382,165.0,1.2
stable,33,3,498.5954804341058,1.267880928265051,-0.6506184812194591,False,True,35.16739587545755,6.635980322280523,50.65036611477711,121.26520992877401,0.5396984024110273,165.0,1.2
stable,33,4,497.76021618210575,1.424655019308026,-0.8531020635721085,False,True,34.927582618925584,8.392603333751989,50.06254105808309,119.44043999114086,0.3979400861945448,165.0,1.2
stable,34,0,499.5008114469054,1.3561554675147873,-0.619204292237059,False,True,35.09323327384065,12.983242875772287,49.9979154707668,120.10970794219033,0.7130918199482598,165.0,1.2
stable,34,1,495.21130544930134,1.327959058737409,0.7453831905240494,False,True,34.97214979461497,11.048510923393035,49.85309724503062,120.13584115930927,0.613475040767097,165.0,1.2
stable,34,2,495.46230141742427,1.2870086562945018,-0.8486436528241393,False,True,35.13880552924273,7.411251311413686,49.77939558378347,120.53001417347309,0.34552476308784597,165.0,1.2
stable,34,3,499.1840499656735,1.1905006171875625,-0.27253211852977904,False,True,35.014009582169464,13.080287869198099,49.74891262972532,120.43602994211135,0.3346113707901789,165.0,1.2
stable,34,4,504.2150712832201,1.4005417392651256,0.549855935440445,False,True,35.05992826925504,7.481386802045599,49.82810167390762,118.96890823107034,0.370348771746702,165.0,1.2
stable,35,0,500.8464648254513,1.4138342477847368,0.9454401333734634,False,True,35.14911867181065,4.9060428973015835,50.43820880239882,119.83392836154056,0.4393189822154296,165.0,1.2
stable,35,1,506.746852362044,1.400151006841476,0.09831078779412866,False,True,34.94848675790106,7.715299825265245,50.11467746596842,121.7991533054759,0.6321718184019963,165.0,1.2
stable,35,2,500.81686557721457,1.3097339782477802,0.3545439378262187,False,True,34.96813751881806,5.495878027235417,50.18280209892593,119.29196845451398,0.4582289852883254,165.0,1.2
stable,35,3,503.0495698324388,1.2003034730584998,0.9010200881602126,False,True,35.07934013366436,4.853701336717517,49.69730844503304,120.3223973427015,0.6563644537201723,165.0,1.2
stable,35,4,495.76786757062206,1.2609497520363355,-0.4118611531700718,False,True,35.31373721729541,4.189922537020218,49.24025470046959,121.9011722620501,0.3840200469856446,165.0,1.2
stable,36,0,505.1537847863646,1.488493965748962,0.966967904407698,False,True,34.928453519035585,9.496631650918976,50.04687792565484,118.8104397471651,0.6225319798936793,165.0,1.2
stable,36,1,501.5034352696275,1.2296774226674463,1.0441586012239514,False,True,34.955441805283634,13.330178716959406,50.06041651762607,119.73051382343334,0.4459228655324394,165.0,1.2
stable,36,2,497.37326485553086,1.541443752608125,-0.40419386003649876,False,True,35.090138795304576,4.442219733828653,49.94468994044528,119.01033364103526,0.4963155246548966,165.0,1.2
stable,36,3,495.5693216691659,1.2250135838732197,0.0194003860081578,False,True,35.06892333265615,12.03407666166622,50.41855673140525,119.13466877701268,0.2713634370605389,165.0,1.2
stable,36,4,508.3389042555618,1.215878205996684,0.020294690310742387,False,True,35.03258737022791,2.329794092333305,50.198542176334556,118.61373083804428,0.3636537821118755,165.0,1.2
stable,37,0,495.7806943974572,1.3740964806992122,-0.5957397244902402,False,True,34.95290528229837,6.03377739878011,50.396389465213645,118.24227188393075,0.5050488793517541,165.0,1.2
stable,37,1,498.29729520200164,1.2596843861259117,0.5380855416268688,False,True,35.138670457279844,10.149561964886946,50.30135922581482,121.12347032488856,0.4254352443265458,165.0,1.2
stable,37,2,497.7374938425355,1.1687069014628462,-0.6930971988689658,False,True,34.87418872835904,5.6738845717482045,49.95477126889764,119.24293679308671,0.5545159053300388,165.0,1.2
stable,37,3,500.6598600544185,1.3174903953950787,0.931189742520887,False,True,35.1962637256588,7.221646794451525,49.98603768161881,120.01571833612707,0.6341157140004049,165.0,1.2
stable,37,4,495.49611439130587,1.3154899040928512,0.8340739271093484,False,True,34.835601937183334,6.638697561892785,50.11735826355686,119.5025782060307,0.4618728652441746,165.0,1.2
stable,38,0,506.12747685739015,1.4246977936397434,-0.20908283018365126,False,True,35.224181682321785,8.502440455459054,50.54581249226465,119.28711738312929,0.3522661563440366,165.0,1.2
stable,38,1,496.970504172938,1.4220575938362756,0.3399190852724891,False,True,35.07296944685343,8.436187900703167,50.18137393244557,120.82974294688442,0.49043458424844527,165.0,1.2
stable,38,2,491.57468566771496,1.432906652053388,0.10585044702542785,False,True,35.194093157637944,3.9664219560822174,49.57406203121895,119.41919794187353,0.4321140161252047,165.0,1.2
stable,38,3,503.77281152534914,1.1201191247046225,-0.18227624393801337,False,True,35.0500733814226,7.778830305646298,50.294893568796084,120.22033585734106,0.4318178881563632,165.0,1.2
stable,38,4,499.57247941792235,1.3069500792024444,-0.16441140262020168,False,True,35.21631830548221,8.745537225181543,49.81211494264077,120.13258694735003,0.40385225221274784,165.0,1.2
stable,39,0,499.8186785420329,1.206508600009015,0.536034665572607,False,True,35.19439703757507,8.641099948583973,50.240674671064774,120.25845543934547,0.469562214410621,165.0,1.2
stable,39,1,499.13666635272824,1.2142313793855113,-0.7714827507171449,False,True,35.09903616923805,3.3161116306740137,50.044305559358754,118.44952814009291,0.550201107484099,165.0,1.2
stable,39,2,495.3691037915742,1.141912834820472,0.1182931873415886,False,True,34.993098263415206,2.766965887129209,49.80922873885988,120.43542214257405,0.23199290346654877,165.0,1.2
stable,39,3,501.7665423307151,1.4437230899627864,-0.4616468591351293,False,True,35.087931977014385,1.1461602399359636,50.67394378389447,118.68741861615243,0.45620297840940965,165.0,1.2
stable,39,4,501.14726813417894,1.1791255227940367,0.7017324856529844,False,True,34.99368320730744,7.745035942124093,50.42231959740901,119.93372054865584,0.6665371400407331,165.0,1.2
stable,40,0,499.5834247896751,1.4921651142041805,-0.05428763747346721,False,True,35.215074264608255,3.279051203238277,49.495166248638654,120.13530952139976,0.43160746917386816,165.0,1.2
stable,40,1,499.2538303481967,1.342899361149531,-0.013820989554417271,False,True,34.81886421488445,10.925449580973716,50.06462713362749,119.2403387149935,0.308311969442836,165.0,1.2
stable,40,2,496.638204412822,1.285651204191129,0.9432024265360418,False,True,34.83622326818556,11.171990981088127,49.40041267546499,121.7669080270589,0.6446164055236479,165.0,1.2
stable,40,3,501.2433532469292,1.393884433303867,-0.22196636838694014,False,True,34.877161085739786,3.4679136149102137,49.96587104759162,119.95255585636824,0.6411316391551646,165.0,1.2
stable,40,4,496.7441934643694,1.1234934756467196,-0.9005169811413327,False,True,35.290344665262246,13.23226763396634,50.31015160422612,120.07121567021304,0.3118369828119475,165.0,1.2
stable,41,0,501.73121970504684,1.3569935681921854,0.266270375525393,False,True,35.107136654481074,7.9109968655998895,49.97886362039682,118.49826765906452,0.28091134343502366,165.0,1.2
stable,41,1,499.26751709493783,1.3360559310559557,-0.5968273185756935,False,True,35.08884914106146,9.428893282906083,49.770398383614825,121.63446207523087,0.32593340845054,165.0,1.2
stable,41,2,501.5666527716545,1.4220343096151178,0.35967904769875786,False,True,35.12582725350045,9.901450416243632,50.01556624766911,120.42280831094415,0.580835915522575,165.0,1.2
stable,41,3,500.00605983017584,1.3427611016970291,-0.2566396906682271,False,True,35.0696502150391,11.014300389804454,49.71115300526969,119.44321083405403,0.478209735576735,165.0,1.2
stable,41,4,495.5809003580774,1.25179912156219,0.14110200405596596,False,True,35.11987123763787,3.8987816967287605,49.96442804341247,118.60842379948258,0.5847593871080986,165.0,1.2
stable,42,0,497.06420689124826,1.2885379799828913,0.6742132152739101,False,True,34.99515021926046,5.447306583695212,50.33692202709178,120.782507580873,0.510558848500399,165.0,1.2
stable,42,1,502.1042730997209,1.4906648550054833,1.4159317538350438,False,True,34.909347257774456,3.157837582643266,50.31496249337538,119.82055789380881,0.357581422430205,165.0,1.2
stable,42,2,498.74168800073323,1.287056731134544,0.15425071647971825,False,True,34.9435663296023,6.95609491090171,49.83307040217235,119.71567581869374,0.4847058990846536,165.0,1.2
stable,42,3,499.331068214277,1.2528188337787647,-0.02050327523790927,False,True,35.04475961160583,9.4746248025461,50.13813291649851,120.55350715389898,0.6120867164032132,165.0,1.2
stable,42,4,493.5129296687623,1.3454092063129521,-0.553760947310499,False,True,34.7993798323143,6.202531373227901,49.964302059687995,120.52930980515768,0.5542847885785783,165.0,1.2
stable,43,0,498.5562192657802,1.4682099335518097,-0.5930247334852008,False,True,35.15280272995226,10.851799219889264,50.58869804406241,120.49322930869461,0.6715751528845366,165.0,1.2
stable,43,1,500.7953928887494,1.1128970989559157,0.22959910289649096,False,True,34.943191706896584,2.248973740276493,49.73682058197458,121.30124313720246,0.5795345370815612,165.0,1.2
stable,43,2,496.9821413641603,1.2539544252056651,0.595551236435513,False,True,35.04210562965525,9.490835085146701,49.85286171745187,119.87386327520589,0.6223505957838762,165.0,1.2
stable,43,3,499.8770015906797,1.3543666937448182,0.09719194511344144,False,True,35.23387855658423,7.576223691008892,50.26997452141406,120.43760653653122,0.5779345953875971,165.0,1.2
stable,43,4,499.94090901697274,1.3378819219520643,-0.3217751393375084,False,True,34.96191131642524,4.306776073492479,49.75365789128611,118.01594471963303,0.49782684830727814,165.0,1.2
stable,44,0,507.45607605606756,1.2507497990218006,-0.2809293561325783,False,True,35.103976489750764,8.785934364607455,50.028154773622184,121.22421921173225,0.2721029258503517,165.0,1.2
stable,44,1,502.10764785190906,1.5801065382142487,-0.45365485688943014,False,True,34.763253251357085,3.477662376908481,50.221339845054764,121.03272323173185,0.5104840710240606,165.0,1.2
stable,44,2,498.62621101974474,1.2705399191619304,-0.6173348239976576,False,True,35.0204616761358,1.7233665525314699,50.13384921438113,121.19061904752883,0.5639841802036119,165.0,1.2
stable,44,3,502.2964016582831,1.062466845115654,-0.22915013270674775,False,True,34.895502654569604,5.211156646190259,49.861693008099365,121.62892215230758,0.45049506835109143,165.0,1.2
stable,44,4,499.48881177282067,1.4027430794983715,-0.2118537209490066,False,True,34.88265674056077,2.058633859938774,50.24755146644836,119.42033257903317,0.5142136032781366,165.0,1.2
stable,45,0,503.02914355425435,1.2755685641761845,0.07937418415177887,False,True,34.941342595654596,3.438006338793418,49.631443902696226,120.51734838867387,0.41056873027625884,165.0,1.2
stable,45,1,499.1858520591337,1.276049507503686,0.4403786244858893,False,True,34.85875902782047,8.68321219199121,50.73030927864286,120.50401367948463,0.7213000513866582,165.0,1.2
stable,45,2,497.7836118450174,1.4291997620450156,0.34281204287611255,False,True,34.971780866704265,11.07935866899336,49.404835810604666,120.18769801119915,0.3452254327768587,165.0,1.2
stable,45,3,501.73947480661576,1.417909783694275,-0.5517978765411576,False,True,35.12818990654878,9.134191842016744,50.03187535711462,120.16828503011332,0.5221434222015491,165.0,1.2
stable,45,4,500.643868061964,1.196545352023345,1.3440641481106346,False,True,35.22543085587968,0.672557631418373,50.057813262551754,120.29663977106222,0.3930599403820134,165.0,1.2
stable,46,0,503.72879588119815,1.4851509222842512,-0.22429403026396136,False,True,35.184399434592365,8.11161738969473,50.0578412187555,119.14772210720649,0.4477790520557218,165.0,1.2
stable,46,1,497.515327757959,1.3505223905339414,0.433750228058179,False,True,35.04600746409917,5.4285505357242805,50.34991958402644,120.43897855032957,0.4833359872167332,165.0,1.2
stable,46,2,497.68986592672474,1.4343563401778954,0.044567136191369934,False,True,35.047042729239166,11.108416568418317,50.10622445784644,121.28343411488854,0.405569472979317,165.0,1.2
stable,46,3,500.0784314656371,1.4542880747412,0.764030189762947,False,True,34.80351620607286,6.7205623440015945,50.51728347984515,118.26679278801019,0.5537159998242331,165.0,1.2
stable,46,4,500.14559658771515,1.3222354951122797,-0.3751925854319281,False,True,35.40874726158816,10.753686537075785,50.00533190332461,119.5002107006564,0.5378923748183818,165.0,1.2
stable,47,0,494.1001367029262,1.3090407199656215,-0.05880119748512372,False,True,35.15706720319352,3.0660035252144224,49.77669545859891,120.37786376155117,0.42348238829238966,165.0,1.2
stable,47,1,495.1660865357254,1.396880205237844,-0.3776938404620584,False,True,34.939458847608584,8.305346630594483,49.891794983985356,119.40369948770349,0.8364327899572421,165.0,1.2
stable,47,2,498.88761753116523,1.2751996601970517,-0.061704627442128346,False,True,34.988502894712724,8.40324920513768,50.45344114641449,120.83881154457534,0.6919632480264388,165.0,1.2
stable,47,3,503.9397754274264,1.2434651919916007,0.391229046666398,False,True,34.93947112853228,13.848265066478985,49.95526343949371,120.35794233662754,0.5256136285775413,165.0,1.2
stable,47,4,506.0726449728642,1.4568078336006427,-0.2206573057508844,False,True,34.944653871631154,6.086508576321782,49.688106259860035,121.12620747574792,0.5689498631720339,165.0,1.2
stable,48,0,498.1204255551696,1.55271822028317,1.1365042361985025,False,True,35.03298277577952,14.758928786060894,50.391730975260316,119.9009742553833,0.7633704061133681,165.0,1.2
stable,48,1,498.14659385098344,1.2710980364800586,-0.9867762778137534,False,True,34.99781010828359,12.09245737890041,50.28359284802856,118.94184524564022,0.503652849417133,165.0,1.2
stable,48,2,497.23553848993083,1.3203972789882086,0.67062668969638,False,True,35.02059150750462,8.106647067884165,49.690278344485385,121.61647465310187,0.34588491071486277,165.0,1.2
stable,48,3,503.87794272610967,1.1997176642860488,-0.5687103140647822,False,True,35.309681660444134,3.2075155478888036,50.05050729235445,121.62664661612568,0.6468223391320999,165.0,1.2
stable,48,4,498.2608454643545,1.3587535290943433,0.43230641487528665,False,True,35.1146209485936,9.35638909239834,50.118597628198444,120.39829380015057,0.5098500886621181,165.0,1.2
stable,49,0,498.15962308912714,1.3004930118810625,-1.9282724354207215,False,True,35.097208114378866,6.83148918009895,50.099141526829655,122.05867556354869,0.6298204072013297,165.0,1.2
stable,49,1,494.85452906661965,1.252632757164938,-0.3425670060967641,False,True,35.103613428314475,9.735031506800965,49.99688812804741,120.00828576363473,0.3670749649377001,165.0,1.2
stable,49,2,501.1883092733784,1.2443949777130061,0.7302221039215001,False,True,35.214543413124105,6.496582276290965,49.72318657809431,119.47604070908113,0.4348962570048496,165.0,1.2
stable,49,3,500.058800875906,1.3612445481987556,0.10814000488182528,False,True,35.07134031216122,5.1887450962301,49.81048136927587,118.3109269761182,0.4609147089240205,165.0,1.2
stable,49,4,499.0449348194031,1.2551459924719286,-0.5663364687887275,False,True,35.24945222515703,5.868444892696914,49.865741891736164,120.63783185954135,0.3057837939340171,165.0,1.2
stable,50,0,497.74049813953854,1.0965082872511704,0.3608689253516191,False,True,35.01446358216108,5.2536275981593255,50.12204894275355,119.5041004339964,0.36092823848771416,165.0,1.2
stable,50,1,506.51861133579035,1.297254879537025,0.14585628514307467,False,True,35.11485297216151,10.287976946926879,49.716308306899926,121.38896772670566,0.7831653415918445,165.0,1.2
stable,50,2,506.93315438869513,1.436522045712855,0.38297223610519604,False,True,34.82648765670775,11.162416038287212,50.1149021524436,120.8007875630054,0.43793384472316654,165.0,1.2
stable,50,3,503.24285265217236,1.2308621120768808,-0.4656863459016724,False,True,34.911688052118905,2.9018363629064954,49.77958560956086,120.82759557939654,0.7499263738979578,165.0,1.2
stable,50,4,504.90672142067973,1.1664678143487521,-0.4329271817364927,False,True,34.905255990054584,5.731712265087507,49.785855046416565,120.35975124593949,0.3803992842791879,165.0,1.2
stable,51,0,495.9335987038213,1.5641593846198782,-0.8442157271918801,False,True,35.121214100109434,11.402906081015447,49.815933899175775,120.76617573553273,0.6205844639778111,165.0,1.2
stable,51,1,503.7310081891871,1.3720101813329162,0.5219449807511366,False,True,34.96857894020627,10.210134829243668,50.102992536611644,120.0857014711823,0.5087508165948378,165.0,1.2
stable,51,2,496.28509373654856,1.4207413130225552,-0.24693341570263888,False,True,34.77212401889649,6.155684249908564,49.8835896977149,121.27557959313712,0.5151899992453479,165.0,1.2
stable,51,3,504.52524652669786,1.5588253634589337,0.9521887778993847,False,True,35.03111273306303,9.205428202163564,49.82531821859299,120.815484164273,0.6267526658419722,165.0,1.2
stable,51,4,505.1105642309036,1.2450380271149302,0.06882986048420582,False,True,34.8906145766563,10.860271552523153,50.08008781531369,120.33595300796718,0.4456544378966643,165.0,1.2
stable,52,0,499.5917201769826,1.5038287243641695,0.10157407994475859,False,True,35.000740938923364,10.367428958916602,49.53455524051274,118.66842330349164,0.5963176378406913,165.0,1.2
stable,52,1,502.66099029868957,1.4792546394529822,-1.0244999133773243,False,True,34.982444842061426,7.23047796465746,49.57506767203422,119.30701123839732,0.5024991128218023,165.0,1.2
stable,52,2,498.964662661223,1.489692901859472,-0.10428411014967905,False,True,35.25172342687797,8.893890588384734,50.15940124825474,119.42315286076874,0.5430064491192865,165.0,1.2
stable,52,3,498.8224843362446,1.3159132445713735,0.02701273922786975,False,True,34.83001701451304,5.195732400159956,49.52384274114762,119.22407043129867,0.3308179251772968,165.0,1.2
stable,52,4,500.9802869287573,1.5342826361916748,-0.14210208768316368,False,True,35.180353944977334,6.2088296718157565,50.10261249640869,121.0539544474727,0.6361139888795126,165.0,1.2
stable,53,0,499.95102620081616,1.354132331783843,-0.0768593076887884,False,True,35.21916163666942,11.77595715862257,49.849630597498006,119.90885161401981,0.45222938920280864,165.0,1.2
stable,53,1,495.41755985280065,1.331651339277218,-0.716180239343001,False,True,35.01604304147804,3.8562120438018948,50.62826889885128,118.87469715046784,0.34038302214904514,165.0,1.2
stable,53,2,505.9418788536018,1.304901594799439,-0.11721575246765165,False,True,35.09963167744234,8.967381162273362,50.221889287219426,121.11415220022133,0.5197460947764584,165.0,1.2
stable,53,3,509.81501745878387,1.3865733280603982,0.5717241528357757,False,True,34.91276760591006,5.263793802720556,50.043967111579896,120.75302216380841,0.6478415555449469,165.0,1.2
stable,53,4,497.627864645201,1.3527672081982132,-0.41698169618263925,False,True,35.017027578072536,6.059562059766817,50.026674498963786,120.46977063793796,0.5370634733239399,165.0,1.2
stable,54,0,495.68446363812393,1.351887473407584,0.6976337966167432,False,True,34.830026396080534,9.802269042902951,50.0632751760452,119.67953109115467,0.5472252849584776,165.0,1.2
stable,54,1,504.72375403131025,1.3934738283808665,0.29120873305728606,False,True,35.22640176546934,6.420769050808913,50.28210837115752,119.68029355376846,0.5428197539003542,165.0,1.2
stable,54,2,502.6919915767355,1.2605687950659863,-0.6821398088126397,False,True,34.97695015152949,5.5244496412391,49.76853317363387,120.90576981691632,0.3851007243864226,165.0,1.2
stable,54,3,495.5815688914035,1.469231569930832,-1.5038511494763793,False,True,34.93063590432792,6.618235020277844,50.35130692997379,120.74559390698468,0.3111777131788178,165.0,1.2
stable,54,4,497.08232501158005,1.3474874155386645,-0.22750563491189035,False,True,35.229031330609,9.208644766942959,50.09765463584959,120.36193710862419,0.6555119776055289,165.0,1.2
stable,55,0,504.3699916701975,1.3745468325438635,-0.9502606562612319,False,True,34.9571761031588,1.9750764386209685,49.27039370028059,121.02044115218345,0.45048693287863045,165.0,1.2
stable,55,1,497.234783685971,1.4668725556108904,-0.5547785497607193,False,True,35.164507520932695,8.185843953889636,50.18681773527677,121.51342794428784,0.5984583135644025,165.0,1.2
stable,55,2,503.7395012162018,1.4355871277707932,0.3541820880087224,False,True,35.14050445009195,9.188604306310552,50.27796022228175,119.9444333171514,0.5404563501768499,165.0,1.2
stable,55,3,496.93412828889916,1.440063979354234,-0.3304576653274554,False,True,34.98362039542723,6.4939881555082355,50.01752383701592,120.13413320811209,0.5573279277621861,165.0,1.2
stable,55,4,500.7218734932526,1.414902576647017,0.6409337851894941,False,True,35.25843183931618,11.59537391689025,49.94208240335505,121.45212928433668,0.35363964801473863,165.0,1.2
stable,56,0,502.1605268855709,1.370424651036035,-0.0006785198242850749,False,True,35.14089290812627,8.847234361885125,49.4802280017413,119.7828102307688,0.5698363503379513,165.0,1.2
stable,56,1,501.23736654982764,1.401535232335223,0.2858246870389948,False,True,35.18246082621346,0.6227886069900421,50.10135508845082,119.78116385779887,0.5858700806123378,165.0,1.2
stable,56,2,491.12821702342404,1.1703578634814857,0.10050384384652833,False,True,35.18433219392258,5.4203771706571136,49.61820826942881,120.09498045869871,0.5013330604783849,165.0,1.2
stable,56,3,500.82475948055094,1.2179375081768042,-0.047732199736134635,False,True,34.78732477448317,9.604247200524672,50.23158918809967,120.25142789053815,0.4416626836083128,165.0,1.2
stable,56,4,502.7672476398664,1.2213213469976056,-0.5395740319465857,False,True,35.11188850112499,1.795642297827163,49.7765164653528,121.18967823576992,0.7018311919140225,165.0,1.2
stable,57,0,501.4471652410805,1.0884497750006576,-0.03316220268284318,False,True,34.99119036768709,6.415446626115383,49.807072478452966,118.48449356960032,0.4216673892223901,165.0,1.2
stable,57,1,495.84760031943995,1.3529431477759435,-0.16021572730491537,False,True,35.271517596359914,7.878222199717412,50.18135501576066,120.60809546703646,0.4827458714861342,165.0,1.2
stable,57,2,498.7686843489799,1.3155151370225424,-0.43605508268448734,False,True,34.92951626231997,10.519481343272375,49.978267808026075,119.50059636802864,0.46757486520930697,165.0,1.2
stable,57,3,501.2576025917401,1.3623447164730056,0.19376705457334983,False,True,35.221883176102324,0.09344334257540687,49.887432386430994,119.90086981275549,0.3520019338643213,165.0,1.2
stable,57,4,498.45393870250695,1.4765850320204361,-0.04317047334224714,False,True,35.03113331905986,10.65766230710506,49.866088367572765,120.96092498809524,0.5738015254601326,165.0,1.2
stable,58,0,503.8304789730677,1.3083616656925163,1.6425907765008219,False,True,34.84676288486054,6.155897094584866,49.35543884150788,120.3659205015261,0.4420493352174408,165.0,1.2
stable,58,1,501.0933294069155,1.3763988637690339,0.2607742225299157,False,True,35.03672179538054,8.081577115538483,50.22546159522407,118.85924286941678,0.4430373019567798,165.0,1.2
stable,58,2,504.63391811664343,1.3232818931864205,0.3217861404308114,False,True,35.19904742091111,12.097731157285079,50.011948717360944,118.32830592997036,0.5312812376973921,165.0,1.2
stable,58,3,500.21992171063164,1.2267312186322807,0.26645141463031713,False,True,35.057865052408545,6.688619068108434,50.15872959826726,120.44845882425703,0.4568418732796521,165.0,1.2
stable,58,4,508.38553118581564,1.2297435149991367,-0.9030790524893947,False,True,34.99481797488582,12.34324542219313,50.17414632862644,119.67798372083146,0.45854942193963233,165.0,1.2
stable,59,0,507.4887511539132,1.2161886516293199,-0.003423816790010291,False,True,35.07597779563758,10.1188271417899,49.68395449665745,119.60602568275297,0.6023447836982985,165.0,1.2
stable,59,1,496.7657055134695,1.506407381476657,-0.09355382573744797,False,True,34.83354581072491,10.562989028627795,50.4007269617719,120.19153231607358,0.43647314690425126,165.0,1.2
stable,59,2,504.0349448872557,1.3935124448666256,0.7052008583472478,False,True,34.79867533930681,7.031994104190131,50.08710293472692,121.35900130857891,0.6359723241233287,165.0,1.2
stable,59,3,494.59114454346155,1.2714025753924691,-0.6717961399170239,False,True,35.163907972438345,8.003201868309286,50.44014708160185,120.6850742947849,0.579973954192177,165.0,1.2
stable,59,4,499.76126560725976,1.539507026475143,-0.3747046989571993,False,True,35.0068026543185,3.7234127362317544,49.82524264728303,118.21869612599089,0.4044374531318491,165.0,1.2
stable,60,0,501.29529544047926,1.0249097926306345,-0.21808567074168314,False,True,35.03239843182575,6.0355788538993345,49.7261212152634,117.9305401311846,0.650321393147109,165.0,1.2
stable,60,1,502.37041303656315,1.3244114744109525,1.044770615936956,False,True,35.06480056601496,8.704760636458648,50.07891194733881,118.85207596795536,0.6101486106661838,165.0,1.2
stable,60,2,500.3066247227507,1.3890756496061498,0.7834867555075202,False,True,34.88767678241057,8.412787162030403,49.93218905584582,119.06466134694377,0.3505440109525386,165.0,1.2
stable,60,3,500.8477578464864,1.4197494526180392,-0.20141219519214457,False,True,34.94876454266943,10.994623331221204,49.75474296685609,118.0831766141234,0.6324851315387902,165.0,1.2
stable,60,4,496.25125748021367,1.3754942333662945,-0.7388016520670889,False,True,35.12963018667874,12.021397735431307,50.069635090257094,119.54769089063547,0.7771193997242825,165.0,1.2
stable,61,0,503.32671779919997,1.4944115394202597,0.6925504388615539,False,True,35.168722031262504,3.784548652010473,50.205708201888726,119.94500071422503,0.5152001073225527,165.0,1.2
stable,61,1,501.6391791219564,1.3588455792119993,0.01681965273267914,False,True,35.0817430204864,4.5471126589784205,50.15349962880183,120.35858142728534,0.501010371288758,165.0,1.2
stable,61,2,500.67497750472916,1.1514937936753982,0.06364373006451084,False,True,35.119713468579526,10.04743398053603,50.73230566936242,120.48453852315487,0.3956412204396176,165.0,1.2
stable,61,3,502.3847817992022,1.4309526755683148,-1.4574893660041714,False,True,34.84625324239989,9.452830536781448,49.666133336641515,118.96110194624228,0.4680330295267495,165.0,1.2
stable,61,4,494.45501090401865,1.1392709948230781,0.3054109285087338,False,True,34.983019442350916,6.125770367625719,49.942711982611655,120.62020752021141,0.46998034754563234,165.0,1.2
stable,62,0,502.3921477915722,1.480015601253742,-0.28262330480390097,False,True,35.122506821343904,5.424342878870132,50.35327967220156,117.8002325795714,0.4530157571492091,165.0,1.2
stable,62,1,501.27258871323255,1.406166559832105,0.17315438403649971,False,True,35.229228885826096,9.124411810965322,49.99182834854164,120.79867101379433,0.23045583342353865,165.0,1.2
stable,62,2,503.5666167584891,1.3655258966430657,-0.42006332427152854,False,True,34.87626608163816,11.274277498059593,49.9126678511958,120.55920981585665,0.6255645641459247,165.0,1.2
stable,62,3,496.6233045199709,1.4024804025646789,-0.7198012139008366,False,True,35.081959641337825,6.021228272082549,50.32112622731888,119.99312289820963,0.3459208671688202,165.0,1.2
stable,62,4,499.42347628495423,1.2573641130036715,1.0705061897664347,False,True,35.31294686600708,8.317281382395723,50.317023220123694,119.96722832232186,0.6189932400766806,165.0,1.2
stable,63,0,499.08991396944106,1.5494273226531272,0.9883487400155668,False,True,34.683322305463555,7.571296397863648,49.97697891132057,120.4248203828285,0.42479833538981615,165.0,1.2
stable,63,1,496.99787617940285,1.1931943960889093,-0.6124796193321841,False,True,34.85452139148399,9.592074769150589,50.07202524578875,121.7791270970078,0.41444016727219185,165.0,1.2
stable,63,2,499.17393966540686,1.4356661599550078,0.5011239589784768,False,True,34.88987863969195,3.315736136746837,49.70024012115137,118.41663508459752,0.5302437111885216,165.0,1.2
stable,63,3,505.0476760911195,1.2751919862739622,0.2354412031478622,False,True,34.876681555239536,7.904545818721893,49.75936859940479,119.71527952155834,0.41535839039250844,165.0,1.2
stable,63,4,492.19103868864994,1.250502216924964,0.41174618049111805,False,True,35.20123552760016,8.248352231087662,49.921410899411846,118.62792093556439,0.5052474893606294,165.0,1.2
stable,64,0,501.5003148176601,1.3343369305658475,0.08448488504351571,False,True,34.93342383259202,6.310118165060848,50.08051476576724,119.7661789745547,0.5619115617847593,165.0,1.2
stable,64,1,504.3202315466169,1.5120751583722256,1.2380137633063113,False,True,34.903610899407084,7.807341690782535,50.22364239635047,120.10472856149703,0.5955306229451356,165.0,1.2
stable,64,2,497.7207917778677,1.5175261453973032,0.558116547228815,False,True,35.10465380238672,8.382531225420843,50.2221167398581,119.84612823998044,0.5438607635608596,165.0,1.2
stable,64,3,501.2414697152384,1.2947688137260143,-0.7071455706076251,False,True,34.96624044981504,4.941839934512679,49.48093242188958,120.7107063639119,0.49973863205344543,165.0,1.2
stable,64,4,499.25500947164613,1.360985226973043,-0.896125405979969,False,True,35.11754837612682,5.643813998430675,50.073333618442916,120.36734194787863,0.37577251959388486,165.0,1.2
stable,65,0,500.8073221728323,1.1433531354391127,0.8348005040233443,False,True,34.863266801364524,5.821862141413991,50.21630093586505,119.68898366357094,0.4197045604839775,165.0,1.2
stable,65,1,501.34999659808295,1.4344154540346836,-0.25396095770992866,False,True,34.984432490497966,14.233215399120805,50.484006586701646,120.97217293734012,0.624150559194497,165.0,1.2
stable,65,2,504.78197253048216,1.3332817681380804,0.26351430564166417,False,True,35.03042085158603,9.0821202980896,50.67104469647756,119.62661885000298,0.32350752430239477,165.0,1.2
stable,65,3,497.67379737871534,1.2969701031654621,-0.7080624589355043,False,True,34.95040337907973,4.8613241908789036,50.04430527658373,120.52760132203541,0.7860571148342113,165.0,1.2
stable,65,4,498.55194513670983,1.5190070601439931,-0.459981273320213,False,True,35.044275183762345,10.821482580255548,50.60159772374997,121.32315892585088,0.5240847833492461,165.0,1.2
stable,66,0,494.7398475106896,1.307945012502978,-0.410096208876974,False,True,34.89131014631725,5.611562746837948,50.03757614141817,120.8337696071068,0.4902416894047666,165.0,1.2
stable,66,1,508.96625389685306,1.2778199466954256,0.2898572666727854,False,True,35.161884981442064,8.891065857717102,49.66751951931443,120.6525588846581,0.5229147993118879,165.0,1.2
stable,66,2,502.5882458168886,1.367952858430346,-0.9466662047085295,False,True,35.08577185106655,2.915964695259155,50.21430318249584,120.52802582007682,0.6226202559795689,165.0,1.2
stable,66,3,500.98595874588136,1.4422804327839214,-0.27207466372673056,False,True,35.03333078830392,10.783569234172411,49.686820053687306,119.47496484612863,0.492675989177527,165.0,1.2
stable,66,4,503.3091051553475,1.4571234729135998,0.7585963648219141,False,True,34.95276745375343,6.501592475631613,50.18186467086791,120.12614596576003,0.5464098954928245,165.0,1.2
stable,67,0,495.94831055002965,1.6097137912150856,-0.18786228682501008,False,True,35.130705746491806,6.046340088932656,50.294955963984286,119.69226312937835,0.29003607970481526,165.0,1.2
stable,67,1,501.93681748250253,1.385699894581223,0.55298292166723,False,True,35.09460947525118,4.58510359779012,50.394660688157636,120.73783924952623,0.3062329990988285,165.0,1.2
stable,67,2,500.4404077229403,1.4350041792787094,0.9024841635662593,False,True,34.945392177068406,4.799692500411639,50.19204732303821,120.41602377635341,0.41781843492607446,165.0,1.2
stable,67,3,500.79734181763416,1.37999923496584,-0.48237710770783176,False,True,34.90477288478819,13.708754737269267,49.87334546227962,120.2915263754319,0.38095085187454747,165.0,1.2
stable,67,4,498.2221915392497,1.4590642938933436,0.06828411402866824,False,True,35.03227001034619,9.160303208220233,49.8525382525833,121.83270558482556,0.5775292743018557,165.0,1.2
stable,68,0,502.1486387858478,1.403332263627931,-0.36678093795636746,False,True,34.964459993267894,6.2904409754045485,49.997665554657694,118.14803192087794,0.5159625117637298,165.0,1.2
stable,68,1,492.25838497965,1.387570758047503,-0.1903799821835371,False,True,35.08630061281117,4.888027499711942,49.77270565075103,119.62344243628479,0.3889382516941962,165.0,1.2
stable,68,2,505.08354293830735,1.4232052572097562,0.17061161266683572,False,True,35.06573494535888,7.909259722431881,50.063851130353676,120.85112650306574,0.5412000251135201,165.0,1.2
stable,68,3,506.07710211253954,1.244082604163707,-0.48409655967091714,False,True,35.096641342311734,12.21568596398769,50.130941087995,119.76394361725792,0.7387071655550135,165.0,1.2
stable,68,4,499.3104379580359,1.462228318626597,0.5478975323494143,False,True,34.831839743219035,1.4976616011805817,49.75584944327174,119.27618344754994,0.5226681244031789,165.0,1.2
stable,69,0,501.52733167569136,1.3068235755506314,-0.26774089186260347,False,True,35.08542336167532,8.359986859738832,49.64571644608159,120.0879556096887,0.49299639656052996,165.0,1.2
stable,69,1,501.0904643621483,1.397865952795139,-0.04331850920324133,False,True,34.97509027520083,6.066533670448592,50.45542223067046,118.75021662279353,0.5013550481432741,165.0,1.2
stable,69,2,497.6900349515527,1.3052344170996855,-1.140877885963026,False,True,35.207206708519045,5.762813706650571,49.96355960777053,119.00516683010105,0.5031410167981439,165.0,1.2
stable,69,3,498.4184850875341,1.4308930205796768,0.4621624883144686,False,True,35.28567992108109,7.761381211603766,50.12127499009913,120.05385129853865,0.6901044084089687,165.0,1.2
stable,69,4,505.28080392440694,1.1101849667370354,-0.782317527687773,False,True,35.15004740258148,2.259402979902574,49.971421777873566,119.51004804328775,0.6539039467779135,165.0,1.2
stable,70,0,503.3329972185966,1.5298205357705164,-1.358822481880759,False,True,35.059904135006306,8.992619186025372,49.912019294388216,120.25829841371856,0.5189743784989362,165.0,1.2
stable,70,1,503.8925235282378,1.3735543056108657,-1.1096045087988085,False,True,34.96926807785498,6.631789345825594,49.632904319637724,120.38644889745564,0.47286947901824355,165.0,1.2
stable,70,2,495.61093273688994,1.3725841658842421,0.9018520327817725,False,True,35.07407088270299,8.463478551609992,50.04746837424173,119.714870428816,0.46407212425624006,165.0,1.2
stable,70,3,500.1970606536796,1.3403007150895092,1.0234025592024891,False,True,34.8317660713806,10.19655238412835,49.94374915201642,121.02119001421656,0.5806394284239051,165.0,1.2
stable,70,4,504.15303870790945,1.3505279361996705,-0.4216129458072457,False,True,34.96339765320819,6.033534870028881,50.16781476713337,119.0772839549963,0.7570821565519024,165.0,1.2
stable,71,0,496.16145668411343,1.3713944927961352,0.25385694679535253,False,True,34.95569063649049,6.051875626403456,50.17659404093087,120.05154199251506,0.5009165935523499,165.0,1.2
stable,71,1,495.00964745194506,1.1888680729979748,-0.4707117833192069,False,True,34.93123845265738,10.614006159074325,50.134988216960735,121.05722913309965,0.4679129216557978,165.0,1.2
stable,71,2,502.7699604714283,1.2906093882414238,0.3200295182444686,False,True,34.64627046857898,12.060002991438733,49.71452844909602,120.24350755057107,0.47030434514849784,165.0,1.2
stable,71,3,496.1486231462721,1.26506164303978,-0.014295894500461129,False,True,35.028177401549726,6.918180673721276,49.622630660272314,119.61984923835385,0.6969097753987821,165.0,1.2
stable,71,4,496.14903008171405,1.3550970463979697,-0.2314245122463902,False,True,34.8761646402471,3.677984321367881,49.940512210664046,121.18542533048014,0.43225916943750486,165.0,1.2
stable,72,0,501.61191440027466,1.3917806864988023,-0.4746197306041416,False,True,34.94278228408832,10.95794288646124,49.50198786740717,118.86703570101605,0.5560146962163829,165.0,1.2
stable,72,1,501.9325463060948,1.4022966160684296,0.266991110911826,False,True,34.99083357279664,13.825291010946824,50.427173051483265,117.68579144467101,0.2239549634853309,165.0,1.2
stable,72,2,499.45978967174034,1.3582572783196263,0.6183579094421024,False,True,34.884445261372456,10.750958944305946,50.2437611321236,120.82086773777986,0.6401318425323732,165.0,1.2
stable,72,3,498.174036899666,1.2604923326900321,0.0602445029504362,False,True,35.25066746589034,15.559101130100245,50.10349258041054,120.48714551245554,0.5693083524788604,165.0,1.2
stable,72,4,500.2163711699063,1.3119154360722372,-0.8932825334188473,False,True,35.103047725986315,3.8371327394596566,50.35774082580934,120.88538493782644,0.5961761364775875,165.0,1.2
stable,73,0,498.0816495868458,1.431735935022083,-0.5746900720219906,False,True,34.83804039609095,6.370044654616234,49.457586818266485,118.82496419771017,0.47853382715420556,165.0,1.2
stable,73,1,494.55755793026077,1.3492310576541222,0.4023719912119031,False,True,35.13426580547282,10.02514385844066,50.300864991624266,119.93456875851804,0.5841143313644376,165.0,1.2
stable,73,2,499.73173791788906,1.3373256441007981,-0.7590927801936032,False,True,34.96988289237918,7.0318644682585205,49.72151043055925,120.23335956965845,0.33263818266961637,165.0,1.2
stable,73,3,505.30949036218516,1.2685744519883853,-0.07180342637630507,False,True,35.0571891181262,5.4053395628563035,49.87600171725972,121.11074553109285,0.6159096161406665,165.0,1.2
stable,73,4,502.17601336606134,1.2424178634571201,-0.05970585897117974,False,True,35.11876775281762,6.19759675230119,50.484542960849105,121.44134659587212,0.5162837260040914,165.0,1.2
stable,74,0,506.87882842184496,1.2793448542130583,0.963191118549368,False,True,34.98500465218423,14.180455284700784,49.77655972984193,119.61048692361312,0.5130190456420999,165.0,1.2
stable,74,1,499.67496363637105,1.3387211005407273,-0.47229177603996775,False,True,35.31898610082811,7.5652807284312065,50.164047721794375,118.59912445374658,0.5472706615613643,165.0,1.2
stable,74,2,501.18640334752786,1.3049712378806853,0.8539555972722391,False,True,34.998966838376205,5.992942619151933,49.81395127547344,119.75417034298572,0.6080261738464076,165.0,1.2
stable,74,3,498.8308229077105,1.4681598804170424,0.5997090562021229,False,True,34.83710054865608,13.56693695497301,49.75881974283053,119.1328153176718,0.4152461863417149,165.0,1.2
stable,74,4,504.30197915748414,1.2489959798604482,-0.8028948858250455,False,True,34.946816570696974,6.29672624599068,49.97812350064966,119.87396962971867,0.5307356851925432,165.0,1.2
stable,75,0,493.6001205789555,1.3789543668752233,-0.2814164579046745,False,True,35.07558480809568,10.43315460973371,49.94112151134069,121.6266035746527,0.5702418494959219,165.0,1.2
stable,75,1,499.4443596588335,1.3219850655321794,0.5901409484858624,False,True,35.297984920636736,3.687238486372963,49.964290611232514,120.33703183114993,0.5516664103620598,165.0,1.2
stable,75,2,498.49183965260687,1.3055348393398092,-0.5794976852666288,False,True,34.73618421135532,8.103750053708556,49.937960925005086,119.2553498632966,0.5461184467011734,165.0,1.2
stable,75,3,502.04360223435236,1.3002933192782735,-0.36754100877964707,False,True,34.90485647195333,10.729522279353823,49.6643825006836,122.02673884381443,0.4407693062429155,165.0,1.2
stable,75,4,497.7971532897235,1.181055571268263,-0.701183570020687,False,True,34.95940561213858,1.906602415741749,50.01374165315631,118.68143689380408,0.41369332779320894,165.0,1.2
stable,76,0,500.5825361804358,1.349002173757273,-0.03005219025514383,False,True,34.86674270663349,9.580305049750082,50.48777430171099,122.25704622041843,0.456712577669067,165.0,1.2
stable,76,1,497.91067490440014,1.1907512425025246,1.1989534842560927,False,True,34.99898170336113,2.9260994354270826,49.57829966729941,119.40017878734538,0.35345340768949174,165.0,1.2
stable,76,2,504.31905299216305,1.360296005226844,0.922046588572452,False,True,35.27592390533748,7.988795687082678,50.03460044771364,122.16216165620779,0.5410821606483294,165.0,1.2
stable,76,3,507.8697411594104,1.3551632917575862,-0.6820805741104646,False,True,34.899148804052935,8.179739964415697,50.273704805548135,120.44941191097763,0.4236746640015041,165.0,1.2
stable,76,4,496.1131399181368,1.3390459389766944,0.33340190223555716,False,True,35.22792886451273,9.346241690158717,50.11251263634265,118.92358932427601,0.5006303825985485,165.0,1.2
stable,77,0,495.3639847636267,1.305457330670252,-0.6847605266238727,False,True,35.03737263443695,7.234690528465727,50.492804298661675,121.20097141793417,0.5532343492316679,165.0,1.2
stable,77,1,503.68001314623615,1.314010958007678,-0.18001632899602066,False,True,34.786117443563036,10.708188102986956,50.3548470729407,119.48007178923878,0.7409876480617812,165.0,1.2
stable,77,2,499.68997397550976,1.2688191695584587,0.029690447080966475,False,True,34.94960797454189,8.069030058606106,50.48164187376904,119.93776301381092,0.3805747443854192,165.0,1.2
stable,77,3,496.82604365256185,1.3337194775178867,0.06131767262097209,False,True,34.80152824981811,7.91876058942201,50.42471043397176,120.5708796198923,0.3538862994091376,165.0,1.2
stable,77,4,498.92766318377767,1.2288528444251994,-0.848691818551013,False,True,35.02783072855322,7.368943541658735,50.30485400613741,116.87732348402233,0.4451859229984451,165.0,1.2
stable,78,0,503.0039152155943,1.225012173325641,-0.303062590152017,False,True,35.00376988811164,9.113269820348405,49.951279228363276,119.8818842621917,0.34171829008773946,165.0,1.2
stable,78,1,503.05138560869034,1.2027051405760554,1.0574568221575165,False,True,35.05085449245659,11.157594688808835,49.63223971981648,118.6556598053642,0.6213591694420862,165.0,1.2
stable,78,2,506.0740368228974,1.4528233974446552,-0.017857648819075613,False,True,34.97654064521439,5.732575266209543,49.93578986748857,120.54709099330701,0.4303283533390001,165.0,1.2
stable,78,3,494.2165077763141,1.2010438931120735,0.6428459115630963,False,True,34.89724543603442,14.793623735651108,50.178672350519726,119.98963947586617,0.18942206789681443,165.0,1.2
stable,78,4,496.86545063498926,1.2924915243458914,-0.25076472996097776,False,True,35.108345956333615,9.868112382991585,50.07551391323842,119.88327638958003,0.4700881577693873,165.0,1.2
stable,79,0,503.95979412020023,1.5407401126038769,0.14101034091890605,False,True,34.8572656652862,7.726711922155392,50.09042866301096,121.00974127566761,0.23284987754610575,165.0,1.2
stable,79,1,498.4084268565157,1.244999955501241,-0.034738560804378406,False,True,35.291139676882494,5.504142931264789,49.96417308490683,120.39845506123395,0.44385311132784544,165.0,1.2
stable,79,2,494.15422917548625,1.3873444310475969,-1.3565475644657325,False,True,34.98709142356938,8.077392215923526,50.54154914827433,118.63263655487003,0.4098576665405069,165.0,1.2
stable,79,3,498.10959369721365,1.1556423789855772,-0.019704792259150995,False,True,34.83289035556513,7.356421452976063,49.82549956796187,120.64479280840253,0.49930377305475043,165.0,1.2
stable,79,4,498.03181349280345,1.0971877372835839,0.941745032805787,False,True,34.74158609131491,8.480017724229391,49.65649486129649,119.20393933609002,0.39464743003862374,165.0,1.2
stable,80,0,498.03832670138064,1.449919508332344,-0.63196613685049,False,True,34.95685193773236,12.859742096561964,49.746686127498926,119.90247577609784,0.25542206290087766,165.0,1.2
stable,80,1,495.8907282007969,1.447721858526076,0.27424872065012595,False,True,35.004220678672034,9.111514917592029,49.60753549622371,120.51689412428046,0.6529619595130934,165.0,1.2
stable,80,2,499.88328065274595,1.244473973671362,0.2430055039753299,False,True,34.74246618154802,3.0936819577257433,50.06614499912953,120.82283817068475,0.6757809304013194,165.0,1.2
stable,80,3,505.1332900708424,1.1876105140680113,-0.028186970851261994,False,True,35.13815457689233,9.440704494126425,50.18468108552018,119.8688129607541,0.5261385556113353,165.0,1.2
stable,80,4,491.5664544476632,1.2842146065594429,0.06422538492430614,False,True,34.85263180509796,10.262888225807616,49.91184651562548,120.08662438637148,0.40243264881768803,165.0,1.2
stable,81,0,496.5653197292708,1.4893411810468264,0.25200699276818345,False,True,35.01977049682853,10.87646276734678,50.00212269775049,118.70091184976317,0.6426845306857072,165.0,1.2
stable,81,1,501.91932299249294,1.222232650316761,-0.3628160211516613,False,True,35.185627756433654,6.304398993502852,49.80907434577342,119.87847495292401,0.6711808692174784,165.0,1.2
stable,81,2,502.3367869998651,1.2996276207923776,-0.08821140091418746,False,True,35.16052757664487,2.6155057380512776,50.0404905361635,120.14015754056321,0.5517681817782641,165.0,1.2
stable,81,3,495.38949348861075,1.4214465483993686,0.4091465731938287,False,True,34.900981399380015,5.836674108159938,50.05999534299166,120.2917820605056,0.31440697486812647,165.0,1.2
stable,81,4,502.45003845450196,1.3597652941652987,0.7201096560248239,False,True,35.115500719453834,11.963354208529779,49.919620132584406,119.83709969772794,0.5179544560804783,165.0,1.2
stable,82,0,500.18299766431477,1.5778507207523087,-0.19300037142287774,False,True,35.171175704498545,6.993563868653235,50.74195426761416,119.02367053659141,0.4328698195023522,165.0,1.2
stable,82,1,501.141020875338,1.190761102632924,-0.2583885551784404,False,True,35.26427449868051,7.536658794385528,50.39935597504242,119.53824950608478,0.5081185834667021,165.0,1.2
stable,82,2,498.7568976468455,1.342956272155497,-0.5106876538583867,False,True,34.7250761943153,9.793949708904023,49.77574469090456,119.48269692486797,0.5832006618912422,165.0,1.2
stable,82,3,504.2192430484964,1.1946567965333852,-0.07337749706729932,False,True,35.16489255498736,10.341862802308952,50.25417933086024,119.51665457436904,0.22535057613381337,165.0,1.2
stable,82,4,505.27022160190046,1.4001666457299256,0.28264015022900635,False,True,34.78319764773711,5.0585547464056155,50.22010789644318,121.4820673411027,0.5278128050059796,165.0,1.2
stable,83,0,502.64117660533407,1.2720775463621243,-0.37550297144488654,False,True,34.99564965067951,9.06791391762022,49.81704340051404,119.69893017717567,0.36572474902616103,165.0,1.2
stable,83,1,501.0406336158744,1.369826878917683,-0.8038071400453299,False,True,35.14591321496898,9.919562867078534,49.1759178135466,121.21058439634471,0.2159307875396304,165.0,1.2
stable,83,2,499.3425880834257,1.1950715597101706,-0.6678022559727019,False,True,35.21400823339827,8.188269142206307,50.392371400156584,120.27063795278303,0.44316921933866793,165.0,1.2
stable,83,3,498.60367021865153,1.3291699845445517,-0.2037888048732081,False,True,35.30524991147579,8.900882467904811,49.920367676792765,120.110047677962,0.580141299498556,165.0,1.2
stable,83,4,500.92528989771955,1.2862222085054935,-1.093734057629846,False,True,35.203091515349996,6.455708456973605,49.81443195780285,119.11294211883965,0.4711400599389043,165.0,1.2
stable,84,0,496.7047930207962,1.176185593500516,-2.3656898790399814,False,True,34.74422475982682,4.418262658051594,50.053156291960924,119.2383587113921,0.372196003997808,165.0,1.2
stable,84,1,491.120234893444,1.291554878190548,0.10206888745244548,False,True,34.93799375386992,5.9826647222739595,50.32207186243046,120.23055672042186,0.6013368500488114,165.0,1.2
stable,84,2,501.8851517608069,1.3796693380937282,0.7086404840610933,False,True,34.943009479028994,7.146584321098235,49.981837569085876,120.50361822454904,0.5126535413604084,165.0,1.2
stable,84,3,502.78879731018264,1.2881879815191082,0.3439074681142794,False,True,34.89665458912923,2.991720069730315,49.90275332681245,119.76840050579982,0.44351566124328784,165.0,1.2
stable,84,4,498.1590989475161,1.424734138486469,-0.15335207689415925,False,True,34.79029234410684,7.601193186365255,50.08415086819601,118.89300193422709,0.3868287913484791,165.0,1.2
stable,85,0,506.4973266222586,1.0907540894380858,0.8977501577544106,False,True,34.77343377986201,11.127246168068583,49.96257535921586,120.34218888354839,0.24622790532643363,165.0,1.2
stable,85,1,500.5037770550728,1.5776037730423207,-0.9771968454442991,False,True,35.021960373686994,6.474087652465299,50.20081192839398,120.55257810234431,0.7202287767938584,165.0,1.2
stable,85,2,497.57334460308937,1.4508569687856636,0.48967381456891657,False,True,35.16747465062408,6.360506955206862,50.14700684126817,119.99498895780836,0.37194654497474466,165.0,1.2
stable,85,3,498.0434590383394,1.163512057344911,0.3902660162907957,False,True,35.093299099080326,9.625078666567713,50.296060294227686,118.25574250341066,0.43943974212505565,165.0,1.2
stable,85,4,496.80602582239214,1.4248113039566952,-0.43734302454490553,False,True,35.15635810699933,3.4425432920214156,49.53313392771986,119.73960174265547,0.4736598944417564,165.0,1.2
stable,86,0,502.6856535152026,1.4020709560928433,0.9761571540565667,False,True,34.917719932204456,11.585201198568855,50.482360428046455,119.94194267771411,0.28156907256859853,165.0,1.2
stable,86,1,503.8479545297852,1.0858584957564352,0.014694401627752266,False,True,35.045344321404215,3.756751054624978,49.85781974144599,119.95969577353681,0.5819724905650745,165.0,1.2
stable,86,2,502.61730911711584,1.4755126396135751,-0.29545552710167083,False,True,35.14570952362024,9.531678908756353,50.138744389141856,121.34443363564466,0.33544483341631787,165.0,1.2
stable,86,3,494.0360060117692,1.4676459288846329,-1.154888657638218,False,True,34.78801298209197,4.884815227534725,49.722161715171,121.49440291616109,0.5904044198312778,165.0,1.2
stable,86,4,499.40927907292615,1.239616290643501,0.21189563663753852,False,True,35.107415830065825,11.298495927034494,49.544767329044106,118.92915794388423,0.3778038349603186,165.0,1.2
stable,87,0,499.1270558835246,1.2678220915330178,0.1611474775864635,False,True,34.89396323053428,3.6146315858928837,50.30090915628846,119.84943649277481,0.4827283170777701,165.0,1.2
stable,87,1,500.7535980715755,1.2754933865515312,-0.059510974390180646,False,True,35.158496873302326,7.959939029189567,49.65397703416287,119.20788770230567,0.5050174602004492,165.0,1.2
stable,87,2,502.30644732463384,1.3482546681318333,0.6467008651923958,False,True,34.77584944675925,6.264383416505922,50.35790961727255,118.18879910589988,0.5518531554186494,165.0,1.2
stable,87,3,492.24918906528364,1.391286803920715,-0.6715588537677312,False,True,35.15822560293423,10.727933638721051,50.60493012577839,119.96288692162611,0.6114771416830851,165.0,1.2
stable,87,4,501.6052885801676,1.4214991093807599,-0.353902882385571,False,True,34.92092598476709,8.9417721293124,49.72783241861646,119.10488424592123,0.452682858827158,165.0,1.2
stable,88,0,503.57487615442585,1.2676163162045346,-1.0277043282348106,False,True,35.06613551028594,3.5888864737204074,49.75255950264465,119.15352901439071,0.6350408776496379,165.0,1.2
stable,88,1,497.26250875584606,1.288313579637671,0.32459983592206415,False,True,34.99071493716721,7.8197740249104895,50.39674051779827,120.11110898306707,0.2540492151706365,165.0,1.2
stable,88,2,505.0869392643783,1.4096323589200699,0.9378876281046025,False,True,35.10568512415043,6.952385911226678,49.48747804360884,118.81309631394616,0.5147218059493421,165.0,1.2
stable,88,3,501.4975924740371,1.377635856006855,0.4366694268309474,False,True,34.86687910993322,9.850078836527846,50.28494494616733,119.66637501869434,0.5283767949145335,165.0,1.2
stable,88,4,497.97071564493297,1.393865761484789,0.16339127744988421,False,True,35.141492368567164,4.773133852150659,49.959289522546946,120.50209118084773,0.7418218968009668,165.0,1.2
stable,89,0,497.77715765711963,1.353870198281595,-0.30975609911739105,False,True,35.09717770572444,7.884251500914621,50.1070033261288,119.58513909295823,0.45353140206472625,165.0,1.2
stable,89,1,495.9838119198926,1.2972090982951543,0.11367811887944286,False,True,34.842761925387,7.036549483190104,50.205145391980636,120.2617916689627,0.6275629142010148,165.0,1.2
stable,89,2,502.1799837699661,1.126258366827233,-0.9969402444217503,False,True,34.95062724319684,5.176462230492475,49.5892928177183,118.92196770504128,0.6104613599901446,165.0,1.2
stable,89,3,490.5381993916543,1.1057527235173035,0.1909912145552526,False,True,35.029300285626164,6.6698226107534415,50.28888919162863,118.99221758159634,0.545263752981484,165.0,1.2
stable,89,4,505.06714739952946,1.4024264974152674,0.6381639262466751,False,True,34.81890655419647,5.451362906537717,50.15523730481655,122.05130718342326,0.4397348179893918,165.0,1.2
stable,90,0,502.0725751050851,1.4147053408945125,-0.5696608375946899,False,True,34.990759438379094,8.624257993601898,50.182018049022446,119.63357188015064,0.41858029518544254,165.0,1.2
stable,90,1,500.2997585531647,1.1291211101512963,-0.4540634277264023,False,True,35.0945889095954,9.61864385645298,50.371564051862975,119.15694796321475,0.7576286591801423,165.0,1.2
stable,90,2,500.7775225919089,1.1991637530927706,-0.21605098192588515,False,True,35.09706497422745,12.380373925173924,50.43871217854597,120.9959527592139,0.5367564095800036,165.0,1.2
stable,90,3,497.940431348934,1.3415055530636917,0.4010735193344595,False,True,35.0184750048233,11.654134473857564,49.37696605263972,120.84792977102028,0.44107600697548455,165.0,1.2
stable,90,4,501.34179550764554,1.34342672853086,0.32842872080722224,False,True,35.24624637340462,3.10757649091377,50.48988946831801,119.9235938907472,0.49830737349595694,165.0,1.2
stable,91,0,501.253270852615,1.4295939580059542,0.05260925474242775,False,True,35.13451687235874,10.903388041749302,50.07269189589192,117.60796708976913,0.5141981089379197,165.0,1.2
stable,91,1,498.8173624521607,1.1892933218015973,-0.5590239870091366,False,True,35.019516611925354,12.6181430075435,49.97163940178718,121.64096302440464,0.6196827361788402,165.0,1.2
stable,91,2,509.84315997245443,1.3516398190096761,-0.6710681962362315,False,True,35.37339640733052,4.079838371053101,50.35372109414332,120.62592213765515,0.7191050750690502,165.0,1.2
stable,91,3,497.2044521549256,1.2678305915442314,-0.10051944773462866,False,True,35.045257481110745,7.71868714040686,49.81026409556805,121.27456932886567,0.6531026359034634,165.0,1.2
stable,91,4,503.62278072407855,1.2963521834093414,-1.6320814422927352,False,True,34.98968024417935,3.435385746978376,49.343048345160284,120.50776688588796,0.37667371721979176,165.0,1.2
stable,92,0,503.70876595208154,1.1080831012537544,0.694054933747117,False,True,34.89831763819277,5.61633993747876,49.63664000767088,120.99841842255644,0.3638798475667485,165.0,1.2
stable,92,1,500.42284612139144,1.1845095844350613,1.5099014036074339,False,True,35.24968425785414,8.911193166711293,49.605615656528784,118.95237752812095,0.621372777863995,165.0,1.2
stable,92,2,505.4808771554889,1.280539802788808,-0.5907240919200929,False,True,34.70643967136498,4.0659326360483306,49.57034807060592,120.21419591140463,0.6004597290590653,165.0,1.2
stable,92,3,499.4690827811742,1.4161008714709897,0.7892187254765392,False,True,34.849695260736084,11.446807127583963,49.9021570938884,118.98882059595726,0.4916913470218017,165.0,1.2
stable,92,4,498.30586280923285,1.5416796931773356,-0.4975673344862901,False,True,34.941159038244415,2.1603201811347814,50.44920838745379,119.49760852806534,0.4874356822993597,165.0,1.2
stable,93,0,499.83583579253957,1.309926251269777,-0.8873648225077891,False,True,34.989312771744935,7.8091056226408115,49.27844117425104,119.4102126652048,0.5421324602743409,165.0,1.2
stable,93,1,500.63279585641305,1.3562277044390891,-0.6457907165548451,False,True,34.949949017374934,13.066472540155324,50.54345539231048,119.11247104244835,0.39572999692522526,165.0,1.2
stable,93,2,498.80911692659885,1.2961690032777295,0.11802729525956542,False,True,35.21942204002265,10.125202739312844,50.25678824715135,121.04710443304064,0.26378925343228066,165.0,1.2
stable,93,3,499.1558335239931,1.2363603709859459,0.5724649107296083,False,True,34.98208841831117,5.349261360706151,50.42221544486477,119.65549738207042,0.38353262504647234,165.0,1.2
stable,93,4,502.2600051103952,1.2810767798438087,0.45401175077421935,False,True,34.97390807943084,12.16416856381469,50.19423007811535,120.05183590472457,0.6165357947612232,165.0,1.2
stable,94,0,497.9438893215403,1.5180038382825911,0.8097242709720276,False,True,35.35443919839841,3.0678822005125,49.871558052874384,121.08084771654735,0.29889324161802316,165.0,1.2
stable,94,1,495.45367823859874,1.490917316900419,1.0107748927786337,False,True,35.12914056634499,4.421886353179508,50.48595099519221,118.78940411732701,0.5683032497844694,165.0,1.2
stable,94,2,501.6841048192533,1.4474782185814739,0.10007092896278563,False,True,35.33077733034855,8.116865169349895,50.134517514494036,119.1989235371092,0.4219534610941249,165.0,1.2
stable,94,3,496.1123336612552,1.2858787737730162,-0.32447847817006836,False,True,35.178322633423726,5.526949440675548,49.84605321250909,119.66597037004694,0.5044814085471327,165.0,1.2
stable,94,4,498.7235305958784,1.354718150177274,-0.3374318491665213,False,True,35.06925413158152,9.950094904084024,50.06748757272939,121.28944292394269,0.5163154916868342,165.0,1.2
stable,95,0,500.56418218404326,1.216756508245195,-0.43402461685966104,False,True,35.29347163253429,7.6881374636043915,50.06104379838972,119.54296657060915,0.41102690416483195,165.0,1.2
stable,95,1,500.05265098387025,1.254173342846932,-0.7788226069267533,False,True,34.95143282327178,6.445428974942464,49.78273273649715,120.37978057993705,0.4172101586298217,165.0,1.2
stable,95,2,499.5617065153421,1.337555922170287,0.6582520609725191,False,True,34.86457074511491,6.607310209518836,49.97546342090719,118.44199092245908,0.6289652588888723,165.0,1.2
stable,95,3,497.5690820991121,1.079074663955745,0.24079095544834733,False,True,34.92151508164341,9.688895841130629,49.78334082807995,119.00576354154808,0.5111315678864148,165.0,1.2
stable,95,4,507.3079617470898,1.23277250990305,0.4480021203410644,False,True,35.06087795895117,8.38809924374067,50.23116548690022,120.10321691401175,0.6013086556491829,165.0,1.2
stable,96,0,505.3614211430083,1.462857995951247,-0.25857045161442893,False,True,34.89449099309023,11.972580379857423,50.022171864679265,118.30214332354649,0.48570268827373114,165.0,1.2
stable,96,1,502.01352847320203,1.403032125940058,-0.9751579316057581,False,True,35.03446476020131,8.303154444459784,50.47917691115083,120.26674966354112,0.5918858509697629,165.0,1.2
stable,96,2,501.8906141033248,1.2616131648353288,0.10316198376271878,False,True,35.069837853500154,9.044705912082563,50.08769932275788,118.49362225940588,0.38490702580753416,165.0,1.2
stable,96,3,497.8608437160237,1.4513890622382435,0.27296731315506717,False,True,34.805669433717995,3.5535539837763404,50.12292556611315,120.22463412533655,0.43115334255988114,165.0,1.2
stable,96,4,501.0019158241499,1.4966972584763372,1.0057819693653054,False,True,34.90636569913892,9.079162088156206,49.76584161870303,119.83759952003935,0.3760406754023454,165.0,1.2
stable,97,0,497.9330681243766,1.2578290920447104,-0.6470285936769372,False,True,35.08266899770555,9.8784965613304,50.354506639384866,120.57830322714958,0.37624440891339683,165.0,1.2
stable,97,1,499.36671867192626,1.4085812633258783,0.8450656360831484,False,True,34.89023368288107,10.710456855725134,49.83977454995189,119.67526066201376,0.38071000571611313,165.0,1.2
stable,97,2,503.37975771500993,1.4611067719899637,-0.16075056493980097,False,True,35.141150296648746,9.014724018068133,49.81199580964048,121.17236976229884,0.5623612484571991,165.0,1.2
stable,97,3,496.8034013286932,1.5767897662541634,0.4685703185019906,False,True,34.952461200290706,10.30853176214131,49.341596705978546,119.30853485872903,0.5665847428592988,165.0,1.2
stable,97,4,495.1622861948366,1.139229490766607,-0.31777230095054293,False,True,35.01680205405712,3.721012656621639,50.03122998533589,118.99554314243721,0.3905373867328561,165.0,1.2
stable,98,0,500.2545212740457,1.3512486719636116,-0.6915587281460103,False,True,34.89098704583946,7.507440606843931,50.06806636167427,120.01599465614456,0.2926223919077424,165.0,1.2
stable,98,1,499.4897208948545,1.2892604051341874,0.5037259589655605,False,True,35.18011160623638,8.605422135589594,50.040449293532426,120.60162009389633,0.40516884945100057,165.0,1.2
stable,98,2,500.57160236532246,1.3858781278909655,-0.15304546591873422,False,True,35.19231569237184,10.313019414287979,50.135047357335175,120.88858016839608,0.40547777245229466,165.0,1.2
stable,98,3,504.3763126306361,1.494501695582671,-0.4059912410334523,False,True,34.76360444817903,8.259046516903666,49.88772166622133,119.00493613910089,0.4754160288953472,165.0,1.2
stable,98,4,495.0105611245867,1.3988985943007395,0.31470114933598403,False,True,35.08478498551743,14.804004458934232,49.75844547289034,120.67340419081792,0.6122912037275063,165.0,1.2
stable,99,0,497.4450429247448,1.3376832610262772,-0.14319350744709222,False,True,35.18314691212466,10.270213771277856,49.90610008930511,117.5181502432931,0.41505306405812376,165.0,1.2
stable,99,1,500.37950966111794,1.367412039886873,0.04215598896987035,False,True,35.04718366936191,8.397169325212305,50.10639993664452,120.31350931307452,0.38252053391326235,165.0,1.2
stable,99,2,501.4118840583084,1.3239939908692084,0.7593350553943833,False,True,35.2086580113935,-1.9638336167380253,50.01574670661331,119.99391222545856,0.4482472028750385,165.0,1.2
stable,99,3,503.58246158145994,1.2848349299743729,0.003270005561638114,False,True,34.89955646785567,5.248053770804233,50.401027231939466,120.7298202774064,0.33414196198999413,165.0,1.2
stable,99,4,499.9981267347188,1.4592362980713054,1.0607020958280524,False,True,34.98336695397219,9.889288864332851,49.96876064994328,121.16974993356139,0.4427365074848741,165.0,1.2
wall_drift,0,0,496.2380717945132,1.1732833659076096,0.07675024875458675,False,True,35.079836370795256,8.759340749590299,49.61165618684983,121.23719587097949,0.2631330392113785,165.0,1.2
wall_drift,0,1,497.5520948327456,1.2546685229599015,1.1852764708798296,False,True,35.06889089021266,13.760019300133393,50.43880068573425,120.61977026046068,0.39952338137076593,165.0,1.2
wall_drift,0,2,502.06613655158725,1.1212774799746805,-0.05096720091663627,False,True,34.751734375008,7.275312152530914,49.675777394905715,119.87718953668602,0.5023095890943021,165.0,1.2
wall_drift,0,3,497.029423860009,1.2186795794226986,0.3513392929393862,False,True,35.10465434729701,8.286631316644696,50.72723745778691,118.14804475514,0.411820172845343,165.0,1.2
wall_drift,0,4,500.23432022215275,1.1121416885038133,-0.03423992788799991,False,True,35.38769766915805,6.418142148858326,50.019022445281024,120.21649196350286,0.6177878909247582,165.0,1.2
wall_drift,1,0,499.1884637713895,1.1434899382399517,0.4470374051629738,False,True,34.99790191974097,5.53249957138881,50.434494384006726,118.54391988907906,0.6935098127015695,165.0,1.2
wall_drift,1,1,500.4973322436183,1.3825696729055086,0.17520019361298275,False,True,35.13042294755299,6.152927742134593,50.013266048374355,121.02980093864717,0.5387503725825324,165.0,1.2
wall_drift,1,2,506.02433850864276,1.4860317962996985,-0.29010553822777774,False,True,35.06820151945105,8.569204112276505,49.693472086079055,119.41205285276047,0.33333066042437565,165.0,1.2
wall_drift,1,3,498.21317576742695,1.3641476801617383,-0.4201827950215919,False,True,35.04493786832314,15.114552553725938,50.06482540045891,120.24595881984229,0.3853748648331462,165.0,1.2
wall_drift,1,4,507.7540714834641,1.3440352789737289,-0.32991585291799025,False,True,35.17927895141958,7.406953381077474,50.02200851249091,119.73991887311902,0.4736148997551205,165.0,1.2
wall_drift,2,0,497.67924519538775,1.3141465753968233,-1.3290650423670713,False,True,34.93051658961637,13.751596239683813,49.79885900227094,120.24242657749676,0.7189976025252366,165.0,1.2
wall_drift,2,1,500.89144987324056,1.2216878027656684,-0.3743459331410659,False,True,34.727934412433854,3.0914195014178727,49.50394213947465,118.51022304374798,0.40994797894181956,165.0,1.2
wall_drift,2,2,495.72657234753024,1.4777169273230706,0.5411615420633153,False,True,35.12585811918374,8.219336860736023,50.408695716802995,120.68141836680351,0.5220394489036039,165.0,1.2
wall_drift,2,3,496.36450553275404,1.4515328435287649,0.6122792828107166,False,True,35.08831373204683,5.521858540403215,49.94595395035,121.84680488091834,0.7392514522862511,165.0,1.2
wall_drift,2,4,499.64424112982135,1.6321923232346625,-0.34192386594560736,False,True,35.01477752303156,10.619370464892398,49.8062419267585,120.38652789819352,0.5001518620911231,165.0,1.2
wall_drift,3,0,494.2238691458555,1.2588280211739826,-0.10633753113246032,False,True,35.11058017639502,9.417909411433211,49.966951807374194,118.5377330723055,0.7116519762768887,165.0,1.2
wall_drift,3,1,501.8039156226599,1.505569601596538,0.5897918696930122,False,True,34.80197751803552,4.004484653688149,50.1880579430766,120.00732842017052,0.5800276761164554,165.0,1.2
wall_drift,3,2,500.75431819120735,1.225646842523499,-0.14286821718769563,False,True,34.957487957399515,14.07732767297008,50.049391874268274,121.04690472526293,0.5931406233534994,165.0,1.2
wall_drift,3,3,498.1258522184775,1.2334580457126927,0.08440420643712894,False,True,34.91549412632948,5.0005228155110135,49.85047037566032,120.5716485886013,0.3942244311712909,165.0,1.2
wall_drift,3,4,497.2582087170668,1.3276435107210174,0.13530635093544743,False,True,34.898911353843694,10.312385031551884,50.12430252393047,121.83321298967576,0.3354541011260599,165.0,1.2
wall_drift,4,0,506.2667194230625,1.4086369608107956,0.19398884201199623,False,True,34.84807688166187,3.511512532999075,49.82448042793748,120.68477171642733,0.5114735095438014,165.0,1.2
wall_drift,4,1,500.74640330752055,1.4638043330154933,-1.1966012220308635,False,True,35.06423361929997,6.5583917861936385,50.38972858707077,120.1131146301466,0.4836157135851331,165.0,1.2
wall_drift,4,2,504.301828638677,1.4589412848814298,-0.7560618994508524,False,True,35.09260288693135,6.273173085320557,49.726270276870196,120.07469248165114,0.528799779253718,165.0,1.2
wall_drift,4,3,501.57565379372403,1.37237734424679,0.5140853484997557,False,True,35.03339476397225,7.511100863189762,50.193881824972216,120.80069634446066,0.6966892872883937,165.0,1.2
wall_drift,4,4,496.25561673341105,1.3042019758956083,-0.6314274878846724,False,True,34.890545612398405,9.608150953113606,49.64243501149241,120.12003756415645,0.4660304139604214,165.0,1.2
wall_drift,5,0,504.6630986224282,1.5531300530993135,0.08285348113779481,False,True,35.070233549252855,6.148798597724529,49.815044584855784,120.33366749710062,0.5706789443079221,165.0,1.2
wall_drift,5,1,498.87882691496964,1.2755803596690112,0.8381195005992047,False,True,34.932865622373214,5.952281749967969,50.20300991466398,119.81511367178679,0.6941385588538656,165.0,1.2
wall_drift,5,2,502.7449150581336,1.313454773452597,0.973968471940369,False,True,34.873268146997674,9.655638502071849,49.844612217369146,119.63207747094053,0.6262943859588965,165.0,1.2
wall_drift,5,3,504.9438061976499,1.3977144347113302,-1.2597772783271757,False,True,35.098165904158535,9.838460876865444,50.27095896202645,117.8635902126764,0.38762483666920117,165.0,1.2
wall_drift,5,4,502.5114566049983,1.1747879199711235,-0.11481321696131272,False,True,34.826748685584654,10.477115193542009,49.86104933813904,120.63338584010152,0.5934999538295673,165.0,1.2
wall_drift,6,0,501.6402174956977,1.1384272070282742,-0.11779744100164972,False,True,34.76520411241794,5.68666851035834,50.13150949729145,120.92885332599747,0.6088694809080148,165.0,1.2
wall_drift,6,1,495.59927365633257,1.2623881682615188,0.7208212979330496,False,True,34.995314920654465,11.768341183056787,50.53723588594755,119.64795876182062,0.6752604197434103,165.0,1.2
wall_drift,6,2,501.6144938486389,1.4184662592912973,-0.24251126403696185,False,True,34.91313292587525,8.584356696072978,50.13227232849337,119.77373574970258,0.34784027224331326,165.0,1.2
wall_drift,6,3,502.10647233410793,1.206855591482176,-0.6183822023701192,False,True,35.024592584054176,9.554820740213202,50.14553021370231,121.45321465728655,0.26351909079702013,165.0,1.2
wall_drift,6,4,497.4795930211732,1.469507927862736,-0.9044671981063034,False,True,34.87852347394877,6.161799381379919,50.35141592571426,118.61716060470081,0.43898919460183583,165.0,1.2
wall_drift,7,0,502.0083007642487,1.1106808028913124,-0.4738450890287178,False,True,35.06808188323918,4.022901057982786,49.90618716721177,120.57029209340163,0.27272522727691517,165.0,1.2
wall_drift,7,1,503.18585500607855,1.2622438741419517,0.6641014851101957,False,True,35.175658406815,7.862092531304906,49.60719179824042,119.76349729147509,0.4267424003425642,165.0,1.2
wall_drift,7,2,500.5272221454271,1.2498788855437237,1.1700261911638148,False,True,34.913954670857485,9.923705505707826,49.95370085527526,120.72036665357528,0.37853165971649405,165.0,1.2
wall_drift,7,3,501.6567483183262,1.4105414204371374,-0.047554537302206996,False,True,35.095524253131096,7.665148390425289,50.6230677813308,121.12010197170895,0.4824493086081686,165.0,1.2
wall_drift,7,4,500.2178231732407,1.462395453870626,0.0009159849063341404,False,True,34.938874643174294,5.2422332506855005,50.28085620748244,119.97518145058775,0.5760399133616131,165.0,1.2
wall_drift,8,0,500.081959072409,1.0016345867789043,-0.46722208064794857,False,True,34.8952615430562,8.950133269659368,50.07686266752423,120.59849512108357,0.31242321583922916,165.0,1.2
wall_drift,8,1,501.9893550361018,1.1929153796204148,-0.048856959511371645,False,True,35.23305921988246,10.945306144598367,50.30886402094367,120.9265546367138,0.4271871338191563,165.0,1.2
wall_drift,8,2,497.91073693415797,1.17645201428817,-0.38175864152478994,False,True,35.03820696741415,1.9597522087785402,50.56764606092401,119.55391153517888,0.3691739699079674,165.0,1.2
wall_drift,8,3,498.49424619359536,1.4468057113587138,-0.9780962718913374,False,True,35.09151761737864,13.007011908415032,50.503336091603174,120.347394185812,0.5453766499049884,165.0,1.2
wall_drift,8,4,502.54502120183395,1.2600094867567049,-0.6967559136703362,False,True,34.9124997221652,4.933084806158414,49.79040754297395,119.44350739092656,0.34751365440505966,165.0,1.2
wall_drift,9,0,499.85580259354504,1.2825464870683534,0.18169488294147507,False,True,35.10043705846619,6.745215190563094,50.564948490149725,120.00224123989263,0.5248598747146204,165.0,1.2
wall_drift,9,1,499.1016682462189,1.361947970024267,1.3447040636530163,False,True,35.20095269166738,9.340405470559666,50.20558775630381,120.54232710211296,0.5538499281731165,165.0,1.2
wall_drift,9,2,499.3677545946218,1.2373894284874387,0.22877387101898944,False,True,35.12473685774084,9.205341699135051,50.56860464502118,118.98694763137641,0.7020483720922805,165.0,1.2
wall_drift,9,3,495.09112013652725,1.3679043278025562,0.5906449671728452,False,True,35.1077153783393,9.903174443264078,49.29023238281634,119.53248451541718,0.3984738737337265,165.0,1.2
wall_drift,9,4,499.58554476633014,1.3461548876888663,-0.3240714145123726,False,True,34.88824361984407,12.389966655621919,49.914269941929334,120.7600494442673,0.4977814905218601,165.0,1.2
wall_drift,10,0,498.60639532959584,1.4773471154108342,-0.10846408438549535,False,True,34.897665335278646,11.15069621521956,49.59712578880304,119.2847045324714,0.5165462050928772,165.0,1.2
wall_drift,10,1,498.0838976183951,1.260054913533934,-0.4226008250449385,False,True,35.07870718994598,9.382280107083272,49.8851607592664,120.30303600947721,0.4766668390367226,165.0,1.2
wall_drift,10,2,501.1274135824098,1.1762808602140837,-0.8142587559467496,False,True,34.95427134991145,6.699775892448561,49.4351543336007,120.90456777344048,0.4875728873150317,165.0,1.2
wall_drift,10,3,493.89497843441814,1.5917297863033308,0.7615074333616733,False,True,35.11118425909603,7.7861452207607735,50.069879532857755,119.69670106022602,0.38954744871356795,165.0,1.2
wall_drift,10,4,500.4763498580257,1.1183045970128394,-0.05161188120539171,False,True,35.012918769937976,5.724049415142381,50.03755608604772,119.47144592083836,0.5032411886535517,165.0,1.2
wall_drift,11,0,501.4139095143166,1.2688472497817436,0.5548830503455371,False,True,35.002402170071015,10.258975243417133,50.27991183077606,121.11352872357817,0.2946846487062201,165.0,1.2
wall_drift,11,1,494.245981054431,1.3238580806932638,-0.06257466921111089,False,True,34.98960091524011,7.292488761031018,49.59127565856198,119.3765088565479,0.5138242066102606,165.0,1.2
wall_drift,11,2,501.45703202386983,1.144596364613605,0.650376330453322,False,True,35.04529521828232,8.701885526062522,50.042214497846764,119.07705706226196,0.43319905280084386,165.0,1.2
wall_drift,11,3,497.3984032610309,1.1783633135933644,1.2108696974810875,False,True,34.95834270246908,16.125563864055266,49.694670771307365,120.16189545265392,0.4319014018531917,165.0,1.2
wall_drift,11,4,497.5072021033648,1.3882454103430466,0.5697098161700084,False,True,35.18664508081382,7.119798437254389,50.38093401572868,121.01015644418553,0.5047368472912814,165.0,1.2
wall_drift,12,0,496.757603647081,1.2166239160843662,-0.03508202224941359,False,True,34.81257727135081,7.333590029484511,49.921248010362824,119.3923727149023,0.5173757760510542,165.0,1.2
wall_drift,12,1,508.921205187026,1.4128628045739782,-0.3883165089421073,False,True,35.199043792634015,9.772813242285793,50.27160634579439,119.25766910501314,0.37185359481527347,165.0,1.2
wall_drift,12,2,507.06582633561965,1.437201441117148,-0.24565334445965142,False,True,34.967147122296204,10.257698854635036,50.09022922361765,119.65441146684181,0.5733421770900784,165.0,1.2
wall_drift,12,3,498.91655985921176,1.1725719710038176,0.06672712459488075,False,True,35.10541085322473,11.972035086362224,50.205708335809206,120.95810647477049,0.5214563416291023,165.0,1.2
wall_drift,12,4,498.39753196077277,1.1305241208944,0.1758198491598249,False,True,34.872511625372994,9.457738676340428,49.503199176468044,119.08239265537438,0.34289426364934544,165.0,1.2
wall_drift,13,0,500.23585029093175,1.2033808587914399,-0.8117479728907807,False,True,35.11197523952525,5.612097768070272,49.94228125897639,121.99643401462227,0.5108998615281088,165.0,1.2
wall_drift,13,1,503.319498709148,1.271480187267326,0.5325457505339232,False,True,35.13986871050858,7.471695767509809,49.50013819726589,120.5665597300825,0.6022899514897521,165.0,1.2
wall_drift,13,2,497.33061137050623,1.2453599195488316,0.13750438385195501,False,True,35.03999215141867,7.490519312568994,49.45141773877365,119.25859688269843,0.5474976204666413,165.0,1.2
wall_drift,13,3,498.29362452265485,1.6004270722593101,0.11775012936925322,False,True,34.87534714906443,11.212554561965218,50.0577285908323,121.5253324359699,0.5918571318980252,165.0,1.2
wall_drift,13,4,496.6744612496682,1.1123725472787644,0.17948061113270677,False,True,35.201252419786506,6.065190764673766,49.57577563706775,119.90125673558809,0.317978730072617,165.0,1.2
wall_drift,14,0,506.3555062062606,1.1731531383514575,1.6396381779367206,False,True,35.22695760698009,10.444814671170398,50.05699392471598,121.74490881184411,0.3847074646740236,165.0,1.2
wall_drift,14,1,496.16810897855663,1.2712527468902903,1.010487817146699,False,True,34.78616759761678,8.062386250759063,49.767619370912215,119.9495027768028,0.39320904635251086,165.0,1.2
wall_drift,14,2,503.96627304099354,1.4605432428690188,0.2536759149325585,False,True,34.785091153959456,13.971494928313273,49.72183801221725,121.1423216475795,0.7171437264699138,165.0,1.2
wall_drift,14,3,501.8987262409621,1.4094635816368544,0.14054590272318027,False,True,34.95273662413172,13.863010266424304,50.19421539317608,120.73546353962406,0.6253372903129969,165.0,1.2
wall_drift,14,4,502.7477489456357,1.237039458962681,-0.7111716817719704,False,True,35.015628598258864,11.619471957668964,49.9205855425373,119.0677033368425,0.5036618521837418,165.0,1.2
wall_drift,15,0,503.09046907522645,1.2314874789608854,0.05173337742747925,False,True,35.02729222252977,7.887814588469776,50.11118995130211,120.30177532951788,0.5816766151661638,165.0,1.2
wall_drift,15,1,497.230889417438,1.2382724881468998,-0.6994659482589408,False,True,35.04486631417148,7.207051108579212,49.735153340191,119.53494011041154,0.6973445075645612,165.0,1.2
wall_drift,15,2,500.18276852120556,1.3203423300584594,-0.0242024383907224,False,True,34.947333580214455,5.3685721746416935,50.461342156018794,120.22192585138197,0.494839386371773,165.0,1.2
wall_drift,15,3,502.8215938571589,1.2438990055250452,-0.40184500712386034,False,True,35.02881680777138,6.807874446768279,50.087937484889856,121.09490301355466,0.3805141567442184,165.0,1.2
wall_drift,15,4,501.3533429507832,1.3378053338412013,-0.5524621365744513,False,True,34.71104685927355,5.267407614044912,50.51228296910935,120.70733772589112,0.36168260896852245,165.0,1.2
wall_drift,16,0,495.7417457673332,1.2119147479647434,0.34422582675219654,False,True,35.05695689251972,8.431963659948984,49.76849843367244,118.73415613942855,0.3141244428943094,165.0,1.2
wall_drift,16,1,498.75408286222586,1.2522513643075999,-0.1716985297927525,False,True,34.73115370840375,4.781174836974836,49.602071440223085,120.35651587748997,0.5726283197908765,165.0,1.2
wall_drift,16,2,505.6333649884809,1.377835768152167,-0.2995073379772351,False,True,35.07466654636866,7.496692389537456,50.02512970917349,120.74365632756995,0.31885365126829956,165.0,1.2
wall_drift,16,3,496.56972830545106,1.4583818383880738,0.3618536669178228,False,True,34.90561928064105,8.113108035453864,50.49397304123723,121.07893545330046,0.5920974207121077,165.0,1.2
wall_drift,16,4,501.0876667972711,1.4574715609421705,0.450519170131662,False,True,35.12652224347822,8.432178582946388,49.91692978523499,120.5170482321892,0.6010185922923383,165.0,1.2
wall_drift,17,0,497.06736523323065,1.3328973447775734,-0.6382634263480659,False,True,34.96630740633022,3.7460334803821196,50.307635886592614,119.62352210274148,0.4227505266878941,165.0,1.2
wall_drift,17,1,498.95285828327684,1.2526395517648052,0.6604017575250342,False,True,34.87960987268476,7.275837210370179,50.18036230612778,119.17266186922443,0.6422963710108718,165.0,1.2
wall_drift,17,2,501.55917603791573,1.1952509940041582,0.214077760351513,False,True,34.64911423134063,10.994524927866046,49.986881689083845,119.69390129862867,0.5007319728649307,165.0,1.2
wall_drift,17,3,503.68001734308086,1.2991052675905226,-0.5355730671646862,False,True,35.22829859676765,5.988303534124276,49.85357357678723,119.97210900330654,0.5731142373216281,165.0,1.2
wall_drift,17,4,498.31667342529505,1.2758631239557876,-0.5697528271609354,False,True,34.81613474180436,6.67243544518195,49.94566974412584,119.57980747803785,0.4630912604334619,165.0,1.2
wall_drift,18,0,494.2142666955245,1.4361824428735261,-0.4122051620890917,False,True,34.951609533003165,7.1591031593276675,49.444015628894014,119.97266974163799,0.5107037504463076,165.0,1.2
wall_drift,18,1,499.8155175700307,1.2419034880588102,-0.7867452347470707,False,True,34.83889404988701,8.366164598335326,49.21640030677778,119.89674799891783,0.612489161217295,165.0,1.2
wall_drift,18,2,497.36568548888795,1.127667092219996,-0.1480863038231481,False,True,34.84666433220141,5.03869034060888,50.27497287826082,122.42496381476845,0.2946496845439455,165.0,1.2
wall_drift,18,3,502.7391673374795,1.3214013221066352,0.7912439558320993,False,True,35.04328598115705,8.14396908078562,50.071091017192316,118.85672442432731,0.5104584831598459,165.0,1.2
wall_drift,18,4,498.9228020989195,1.483194698174856,-0.8506157620012478,False,True,34.9686832791723,10.863715043633235,49.58323988026437,120.04810786612829,0.4798646613033833,165.0,1.2
wall_drift,19,0,494.1395917389439,1.4577357329248848,-0.03325594179887301,False,True,35.05123115476327,9.656069461606764,50.229933784462936,120.54570125363631,0.5295863901601701,165.0,1.2
wall_drift,19,1,495.89036989893253,1.2757186415652886,-0.8505366128930412,False,True,35.07875590805664,8.837568763421473,49.188356646486966,120.37764590314657,0.32011604425290374,165.0,1.2
wall_drift,19,2,498.2575645093687,1.1503318311914563,0.17564711892846943,False,True,35.01861534486074,6.987625652081525,49.56227388208006,120.35964143532829,0.618831036140713,165.0,1.2
wall_drift,19,3,500.1729545917984,1.388654909510187,1.2979051628505012,False,True,35.02671294591388,7.744043519293558,49.70022950549949,120.43441838575818,0.6285050082421357,165.0,1.2
wall_drift,19,4,504.47802053757766,1.1313306965156666,0.07652512208595443,False,True,35.18932213444704,10.740221334976358,50.036555114032815,121.31379818423669,0.49036485922199086,165.0,1.2
wall_drift,20,0,503.5039814919249,1.4753427156783916,-0.3251865516504577,False,True,35.125676357447304,9.395864722462575,49.788582772549866,121.56460967730577,0.38686180642136186,165.0,1.2
wall_drift,20,1,504.62446749140616,1.3200943834176824,-0.06641132816806194,False,True,35.170328737806166,10.447265819840458,49.8116991252279,120.6620240941636,0.5319222610890936,165.0,1.2
wall_drift,20,2,502.51611174934715,1.438558152155538,-0.4956207630614717,False,True,35.12268731337635,7.558132919623514,49.62195337375276,120.01628710500422,0.4923490566824022,165.0,1.2
wall_drift,20,3,497.0632548779074,1.1670566297448342,-0.28074022944147164,False,True,34.80652424869585,12.316258531549241,49.72997445902513,119.70109232757672,0.5081837505436873,165.0,1.2
wall_drift,20,4,499.3484719259691,1.239326643661433,-0.3890205810639334,False,True,34.96953065947816,9.151017092703842,50.19554142127625,118.92794420161745,0.5902914612881719,165.0,1.2
wall_drift,21,0,503.9792773112671,1.5958926478780708,-0.1410951489585812,False,True,34.998465888100775,12.007201000423093,49.88555386405275,119.40283648809121,0.4425431441538576,165.0,1.2
wall_drift,21,1,502.0610430848222,1.26457839854999,0.2935000601781907,False,True,34.876266789964546,4.608663415276625,49.63140036799736,119.47743404811574,0.5266475957709822,165.0,1.2
wall_drift,21,2,504.44988943057064,1.2752288978452537,-0.13521778114025654,False,True,35.20484125390872,4.866348964589645,50.16885464741971,120.29446991516436,0.5291767896010208,165.0,1.2
wall_drift,21,3,497.346249464945,1.5071664735891264,0.6864830286526206,False,True,34.774626267016984,11.761351446667266,49.84279799417363,120.80315017904775,0.36289425035624134,165.0,1.2
wall_drift,21,4,496.38162850752417,1.308998474892335,0.12576698356136204,False,True,34.87924425999909,10.710491332322563,49.97075496153882,120.9034145171892,0.7474862837073055,165.0,1.2
wall_drift,22,0,502.7032043368943,1.2591465703401554,0.3736290241636058,False,True,35.16595470680977,2.9911917549969447,49.5967850909288,119.49556229315444,0.6849024661945046,165.0,1.2
wall_drift,22,1,501.6784799591257,1.3524493925013854,-0.5604838070639165,False,True,35.177906329201015,12.71517766285779,50.206501462175815,120.27004488048323,0.7187239876983365,165.0,1.2
wall_drift,22,2,505.3373293154784,1.3913287252378543,-0.44090955349690775,False,True,34.900518096904726,13.341058032564186,49.65727343990637,119.84008886521751,0.6088822440862481,165.0,1.2
wall_drift,22,3,500.68481930992414,1.3334229356558485,-0.6359321411174018,False,True,35.153361222657374,9.757904680725215,50.33474867677744,120.6199666096694,0.41086015112183283,165.0,1.2
wall_drift,22,4,498.9709744487364,1.3612514932217896,-0.20084571888797534,False,True,34.97021672748417,4.310654034970581,49.98313578698203,120.87769679007724,0.5043278771077068,165.0,1.2
wall_drift,23,0,494.7566777318391,1.3576916405523511,0.10625735326345291,False,True,35.0268282022922,7.501847174800337,49.512609590248566,120.04123761115954,0.44608041513208013,165.0,1.2
wall_drift,23,1,502.7070122958381,1.1007047182285525,-0.6891061884067918,False,True,35.16508700369207,4.760851251153399,50.33931190302552,120.69075177549888,0.5231455576568391,165.0,1.2
wall_drift,23,2,497.26390430214224,1.5059120189992912,0.01658340077839554,False,True,35.212382758673044,9.479772834851032,49.74254799200364,120.21654668134752,0.5033356711487693,165.0,1.2
wall_drift,23,3,501.54238091225216,1.4749317418837529,0.5954137976284717,False,True,35.20022332022074,6.668314737102534,49.41468924852618,119.51642989352875,0.5615670770188617,165.0,1.2
wall_drift,23,4,499.3724443890029,1.2537470867211122,1.0798515289280999,False,True,35.10428292268258,9.763832289146523,50.14600271257054,120.99526503630426,0.9306420953797132,165.0,1.2
wall_drift,24,0,502.62653065838145,1.2956041677587151,-0.6529545466921255,False,True,34.9636573735984,8.38435011565014,50.34021113733767,119.3788110324456,0.47065681538310306,165.0,1.2
wall_drift,24,1,494.807479574144,1.4060524877746121,-0.8129997041191673,False,True,34.98772671620274,5.619374939502636,49.7086719091315,120.77053580162338,0.6554370376421256,165.0,1.2
wall_drift,24,2,500.81290703789415,1.5176396545150175,0.5321917670536266,False,True,34.92345291547094,6.108995914848491,49.831926070446976,118.83920289896236,0.5126058339922839,165.0,1.2
wall_drift,24,3,502.13095702443985,1.2493292245057699,-0.22830808216687,False,True,35.01334149635284,8.33071115539321,50.03826241072746,120.25125503316322,0.49594013333288506,165.0,1.2
wall_drift,24,4,496.3797101931516,1.3248253317316894,-0.34843215236923347,False,True,34.89333425467325,7.894900661488186,49.69316849239182,120.6867301882786,0.5923547687285704,165.0,1.2
wall_drift,25,0,497.2571728898515,1.2247013191828027,-0.17494350076230333,False,True,34.910867799017005,7.085880011539755,49.84626994758224,120.46408233361595,0.6237925210133441,165.0,1.2
wall_drift,25,1,499.43084141690986,1.2415880617332549,-0.3300174230448066,False,True,34.92801215517518,6.384363073315666,50.173570729706015,119.68212768588945,0.549474177627303,165.0,1.2
wall_drift,25,2,492.81115292380247,1.2934339463200508,0.4965226211841095,False,True,35.05546111774449,8.67870799755864,50.331392816996136,120.94254294953934,0.49989442880251894,165.0,1.2
wall_drift,25,3,501.4481160018512,1.2809327668393324,-1.323262133677521,False,True,34.976682223016844,10.095725896622133,50.10218681214408,121.30171279423361,0.19528760058247147,165.0,1.2
wall_drift,25,4,496.3254370330535,1.2656432532695263,0.6326092861562369,False,True,35.027678673852805,7.963747493644045,49.61796326168108,119.57937728776156,0.6207720365231117,165.0,1.2
wall_drift,26,0,497.0557507493646,1.3184152581265947,0.3363338693619831,False,True,35.056188941608184,7.493709391793378,50.27890518118963,119.76471792308172,0.43613998477891347,165.0,1.2
wall_drift,26,1,499.38272018145426,1.1913468109955465,0.018104478423812617,False,True,34.96498292005192,10.896406918084786,49.82148907881827,120.56552457325994,0.3922204588894864,165.0,1.2
wall_drift,26,2,498.72081615463986,1.3784927064731693,-1.0562724555867944,False,True,35.181546727012986,10.29636326008855,49.709369283000825,120.20937373414854,0.5346857658552445,165.0,1.2
wall_drift,26,3,499.3036837683591,1.2555870576538066,1.1451164341615498,False,True,34.87044410875625,8.981182160609977,50.15819838273168,120.02705368975934,0.20372514923226093,165.0,1.2
wall_drift,26,4,499.74288230828677,1.3833916819348924,-0.8415846996158496,False,True,34.85151201195319,1.7214921763184492,50.22816018103579,118.38927876766738,0.4291620028663603,165.0,1.2
wall_drift,27,0,504.56040977966705,1.3726997315861003,0.8355416221461968,False,True,34.86507839941069,12.115138612603882,49.96291192399504,119.89693645290917,0.5368315496737973,165.0,1.2
wall_drift,27,1,500.27761623101384,1.5207857151873254,-0.6542279186182194,False,True,35.08544295905799,8.075295826353434,50.15461420255695,120.81538231241983,0.48560970305934104,165.0,1.2
wall_drift,27,2,506.98370525798924,1.5470502161650734,0.9634394890419706,False,True,35.177328829889284,3.0839896567819043,50.16153678411379,119.78847869856999,0.5331202648477035,165.0,1.2
wall_drift,27,3,505.03413212069296,1.1205638289623459,0.328810438453713,False,True,35.372068929148725,10.278487924516963,49.91192502921842,119.69847699534718,0.34380527643348335,165.0,1.2
wall_drift,27,4,499.9399129172239,1.335623546496253,-0.40328109396546247,False,True,35.17529249355253,6.906589392931028,49.6912463730962,118.1218012430422,0.54275031950356,165.0,1.2
wall_drift,28,0,499.4086561168549,1.4850587140455163,-1.2763147751304063,False,True,34.9353259026409,9.279193662352867,49.61370639930893,121.75830415521317,0.6807271107474775,165.0,1.2
wall_drift,28,1,498.9519488250058,1.158771647659349,-0.8096293843617302,False,True,34.9622033426728,8.89588097883194,49.873935465375745,119.5668055711465,0.49726637836646603,165.0,1.2
wall_drift,28,2,499.72562930126173,1.2696038958009996,0.12259350126189027,False,True,35.00297309426464,8.356100882980332,49.9727633987043,120.49320696019886,0.605915015075095,165.0,1.2
wall_drift,28,3,500.7851733729322,1.3790749975257381,-0.31079232909203264,False,True,34.855814543761234,9.799597743700948,50.447597783784175,117.73289464585964,0.4267262808500476,165.0,1.2
wall_drift,28,4,503.6816906088976,1.3304950053264684,-0.49211878251707725,False,True,35.02850031350248,4.459443981865632,49.946162840471516,119.82386097839276,0.562332084188087,165.0,1.2
wall_drift,29,0,501.8611403460498,1.1202124511416296,-0.6367238889497377,False,True,35.128958794328085,9.750761253089873,49.90031371086375,119.99237022531311,0.3199373471355371,165.0,1.2
wall_drift,29,1,502.89107267603765,1.2984680235609742,0.16245928718995326,False,True,34.628234291001284,9.558579135570314,50.4623461477873,120.19976772623632,0.6831029776076336,165.0,1.2
wall_drift,29,2,495.48196297991024,1.2804478314697794,-0.8091551113668106,False,True,34.912930509737805,2.95722431057212,49.85734472501892,120.55793568153014,0.6695181502625214,165.0,1.2
wall_drift,29,3,501.7199388835622,1.3124519758609872,0.5694259576766905,False,True,34.772070845018845,5.512203937306328,49.85733123967854,119.07584697579611,0.4620736755141607,165.0,1.2
wall_drift,29,4,501.40811726441615,1.3334147966813767,-0.3247425047544401,False,True,35.09601908236694,8.620215453590395,50.27992150671865,121.73576948658493,0.47692765345374105,165.0,1.2
wall_drift,30,0,493.6595444473054,1.3321713427932445,1.1022110466128765,False,True,35.09426564732358,10.996726878962956,50.338548168878624,119.33786199827142,0.4221156386635931,165.0,1.2
wall_drift,30,1,500.1066825419998,1.1631577962125828,0.0763851811492898,False,True,35.15065198806898,9.832290574271559,49.91656325862898,120.90684852456666,0.5511142476294884,165.0,1.2
wall_drift,30,2,496.0435643210872,1.5698413065853731,-0.7016230397728659,False,True,35.21897632658655,5.240944755776425,50.0491727418964,121.63399412584411,0.5258057573102012,165.0,1.2
wall_drift,30,3,498.10754643710976,1.363664814554469,0.2742916274835923,False,True,34.99335614091995,4.391723040285184,49.8732989950813,120.39186292535362,0.5928674847073939,165.0,1.2
wall_drift,30,4,500.4699237954594,1.5349547808044366,1.0217974855084704,False,True,35.00326578930397,7.654107033525209,49.85549839038504,119.11793250469404,0.5034575752257366,165.0,1.2
wall_drift,31,0,497.944921870392,1.3156782563941019,0.4547735201208817,False,True,35.23751806705081,7.153410496447512,49.62438593142385,119.17620876274901,0.714027241792804,165.0,1.2
wall_drift,31,1,497.0174495002602,1.495103653414015,0.47865074892279863,False,True,34.950594687472055,3.0699431975958387,50.18645300525065,119.24174488307425,0.44810145765848364,165.0,1.2
wall_drift,31,2,502.8718009972906,1.5814108144750467,0.18138377206423192,False,True,34.86445785734889,6.051088352173222,50.18109009314513,119.8360684395456,0.5679697309290919,165.0,1.2
wall_drift,31,3,498.9460994614278,1.4603205934391,-0.2043199769150611,False,True,34.926372005718164,9.450599529260533,50.13353157633816,119.69375001695053,0.4040077804207293,165.0,1.2
wall_drift,31,4,498.1527498671228,1.339928797131182,-0.5247043032882163,False,True,35.16761390428515,11.569144024786382,50.232552676232096,120.49742332708568,0.6968570467485407,165.0,1.2
wall_drift,32,0,500.62152609631056,1.431764193153059,0.1667323849779856,False,True,35.018760693852236,7.201813830660703,50.37561442882492,120.5888298318709,0.6901514656586988,165.0,1.2
wall_drift,32,1,498.5010378597545,1.307296458700998,0.747129592615007,False,True,34.86591339733009,9.349369320672038,50.263349150075925,120.272595489813,0.4681110544642912,165.0,1.2
wall_drift,32,2,493.10392467525725,1.0924513603234662,-0.4480968168696601,False,True,34.857261266907216,9.031934184974448,49.63252587542361,120.71601651380053,0.5849632966338945,165.0,1.2
wall_drift,32,3,494.69773304528667,1.3209036595666641,0.6190790385781735,False,True,35.138670116658474,9.509647724832428,50.33061857925268,118.88290262705797,0.4783757878481272,165.0,1.2
wall_drift,32,4,494.1174963543349,1.3285405351735822,0.674316433425446,False,True,35.00651264466278,5.91633661098727,50.461944154259996,121.92924010968169,0.4818338471042558,165.0,1.2
wall_drift,33,0,495.33062902688863,1.5374811411850626,0.32240975196141747,False,True,35.05749065142864,6.252252876441878,50.17719859387301,121.29620716966282,0.49050539818162237,165.0,1.2
wall_drift,33,1,497.5247156193661,1.3625288139361773,0.11971727782193914,False,True,35.09129317544262,13.166613664033454,50.38653559229763,119.67264172000138,0.38823444229530085,165.0,1.2
wall_drift,33,2,499.7562672285989,1.5184340156097615,0.2616964028184207,False,True,35.197877521423486,8.001897167727925,49.986561041761476,120.68257266767904,0.4984350734408382,165.0,1.2
wall_drift,33,3,497.3969192827967,1.3110809282650508,-0.5450184812194591,False,True,35.16739587545755,8.075980322280522,50.65036611477711,121.55355580541998,0.5972984024110273,165.0,1.2
wall_drift,33,4,496.56165503079666,1.467855019308026,-0.7475020635721085,False,True,34.927582618925584,9.832603333751988,50.06254105808309,119.72878586778683,0.4555400861945448,165.0,1.2
wall_drift,34,0,498.0030591985919,1.4101554675147874,-0.48720429223705897,False,True,35.09323327384065,14.783242875772288,49.9979154707668,120.47024848259555,0.7850918199482597,165.0,1.2
wall_drift,34,1,493.71355320098786,1.381959058737409,0.8773831905240494,False,True,34.97214979461497,12.848510923393036,49.85309724503062,120.49638169971449,0.6854750407670971,165.0,1.2
wall_drift,34,2,493.9645491691108,1.3410086562945018,-0.7166436528241393,False,True,35.13880552924273,9.211251311413687,49.77939558378347,120.89055471387832,0.4175247630878459,165.0,1.2
wall_drift,34,3,497.68629771736005,1.2445006171875626,-0.14053211852977904,False,True,35.014009582169464,14.8802878691981,49.74891262972532,120.79657048251657,0.40661137079017884,165.0,1.2
wall_drift,34,4,502.7173190349066,1.4545417392651254,0.681855935440445,False,True,35.05992826925504,9.281386802045601,49.82810167390762,119.32944877147557,0.44234877174670195,165.0,1.2
wall_drift,35,0,499.04970094094796,1.4786342477847367,1.1038401333734635,False,True,35.14911867181065,7.066042897301584,50.43820880239882,120.26670689550099,0.5257189822154297,165.0,1.2
wall_drift,35,1,504.9500884775407,1.464951006841476,0.2567107877941287,False,True,34.94848675790106,9.875299825265246,50.11467746596842,122.23193183943633,0.7185718184019964,165.0,1.2
wall_drift,35,2,499.02010169271125,1.3745339782477801,0.5129439378262187,False,True,34.96813751881806,7.655878027235417,50.18280209892593,119.72474698847441,0.5446289852883255,165.0,1.2
wall_drift,35,3,501.2528059479355,1.2651034730584998,1.0594200881602127,False,True,35.07934013366436,7.013701336717517,49.69730844503304,120.75517587666194,0.7427644537201723,165.0,1.2
wall_drift,35,4,493.97110368611874,1.3257497520363355,-0.2534611531700718,False,True,35.31373721729541,6.349922537020218,49.24025470046959,122.33395079601053,0.47042004698564466,165.0,1.2
wall_drift,36,0,503.0581886188419,1.564093965748962,1.151767904407698,False,True,34.928453519035585,12.016631650918976,50.04687792565484,119.31549963048226,0.7233319798936793,165.0,1.2
wall_drift,36,1,499.4078391021048,1.3052774226674464,1.2289586012239515,False,True,34.955441805283634,15.850178716959405,50.06041651762607,120.2355737067505,0.5467228655324394,165.0,1.2
wall_drift,36,2,495.27766868800813,1.6170437526081252,-0.21939386003649874,False,True,35.090138795304576,6.962219733828652,49.94468994044528,119.51539352435242,0.5971155246548966,165.0,1.2
wall_drift,36,3,493.4737255016432,1.3006135838732198,0.20420038600815782,False,True,35.06892333265615,14.554076661666219,50.41855673140525,119.63972866032984,0.3721634370605389,165.0,1.2
wall_drift,36,4,506.24330808803904,1.291478205996684,0.2050946903107424,False,True,35.03258737022791,4.849794092333305,50.198542176334556,119.11879072136144,0.4644537821118755,165.0,1.2
wall_drift,37,0,493.38644519250585,1.4604964806992122,-0.3845397244902401,False,True,34.95290528229837,8.913777398780109,50.396389465213645,118.81965649842752,0.6202488793517541,165.0,1.2
wall_drift,37,1,495.9030459970503,1.3460843861259115,0.7492855416268689,False,True,35.138670457279844,13.029561964886945,50.30135922581482,121.70085493938531,0.5406352443265457,165.0,1.2
wall_drift,37,2,495.3432446375842,1.2551069014628462,-0.48189719886896576,False,True,34.87418872835904,8.553884571748203,49.95477126889764,119.82032140758346,0.6697159053300388,165.0,1.2
wall_drift,37,3,498.2656108494672,1.4038903953950788,1.142389742520887,False,True,35.1962637256588,10.101646794451524,49.98603768161881,120.59310295062382,0.7493157140004049,165.0,1.2
wall_drift,37,4,493.10186518635453,1.4018899040928512,1.0452739271093483,False,True,34.835601937183334,9.518697561892784,50.11735826355686,120.07996282052746,0.5770728652441746,165.0,1.2
wall_drift,38,0,503.4347537530857,1.5218977936397433,0.028517169816348747,False,True,35.224181682321785,11.742440455459054,50.54581249226465,119.93687013666542,0.4818661563440365,165.0,1.2
wall_drift,38,1,494.27778106863354,1.5192575938362756,0.5775190852724891,False,True,35.07296944685343,11.676187900703168,50.18137393244557,121.47949570042056,0.6200345842484453,165.0,1.2
wall_drift,38,2,488.8819625634105,1.530106652053388,0.3434504470254279,False,True,35.194093157637944,7.206421956082218,49.57406203121895,120.06895069540967,0.5617140161252047,165.0,1.2
wall_drift,38,3,501.0800884210447,1.2173191247046224,0.05532375606198664,False,True,35.0500733814226,11.018830305646297,50.294893568796084,120.87008861087719,0.5614178881563632,165.0,1.2
wall_drift,38,4,496.8797563136179,1.4041500792024444,0.07318859737979833,False,True,35.21631830548221,11.985537225181544,49.81211494264077,120.78233970088617,0.5334522522127477,165.0,1.2
wall_drift,39,0,496.82766056900056,1.3145086000090151,0.800034665572607,False,True,35.19439703757507,12.241099948583972,50.240674671064774,120.98061976583325,0.6135622144106211,165.0,1.2
wall_drift,39,1,496.1456483796959,1.3222313793855114,-0.5074827507171449,False,True,35.09903616923805,6.916111630674013,50.044305559358754,119.1716924665807,0.694201107484099,165.0,1.2
wall_drift,39,2,492.3780858185419,1.249912834820472,0.3822931873415886,False,True,34.993098263415206,6.366965887129209,49.80922873885988,121.15758646906184,0.3759929034665488,165.0,1.2
wall_drift,39,3,498.77552435768274,1.5517230899627865,-0.1976468591351293,False,True,35.087931977014385,4.746160239935963,50.67394378389447,119.40958294264021,0.6002029784094097,165.0,1.2
wall_drift,39,4,498.1562501611466,1.2871255227940368,0.9657324856529844,False,True,34.99368320730744,11.345035942124092,50.42231959740901,120.65588487514363,0.8105371400407331,165.0,1.2
wall_drift,40,0,496.2942908711537,1.6109651142041805,0.23611236252653284,False,True,35.215074264608255,7.239051203238278,49.495166248638654,120.92992888081967,0.5900074691738681,165.0,1.2
wall_drift,40,1,495.96469642967526,1.461699361149531,0.27657901044558275,False,True,34.81886421488445,14.885449580973717,50.06462713362749,120.03495807441341,0.466711969442836,165.0,1.2
wall_drift,40,2,493.3490704943006,1.4044512041911292,1.233602426536042,False,True,34.83622326818556,15.131990981088128,49.40041267546499,122.56152738647882,0.8030164055236477,165.0,1.2
wall_drift,40,3,497.95421932840776,1.512684433303867,0.0684336316130599,False,True,34.877161085739786,7.4279136149102145,49.96587104759162,120.74717521578815,0.7995316391551646,165.0,1.2
wall_drift,40,4,493.455059545848,1.2422934756467197,-0.6101169811413327,False,True,35.290344665262246,17.19226763396634,50.31015160422612,120.86583502963295,0.4702369828119475,165.0,1.2
wall_drift,41,0,498.1441486569535,1.4865935681921854,0.5830703755253931,False,True,35.107136654481074,12.23099686559989,49.97886362039682,119.36538553748083,0.45371134343502373,165.0,1.2
wall_drift,41,1,495.6804460468445,1.4656559310559556,-0.2800273185756934,False,True,35.08884914106146,13.748893282906083,49.770398383614825,122.50157995364718,0.49873340845054004,165.0,1.2
wall_drift,41,2,497.9795817235612,1.5516343096151177,0.6764790476987579,False,True,35.12582725350045,14.221450416243632,50.01556624766911,121.28992618936046,0.753635915522575,165.0,1.2
wall_drift,41,3,496.4189887820825,1.472361101697029,0.060160309331772965,False,True,35.0696502150391,15.334300389804454,49.71115300526969,120.31032871247034,0.651009735576735,165.0,1.2
wall_drift,41,4,491.99382930998405,1.38139912156219,0.45790200405596604,False,True,35.11987123763787,8.218781696728762,49.96442804341247,119.47554167789889,0.7575593871080987,165.0,1.2
wall_drift,42,0,493.17937742224285,1.4289379799828914,1.0174132152739102,False,True,34.99515021926046,10.127306583695212,50.33692202709178,121.72216749044942,0.697758848500399,165.0,1.2
wall_drift,42,1,498.2194436307155,1.6310648550054834,1.7591317538350437,False,True,34.909347257774456,7.837837582643266,50.31496249337538,120.76021780338523,0.544781422430205,165.0,1.2
wall_drift,42,2,494.8568585317278,1.427456731134544,0.4974507164797183,False,True,34.9435663296023,11.63609491090171,49.83307040217235,120.65533572827016,0.6719058990846536,165.0,1.2
wall_drift,42,3,495.4462387452716,1.3932188337787648,0.3226967247620907,False,True,35.04475961160583,14.154624802546099,50.13813291649851,121.4931670634754,0.7992867164032132,165.0,1.2
wall_drift,42,4,489.6281001997569,1.4858092063129522,-0.21056094731049896,False,True,34.7993798323143,10.8825313732279,49.964302059687995,121.4689697147341,0.7414847885785784,165.0,1.2
wall_drift,43,0,494.3738099773294,1.6194099335518097,-0.22342473348520075,False,True,35.15280272995226,15.891799219889263,50.58869804406241,121.50547478771007,0.8731751528845366,165.0,1.2
wall_drift,43,1,496.6129836002986,1.2640970989559157,0.599199102896491,False,True,34.943191706896584,7.288973740276492,49.73682058197458,122.31348861621792,0.7811345370815612,165.0,1.2
wall_drift,43,2,492.7997320757095,1.4051544252056651,0.965151236435513,False,True,35.04210562965525,14.5308350851467,49.85286171745187,120.88610875422135,0.8239505957838762,165.0,1.2
wall_drift,43,3,495.6945923022289,1.5055666937448182,0.46679194511344146,False,True,35.23387855658423,12.61622369100889,50.26997452141406,121.44985201554668,0.7795345953875971,165.0,1.2
wall_drift,43,4,495.75849972852194,1.4890819219520643,0.04782486066249164,False,True,34.96191131642524,9.346776073492478,49.75365789128611,119.02819019864849,0.6994268483072781,165.0,1.2
wall_drift,44,0,502.9762654425094,1.4127497990218005,0.11507064386742172,False,True,35.103976489750764,14.185934364607453,50.028154773622184,122.30909382459639,0.48810292585035164,165.0,1.2
wall_drift,44,1,497.6278372383509,1.7421065382142487,-0.05765485688943012,False,True,34.763253251357085,8.877662376908479,50.221339845054764,122.11759784459599,0.7264840710240605,165.0,1.2
wall_drift,44,2,494.14640040618656,1.4325399191619304,-0.22133482399765758,False,True,35.0204616761358,7.123366552531468,50.13384921438113,122.27549366039297,0.7799841802036118,165.0,1.2
wall_drift,44,3,497.81659104472493,1.224466845115654,0.16684986729325227,False,True,34.895502654569604,10.611156646190258,49.861693008099365,122.71379676517172,0.6664950683510914,165.0,1.2
wall_drift,44,4,495.0090011592625,1.5647430794983714,0.18414627905099343,False,True,34.88265674056077,7.4586338599387725,50.24755146644836,120.50520719189731,0.7302136032781366,165.0,1.2
wall_drift,45,0,498.25211000286237,1.4483685641761845,0.5017741841517789,False,True,34.941342595654596,9.198006338793418,49.631443902696226,121.67489572594286,0.6409687302762588,165.0,1.2
wall_drift,45,1,494.4088185077417,1.448849507503686,0.8627786244858894,False,True,34.85875902782047,14.44321219199121,50.73030927864286,121.66156101675362,0.9517000513866581,165.0,1.2
wall_drift,45,2,493.0065782936254,1.6019997620450157,0.7652120428761127,False,True,34.971780866704265,16.83935866899336,49.404835810604666,121.34524534846814,0.5756254327768586,165.0,1.2
wall_drift,45,3,496.9624412552238,1.590709783694275,-0.12939787654115759,False,True,35.12818990654878,14.894191842016744,50.03187535711462,121.32583236738232,0.752543422201549,165.0,1.2
wall_drift,45,4,495.866834510572,1.3693453520233452,1.7664641481106347,False,True,35.22543085587968,6.432557631418373,50.057813262551754,121.45418710833121,0.6234599403820134,165.0,1.2
wall_drift,46,0,498.65471767224557,1.6687509222842514,0.22450596973603873,False,True,35.184399434592365,14.231617389694732,50.0578412187555,120.37798578559871,0.6925790520557219,165.0,1.2
wall_drift,46,1,492.44124954900644,1.5341223905339416,0.8825502280581791,False,True,35.04600746409917,11.548550535724281,50.34991958402644,121.66924222872179,0.7281359872167332,165.0,1.2
wall_drift,46,2,492.61578771777215,1.6179563401778954,0.49336713619137,False,True,35.047042729239166,17.228416568418318,50.10622445784644,122.51369779328076,0.650369472979317,165.0,1.2
wall_drift,46,3,495.0043532566845,1.6378880747412,1.212830189762947,False,True,34.80351620607286,12.840562344001595,50.51728347984515,119.49705646640241,0.7985159998242332,165.0,1.2
wall_drift,46,4,495.07151837876256,1.5058354951122797,0.07360741456807196,False,True,35.40874726158816,16.873686537075788,50.00533190332461,120.73047437904862,0.7826923748183818,165.0,1.2
wall_drift,47,0,488.7291920097503,1.5034407199656215,0.41639880251487627,False,True,35.15706720319352,9.546003525214424,49.77669545859891,121.68088742396282,0.6826823882923896,165.0,1.2
wall_drift,47,1,489.7951418425495,1.5912802052378439,0.09750615953794162,False,True,34.939458847608584,14.785346630594484,49.891794983985356,120.70672315011514,1.095632789957242,165.0,1.2
wall_drift,47,2,493.51667283798935,1.4695996601970516,0.41349537255787167,False,True,34.988502894712724,14.88324920513768,50.45344114641449,122.14183520698698,0.9511632480264388,165.0,1.2
wall_drift,47,3,498.5688307342505,1.4378651919916006,0.866429046666398,False,True,34.93947112853228,20.328265066478984,49.95526343949371,121.66096599903919,0.7848136285775413,165.0,1.2
wall_drift,47,4,500.70170027968834,1.6512078336006426,0.2545426942491156,False,True,34.944653871631154,12.566508576321782,49.688106259860035,122.42923113815957,0.8281498631720339,165.0,1.2
wall_drift,48,0,492.45279244423557,1.75791822028317,1.6381042361985025,False,True,35.03298277577952,21.598928786060895,50.391730975260316,121.27680157090423,1.0369704061133682,165.0,1.2
wall_drift,48,1,492.4789607400494,1.4762980364800586,-0.4851762778137534,False,True,34.99781010828359,18.93245737890041,50.28359284802856,120.31767256116115,0.777252849417133,165.0,1.2
wall_drift,48,2,491.5679053789968,1.5255972789882086,1.17222668969638,False,True,35.02059150750462,14.946647067884165,49.690278344485385,122.9923019686228,0.6194849107148628,165.0,1.2
wall_drift,48,3,498.2103096151756,1.4049176642860488,-0.06711031406478218,False,True,35.309681660444134,10.047515547888803,50.05050729235445,123.0024739316466,0.9204223391320999,165.0,1.2
wall_drift,48,4,492.5932123534204,1.5639535290943434,0.9339064148752867,False,True,35.1146209485936,16.19638909239834,50.118597628198444,121.77412111567149,0.7834500886621182,165.0,1.2
wall_drift,49,0,492.1954795200924,1.5164930118810624,-1.4002724354207214,False,True,35.097208114378866,14.03148918009895,50.099141526829655,123.50735022747803,0.9178204072013297,165.0,1.2
wall_drift,49,1,488.89038549758493,1.468632757164938,0.18543299390323592,False,True,35.103613428314475,16.935031506800964,49.99688812804741,121.45696042756407,0.6550749649377001,165.0,1.2
wall_drift,49,2,495.2241657043437,1.460394977713006,1.2582221039215002,False,True,35.214543413124105,13.696582276290965,49.72318657809431,120.92471537301047,0.7228962570048496,165.0,1.2
wall_drift,49,3,494.0946573068713,1.5772445481987556,0.6361400048818253,False,True,35.07134031216122,12.3887450962301,49.81048136927587,119.75960164004753,0.7489147089240205,165.0,1.2
wall_drift,49,4,493.0807912503684,1.4711459924719286,-0.03833646878872743,False,True,35.24945222515703,13.068444892696913,49.865741891736164,122.08650652347069,0.5937837939340171,165.0,1.2
wall_drift,50,0,491.4800219653168,1.3233082872511703,0.9152689253516191,False,True,35.01446358216108,12.813627598159325,50.12204894275355,121.02566616785835,0.6633282384877142,165.0,1.2
wall_drift,50,1,500.2581351615686,1.5240548795370248,0.7002562851430747,False,True,35.11485297216151,17.84797694692688,49.716308306899926,122.9105334605676,1.0855653415918445,165.0,1.2
wall_drift,50,2,500.67267821447336,1.6633220457128548,0.937372236105196,False,True,34.82648765670775,18.722416038287214,50.1149021524436,122.32235329686735,0.7403338447231665,165.0,1.2
wall_drift,50,3,496.9823764779506,1.4576621120768807,0.0887136540983276,False,True,34.911688052118905,10.461836362906496,49.77958560956086,122.34916131325849,1.0523263738979578,165.0,1.2
wall_drift,50,4,498.64624524645797,1.393267814348752,0.12147281826350731,False,True,34.905255990054584,13.291712265087508,49.785855046416565,121.88131697980144,0.6827992842791879,165.0,1.2
wall_drift,51,0,489.3769676706464,1.8017593846198783,-0.26341572719188,False,True,35.121214100109434,19.322906081015446,49.815933899175775,122.36067628709223,0.937384463977811,165.0,1.2
wall_drift,51,1,497.1743771560122,1.6096101813329162,1.1027449807511367,False,True,34.96857894020627,18.13013482924367,50.102992536611644,121.68020202274181,0.8255508165948378,165.0,1.2
wall_drift,51,2,489.7284627033737,1.6583413130225553,0.3338665842973612,False,True,34.77212401889649,14.075684249908564,49.8835896977149,122.87008014469663,0.8319899992453479,165.0,1.2
wall_drift,51,3,497.968615493523,1.7964253634589338,1.532988777899385,False,True,35.03111273306303,17.12542820216356,49.82531821859299,122.40998471583251,0.9435526658419722,165.0,1.2
wall_drift,51,4,498.5539331977287,1.4826380271149302,0.6496298604842059,False,True,34.8906145766563,18.780271552523153,50.08008781531369,121.93045355952668,0.7624544378966642,165.0,1.2
wall_drift,52,0,492.73911192447275,1.7522287243641694,0.7087740799447586,False,True,35.000740938923364,18.647428958916603,49.53455524051274,120.33590244677023,0.9275176378406912,165.0,1.2
wall_drift,52,1,495.8083820461797,1.7276546394529821,-0.4172999133773242,False,True,34.982444842061426,15.510477964657461,49.57506767203422,120.97449038167592,0.8336991128218022,165.0,1.2
wall_drift,52,2,492.1120544087131,1.738092901859472,0.502915889850321,False,True,35.25172342687797,17.173890588384733,50.15940124825474,121.09063200404734,0.8742064491192865,165.0,1.2
wall_drift,52,3,491.96987608373473,1.5643132445713734,0.6342127392278698,False,True,34.83001701451304,13.475732400159957,49.52384274114762,120.89154957457727,0.6620179251772967,165.0,1.2
wall_drift,52,4,494.12767867624746,1.7826826361916748,0.4650979123168364,False,True,35.180353944977334,14.488829671815758,50.10261249640869,122.7214335907513,0.9673139888795126,165.0,1.2
wall_drift,53,0,492.80261826203764,1.613332331783843,0.5567406923112117,False,True,35.21916163666942,20.415957158622568,49.849630597498006,121.64935314931131,0.7978293892028087,165.0,1.2
wall_drift,53,1,488.26915191402213,1.5908513392772181,-0.08258023934300085,False,True,35.01604304147804,12.496212043801895,50.62826889885128,120.61519868575934,0.6859830221490452,165.0,1.2
wall_drift,53,2,498.7934709148233,1.564101594799439,0.5163842475323486,False,True,35.09963167744234,17.607381162273363,50.221889287219426,122.85465373551283,0.8653460947764584,165.0,1.2
wall_drift,53,3,502.66660952000535,1.6457733280603983,1.2053241528357759,False,True,34.91276760591006,13.903793802720557,50.043967111579896,122.49352369909991,0.993441555544947,165.0,1.2
wall_drift,53,4,490.47945670642247,1.6119672081982133,0.2166183038173609,False,True,35.017027578072536,14.699562059766818,50.026674498963786,122.21027217322946,0.8826634733239399,165.0,1.2
wall_drift,54,0,488.24043343965525,1.621887473407584,1.357633796616743,False,True,34.830026396080534,18.80226904290295,50.0632751760452,121.49309884504095,0.9072252849584775,165.0,1.2
wall_drift,54,1,497.27972383284157,1.6634738283808665,0.951208733057286,False,True,35.22640176546934,15.420769050808913,50.28210837115752,121.49386130765474,0.9028197539003542,165.0,1.2
wall_drift,54,2,495.24796137826684,1.5305687950659863,-0.02213980881263966,False,True,34.97695015152949,14.5244496412391,49.76853317363387,122.7193375708026,0.7451007243864226,165.0,1.2
wall_drift,54,3,488.1375386929348,1.739231569930832,-0.8438511494763793,False,True,34.93063590432792,15.618235020277844,50.35130692997379,122.55916166087096,0.6711777131788178,165.0,1.2
wall_drift,54,4,489.6382948131114,1.6174874155386645,0.4324943650881097,False,True,35.229031330609,18.20864476694296,50.09765463584959,122.17550486251046,1.0155119776055288,165.0,1.2
wall_drift,55,0,496.63051653219316,1.6553468325438634,-0.2638606562612319,False,True,34.9571761031588,11.335076438620968,49.27039370028059,122.90711897755021,0.8248869328786305,165.0,1.2
wall_drift,55,1,489.49530854796666,1.7476725556108903,0.13162145023928074,False,True,35.164507520932695,17.545843953889637,50.18681773527677,123.4001057696546,0.9728583135644026,165.0,1.2
wall_drift,55,2,496.00002607819744,1.7163871277707932,1.0405820880087224,False,True,35.14050445009195,18.54860430631055,50.27796022228175,121.83111114251815,0.91485635017685,165.0,1.2
wall_drift,55,3,489.1946531508948,1.720863979354234,0.3559423346725446,False,True,34.98362039542723,15.853988155508235,50.01752383701592,122.02081103347885,0.9317279277621862,165.0,1.2
wall_drift,55,4,492.9823983552482,1.6957025766470168,1.3273337851894942,False,True,35.25843183931618,20.95537391689025,49.94208240335505,123.33880710970344,0.7280396480147386,165.0,1.2
wall_drift,56,0,494.12578402182504,1.662024651036035,0.712121480175715,False,True,35.14089290812627,18.567234361885124,49.4802280017413,121.74264200682136,0.9586363503379514,165.0,1.2
wall_drift,56,1,493.2026236860818,1.6931352323352231,0.9986246870389949,False,True,35.18246082621346,10.342788606990041,50.10135508845082,121.74099563385143,0.9746700806123378,165.0,1.2
wall_drift,56,2,483.0934741596782,1.4619578634814858,0.8133038438465284,False,True,35.18433219392258,15.140377170657112,49.61820826942881,122.05481223475127,0.8901330604783849,165.0,1.2
wall_drift,56,3,492.7900166168051,1.5095375081768043,0.6650678002638655,False,True,34.78732477448317,19.32424720052467,50.23158918809967,122.2112596665907,0.8304626836083129,165.0,1.2
wall_drift,56,4,494.73250477612055,1.5129213469976057,0.1732259680534144,False,True,35.11188850112499,11.515642297827162,49.7765164653528,123.14951001182247,1.0906311919140226,165.0,1.2
wall_drift,57,0,493.1173317590911,1.3908497750006577,0.7060377973171569,False,True,34.99119036768709,16.49544662611538,49.807072478452966,120.51752320187947,0.8248673892223901,165.0,1.2
wall_drift,57,1,487.51776683745055,1.6553431477759435,0.5789842726950847,False,True,35.271517596359914,17.95822219971741,50.18135501576066,122.6411250993156,0.8859458714861342,165.0,1.2
wall_drift,57,2,490.4388508669905,1.6179151370225424,0.30314491731551274,False,True,34.92951626231997,20.599481343272373,49.978267808026075,121.53362600030778,0.870774865209307,165.0,1.2
wall_drift,57,3,492.9277691097507,1.6647447164730056,0.9329670545733499,False,True,35.221883176102324,10.173443342575405,49.887432386430994,121.93389944503463,0.7552019338643213,165.0,1.2
wall_drift,57,4,490.12410522051755,1.7789850320204361,0.696029526657753,False,True,35.03113331905986,20.737662307105058,49.866088367572765,122.99395462037438,0.9770015254601326,165.0,1.2
wall_drift,58,0,495.2057318741,1.6215616656925165,2.408190776500822,False,True,34.84676288486054,16.595897094584867,49.35543884150788,122.47219192192378,0.8596493352174408,165.0,1.2
wall_drift,58,1,492.46858230794777,1.689598863769034,1.026374222529916,False,True,35.03672179538054,18.521577115538484,50.22546159522407,120.96551428981445,0.8606373019567798,165.0,1.2
wall_drift,58,2,496.0091710176757,1.6364818931864207,1.0873861404308116,False,True,35.19904742091111,22.53773115728508,50.011948717360944,120.43457735036803,0.9488812376973921,165.0,1.2
wall_drift,58,3,491.59517461166394,1.5399312186322809,1.0320514146303172,False,True,35.057865052408545,17.128619068108435,50.15872959826726,122.5547302446547,0.8744418732796521,165.0,1.2
wall_drift,58,4,499.76078408684793,1.5429435149991368,-0.13747905248939452,False,True,34.99481797488582,22.783245422193133,50.17414632862644,121.78425514122914,0.8761494219396323,165.0,1.2
wall_drift,59,0,498.5692673330636,1.54018865162932,0.7885761832099898,False,True,35.07597779563758,20.918827141789897,49.68395449665745,121.78558284952821,1.0343447836982984,165.0,1.2
wall_drift,59,1,487.8462216926199,1.830407381476657,0.6984461742625521,False,True,34.83354581072491,21.362989028627794,50.4007269617719,122.37108948284882,0.8684731469042513,165.0,1.2
wall_drift,59,2,495.11546106640606,1.7175124448666257,1.4972008583472478,False,True,34.79867533930681,17.83199410419013,50.08710293472692,123.53855847535415,1.0679723241233288,165.0,1.2
wall_drift,59,3,485.67166072261193,1.5954025753924692,0.12020386008297612,False,True,35.163907972438345,18.803201868309284,50.44014708160185,122.86463146156012,1.0119739541921768,165.0,1.2
wall_drift,59,4,490.84178178641014,1.863507026475143,0.4172953010428007,False,True,35.0068026543185,14.523412736231752,49.82524264728303,120.39825329276613,0.836437453131849,165.0,1.2
wall_drift,60,0,492.0812516867388,1.3597097926306345,0.6003143292583168,False,True,35.03239843182575,17.195578853899335,49.7261212152634,120.18342702897932,1.096721393147109,165.0,1.2
wall_drift,60,1,493.1563692828227,1.6592114744109525,1.863170615936956,False,True,35.06480056601496,19.864760636458648,50.07891194733881,121.10496286575008,1.0565486106661837,165.0,1.2
wall_drift,60,2,491.09258096901027,1.7238756496061498,1.6018867555075202,False,True,34.88767678241057,19.5727871620304,49.93218905584582,121.31754824473849,0.7969440109525385,165.0,1.2
wall_drift,60,3,491.63371409274595,1.7545494526180392,0.6169878048078554,False,True,34.94876454266943,22.154623331221202,49.75474296685609,120.33606351191813,1.07888513153879,165.0,1.2
wall_drift,60,4,487.0372137264732,1.7102942333662945,0.0795983479329111,False,True,35.12963018667874,23.181397735431307,50.069635090257094,121.80057778843019,1.2235193997242824,165.0,1.2
wall_drift,61,0,493.8182907955182,1.8400115394202599,1.537350438861554,False,True,35.168722031262504,15.304548652010473,50.205708201888726,122.27126135407984,0.9760001073225527,165.0,1.2
wall_drift,61,1,492.1307521182746,1.7044455792119995,0.8616196527326793,False,True,35.0817430204864,16.06711265897842,50.15349962880183,122.68484206714015,0.961810371288758,165.0,1.2
wall_drift,61,2,491.16655050104737,1.4970937936753983,0.908443730064511,False,True,35.119713468579526,21.56743398053603,50.73230566936242,122.81079916300968,0.8564412204396176,165.0,1.2
wall_drift,61,3,492.8763547955204,1.776552675568315,-0.6126893660041713,False,True,34.84625324239989,20.972830536781448,49.666133336641515,121.28736258609709,0.9288330295267495,165.0,1.2
wall_drift,61,4,484.94658390033686,1.4848709948230783,1.1502109285087339,False,True,34.983019442350916,17.64577036762572,49.942711982611655,122.94646816006622,0.9307803475456323,165.0,1.2
wall_drift,62,0,492.58951411492075,1.836415601253742,0.5885766951960991,False,True,35.122506821343904,17.304342878870134,50.35327967220156,120.19991099894143,0.9282157571492091,165.0,1.2
wall_drift,62,1,491.4699550365811,1.762566559832105,1.0443543840364997,False,True,35.229228885826096,21.004411810965326,49.99182834854164,123.19834943316437,0.7056558334235388,165.0,1.2
wall_drift,62,2,493.76398308183764,1.7219258966430657,0.45113667572847155,False,True,34.87626608163816,23.154277498059596,49.9126678511958,122.95888823522668,1.1007645641459247,165.0,1.2
wall_drift,62,3,486.8206708433194,1.758880402564679,0.15139878609916346,False,True,35.081959641337825,17.90122827208255,50.32112622731888,122.39280131757967,0.8211208671688203,165.0,1.2
wall_drift,62,4,489.6208426083028,1.6137641130036715,1.941706189766435,False,True,35.31294686600708,20.197281382395726,50.317023220123694,122.36690674169189,1.0941932400766807,165.0,1.2
wall_drift,63,0,488.9932500908771,1.9166273226531272,1.885948740015567,False,True,34.683322305463555,19.81129639786365,49.97697891132057,122.89796064559934,0.9143983353898162,165.0,1.2
wall_drift,63,1,486.9012123008389,1.5603943960889093,0.2851203806678161,False,True,34.85452139148399,21.83207476915059,50.07202524578875,124.25226735977864,0.9040401672721918,165.0,1.2
wall_drift,63,2,489.0772757868429,1.8028661599550078,1.398723958978477,False,True,34.88987863969195,15.55573613674684,49.70024012115137,120.88977534736836,1.0198437111885217,165.0,1.2
wall_drift,63,3,494.95101221255555,1.6423919862739622,1.1330412031478625,False,True,34.876681555239536,20.144545818721895,49.75936859940479,122.18841978432918,0.9049583903925085,165.0,1.2
wall_drift,63,4,482.094374810086,1.617702216924964,1.3093461804911182,False,True,35.20123552760016,20.488352231087664,49.921410899411846,121.10106119833523,0.9948474893606294,165.0,1.2
wall_drift,64,0,491.1097971023899,1.7123369305658476,1.0084848850435157,False,True,34.93342383259202,18.91011816506085,50.08051476576724,122.31282517105815,1.0659115617847592,165.0,1.2
wall_drift,64,1,493.9297138313467,1.8900751583722257,2.1620137633063115,True,False,34.903610899407084,20.407341690782538,50.22364239635047,122.65137475800047,1.0995306229451356,165.0,1.2
wall_drift,64,2,487.3302740625975,1.8955261453973034,1.4821165472288151,False,True,35.10465380238672,20.982531225420843,50.2221167398581,122.39277443648389,1.0478607635608597,165.0,1.2
wall_drift,64,3,490.8509519999682,1.6727688137260144,0.21685442939237498,False,True,34.96624044981504,17.54183993451268,49.48093242188958,123.25735256041534,1.0037386320534454,165.0,1.2
wall_drift,64,4,488.8644917563759,1.738985226973043,0.027874594020031007,False,True,35.11754837612682,18.243813998430678,50.073333618442916,122.91398814438207,0.8797725195938848,165.0,1.2
wall_drift,65,0,490.12312688027475,1.5321531354391127,1.7852005040233443,False,True,34.863266801364524,18.781862141413992,50.21630093586505,122.30917991060093,0.9381045604839775,165.0,1.2
wall_drift,65,1,490.6658013055254,1.8232154540346837,0.6964390422900714,False,True,34.984432490497966,27.193215399120806,50.484006586701646,123.59236918437011,1.142550559194497,165.0,1.2
wall_drift,65,2,494.0977772379246,1.7220817681380804,1.2139143056416641,False,True,35.03042085158603,22.0421202980896,50.67104469647756,122.24681509703298,0.8419075243023948,165.0,1.2
wall_drift,65,3,486.9896020861578,1.6857701031654622,0.24233754106449568,False,True,34.95040337907973,17.821324190878904,50.04430527658373,123.1477975690654,1.3044571148342112,165.0,1.2
wall_drift,65,4,487.8677498441523,1.9078070601439931,0.49041872667978703,False,True,35.044275183762345,23.78148258025555,50.60159772374997,123.94335517288087,1.042484783349246,165.0,1.2
wall_drift,66,0,483.76215079453965,1.7075450125029779,0.5667037911230262,False,True,34.89131014631725,18.931562746837947,50.03757614141817,123.52756004793532,1.0230416894047665,165.0,1.2
wall_drift,66,1,497.98855718070314,1.6774199466954256,1.2666572666727856,False,True,35.161884981442064,22.211065857717102,49.66751951931443,123.34634932548663,1.0557147993118878,165.0,1.2
wall_drift,66,2,491.6105491007387,1.767552858430346,0.030133795291470644,False,True,35.08577185106655,16.235964695259156,50.21430318249584,123.22181626090534,1.1554202559795688,165.0,1.2
wall_drift,66,3,490.00826202973144,1.8418804327839213,0.7047253362732695,False,True,35.03333078830392,24.10356923417241,49.686820053687306,122.16875528695715,1.025475989177527,165.0,1.2
wall_drift,66,4,492.33140843919756,1.8567234729135997,1.7353963648219142,False,True,34.95276745375343,19.821592475631615,50.18186467086791,122.81993640658855,1.0792098954928244,165.0,1.2
wall_drift,67,0,484.67728845832187,2.0201137912150857,0.81533771317499,False,True,35.130705746491806,19.726340088932655,50.294955963984286,122.45969193377131,0.8372360797048154,165.0,1.2
wall_drift,67,1,490.66579539079476,1.796099894581223,1.55618292166723,False,True,35.09460947525118,18.26510359779012,50.394660688157636,123.5052680539192,0.8534329990988286,165.0,1.2
wall_drift,67,2,489.1693856312325,1.8454041792787095,1.9056841635662594,False,True,34.945392177068406,18.479692500411637,50.19204732303821,123.18345258074638,0.9650184349260746,165.0,1.2
wall_drift,67,3,489.5263197259264,1.7903992349658402,0.5208228922921683,False,True,34.90477288478819,27.388754737269267,49.87334546227962,123.05895517982486,0.9281508518745476,165.0,1.2
wall_drift,67,4,486.95116944754193,1.8694642938933437,1.0714841140286684,False,True,35.03227001034619,22.84030320822023,49.8525382525833,124.60013438921852,1.1247292743018558,165.0,1.2
wall_drift,68,0,490.58446726101954,1.824532263627931,0.6628190620436326,False,True,34.964459993267894,20.330440975404546,49.997665554657694,120.98914328511098,1.0775625117637295,165.0,1.2
wall_drift,68,1,480.6942134548217,1.808770758047503,0.8392200178164629,False,True,35.08630061281117,18.92802749971194,49.77270565075103,122.46455380051783,0.950538251694196,165.0,1.2
wall_drift,68,2,493.51937141347906,1.8444052572097562,1.2002116126668358,False,True,35.06573494535888,21.94925972243188,50.063851130353676,123.69223786729879,1.10280002511352,165.0,1.2
wall_drift,68,3,494.51293058771125,1.665282604163707,0.5455034403290829,False,True,35.096641342311734,26.255685963987688,50.130941087995,122.60505498149097,1.3003071655550134,165.0,1.2
wall_drift,68,4,487.7462664332076,1.883428318626597,1.5774975323494145,False,True,34.831839743219035,15.53766160118058,49.75584944327174,122.11729481178298,1.0842681244031789,165.0,1.2
wall_drift,69,0,489.670186554646,1.7388235755506314,0.7882591081373966,False,True,35.08542336167532,22.75998685973883,49.64571644608159,123.00279375656329,1.06899639656053,165.0,1.2
wall_drift,69,1,489.23331924110295,1.8298659527951389,1.0126814907967587,False,True,34.97509027520083,20.46653367044859,50.45542223067046,121.66505476966812,1.077355048143274,165.0,1.2
wall_drift,69,2,485.8328898305074,1.7372344170996854,-0.08487788596302592,False,True,35.207206708519045,20.16281370665057,49.96355960777053,121.92000497697563,1.079141016798144,165.0,1.2
wall_drift,69,3,486.5613399664888,1.8628930205796768,1.5181624883144686,False,True,35.28567992108109,22.161381211603764,50.12127499009913,122.96868944541323,1.2661044084089688,165.0,1.2
wall_drift,69,4,493.4236588033616,1.5421849667370353,0.2736824723122271,False,True,35.15004740258148,16.659402979902573,49.971421777873566,122.42488619016234,1.2299039467779136,165.0,1.2
wall_drift,70,0,491.18305423276723,1.9726205357705164,-0.276422481880759,False,True,35.059904135006306,23.75261918602537,49.912019294388216,123.24690759257773,1.109374378498936,165.0,1.2
wall_drift,70,1,491.74258054240846,1.8163543056108657,-0.027204508798808424,False,True,34.96926807785498,21.391789345825593,49.632904319637724,123.3750580763148,1.0632694790182433,165.0,1.2
wall_drift,70,2,483.4609897510606,1.8153841658842422,1.9842520327817725,False,True,35.07407088270299,23.22347855160999,50.04746837424173,122.70347960767516,1.0544721242562398,165.0,1.2
wall_drift,70,3,488.0471176678503,1.7831007150895093,2.1058025592024894,False,True,34.8317660713806,24.956552384128347,49.94374915201642,124.00979919307572,1.171039428423905,165.0,1.2
wall_drift,70,4,492.0030957220801,1.7933279361996706,0.6607870541927543,False,True,34.96339765320819,20.79353487002888,50.16781476713337,122.06589313385547,1.3474821565519022,165.0,1.2
wall_drift,71,0,483.7188914595259,1.8249944927961352,1.3626569467953527,False,True,34.95569063649049,21.17187562640346,50.17659404093087,123.11396647925945,1.1057165935523499,165.0,1.2
wall_drift,71,1,482.5670822273575,1.6424680729979748,0.6380882166807931,False,True,34.93123845265738,25.734006159074326,50.134988216960735,124.11965361984404,1.0727129216557978,165.0,1.2
wall_drift,71,2,490.32739524684075,1.7442093882414238,1.4288295182444686,False,True,34.64627046857898,27.180002991438734,49.71452844909602,123.30593203731546,1.0751043451484978,165.0,1.2
wall_drift,71,3,483.70605792168453,1.71866164303978,1.0945041054995388,False,True,35.028177401549726,22.03818067372128,49.622630660272314,122.68227372509824,1.301709775398782,165.0,1.2
wall_drift,71,4,483.7064648571265,1.8086970463979697,0.8773754877536097,False,True,34.8761646402471,18.79798432136788,49.940512210664046,124.24784981722453,1.0370591694375049,165.0,1.2
wall_drift,72,0,488.8769024576107,1.8561806864988022,0.6605802693958587,False,True,34.94278228408832,26.43794288646124,49.50198786740717,122.00331979811982,1.1752146962163827,165.0,1.2
wall_drift,72,1,489.19753436343086,1.8666966160684295,1.4021911109118261,False,True,34.99083357279664,29.305291010946824,50.427173051483265,120.82207554177478,0.8431549634853308,165.0,1.2
wall_drift,72,2,486.7247777290764,1.8226572783196262,1.7535579094421028,False,True,34.884445261372456,26.230958944305947,50.2437611321236,123.95715183488363,1.2593318425323732,165.0,1.2
wall_drift,72,3,485.43902495700206,1.724892332690032,1.1954445029504364,False,True,35.25066746589034,31.039101130100246,50.10349258041054,123.62342960955931,1.1885083524788602,165.0,1.2
wall_drift,72,4,487.48135922724236,1.776315436072237,0.24191746658115287,False,True,35.103047725986315,19.31713273945966,50.35774082580934,124.02166903493023,1.2153761364775875,165.0,1.2
wall_drift,73,0,485.0543663415064,1.9069359350220831,0.5869099279780096,False,True,34.83804039609095,22.210044654616233,49.457586818266485,122.0351522342369,1.1121338271542056,165.0,1.2
wall_drift,73,1,481.5302746849214,1.8244310576541223,1.5639719912119032,False,True,35.13426580547282,25.86514385844066,50.300864991624266,123.14475679504477,1.2177143313644374,165.0,1.2
wall_drift,73,2,486.7044546725497,1.8125256441007982,0.40250721980639703,False,True,34.96988289237918,22.871864468258522,49.72151043055925,123.44354760618518,0.9662381826696163,165.0,1.2
wall_drift,73,3,492.28220711684577,1.7437744519883853,1.0897965736236952,False,True,35.0571891181262,21.2453395628563,49.87600171725972,124.32093356761958,1.2495096161406665,165.0,1.2
wall_drift,73,4,489.14873012072195,1.7176178634571202,1.1018941410288206,False,True,35.11876775281762,22.03759675230119,50.484542960849105,124.65153463239885,1.1498837260040913,165.0,1.2
wall_drift,74,0,493.5594491840134,1.7653448542130583,2.1511911185493684,False,True,34.98500465218423,30.380455284700787,49.77655972984193,122.89462325523185,1.1610190456421,165.0,1.2
wall_drift,74,1,486.35558439853946,1.8247211005407273,0.7157082239600324,False,True,35.31898610082811,23.76528072843121,50.164047721794375,121.88326078536531,1.1952706615613644,165.0,1.2
wall_drift,74,2,487.8670241096963,1.7909712378806852,2.0419555972722394,False,True,34.998966838376205,22.192942619151935,49.81395127547344,123.03830667460444,1.2560261738464076,165.0,1.2
wall_drift,74,3,485.51144366987893,1.9541598804170424,1.787709056202123,False,True,34.83710054865608,29.766936954973012,49.75881974283053,122.41695164929052,1.063246186341715,165.0,1.2
wall_drift,74,4,490.98259991965256,1.734995979860448,0.38510511417495463,False,True,34.946816570696974,22.496726245990683,49.97812350064966,123.1581059613374,1.1787356851925432,165.0,1.2
wall_drift,75,0,479.9888205536605,1.8757543668752235,0.9329835420953256,False,False,35.07558480809568,26.993154609733715,49.94112151134069,124.98473258365382,1.2326418494959217,165.0,1.2
wall_drift,75,1,485.8330596335385,1.8187850655321796,1.8045409484858626,False,True,35.297984920636736,20.247238486372964,49.964290611232514,123.69516084015105,1.2140664103620595,165.0,1.2
wall_drift,75,2,484.88053962731186,1.8023348393398093,0.6349023147333713,False,True,34.73618421135532,24.663750053708558,49.937960925005086,122.61347887229772,1.2085184467011731,165.0,1.2
wall_drift,75,3,488.43230220905735,1.7970933192782736,0.846858991220353,False,True,34.90485647195333,27.289522279353825,49.6643825006836,125.38486785281555,1.1031693062429153,165.0,1.2
wall_drift,75,4,484.1858532644285,1.6778555712682632,0.5132164299793132,False,True,34.95940561213858,18.46660241574175,50.01374165315631,122.0395659028052,1.0760933277932088,165.0,1.2
wall_drift,76,0,486.6794904676145,1.856602173757273,1.2107478097448563,False,True,34.86674270663349,26.500305049750082,50.48777430171099,125.68921231572975,1.133512577669067,165.0,1.2
wall_drift,76,1,484.00762919157887,1.6983512425025247,2.4397534842560926,False,True,34.99898170336113,19.846099435427085,49.57829966729941,122.8323448826567,1.0302534076894918,165.0,1.2
wall_drift,76,2,490.4160072793418,1.867896005226844,2.162846588572452,False,True,35.27592390533748,24.90879568708268,50.03460044771364,125.5943277515191,1.2178821606483294,165.0,1.2
wall_drift,76,3,493.96669544658914,1.8627632917575863,0.5587194258895355,False,True,34.899148804052935,25.0997399644157,50.273704805548135,123.88157800628895,1.1004746640015042,165.0,1.2
wall_drift,76,4,482.21009420531556,1.8466459389766945,1.5742019022355573,False,True,35.22792886451273,26.26624169015872,50.11251263634265,122.35575541958733,1.1774303825985486,165.0,1.2
wall_drift,77,0,481.1693683581881,1.8238573306702521,0.5824394733761277,False,True,35.03737263443695,24.514690528465728,50.492804298661675,124.70721903513677,1.244434349231668,165.0,1.2
wall_drift,77,1,489.4853967407975,1.8324109580076782,1.0871836710039797,False,True,34.786117443563036,27.988188102986957,50.3548470729407,122.98631940644138,1.4321876480617812,165.0,1.2
wall_drift,77,2,485.4953575700711,1.787219169558459,1.2968904470809668,False,True,34.94960797454189,25.349030058606107,50.48164187376904,123.44401063101353,1.0717747443854193,165.0,1.2
wall_drift,77,3,482.6314272471232,1.8521194775178869,1.3285176726209724,False,True,34.80152824981811,25.19876058942201,50.42471043397176,124.0771272370949,1.0450862994091377,165.0,1.2
wall_drift,77,4,484.73304677833903,1.7472528444251996,0.41850818144898727,False,True,35.02783072855322,24.648943541658735,50.30485400613741,120.38357110122493,1.1363859229984452,165.0,1.2
wall_drift,78,0,488.5179030074816,1.7542121733256408,0.9905374098479831,False,True,35.00376988811164,26.753269820348407,49.951279228363276,123.46225786353611,1.0473182900877396,165.0,1.2
wall_drift,78,1,488.56537340057764,1.7319051405760553,2.3510568221575165,False,True,35.05085449245659,28.797594688808836,49.63223971981648,122.2360334067086,1.3269591694420861,165.0,1.2
wall_drift,78,2,491.58802461478473,1.982023397444655,1.2757423511809245,False,True,34.97654064521439,23.372575266209545,49.93578986748857,124.12746459465141,1.135928353339,165.0,1.2
wall_drift,78,3,479.7304955682014,1.7302438931120734,1.9364459115630965,False,False,34.89724543603442,32.43362373565111,50.178672350519726,123.57001307721058,0.8950220678968144,165.0,1.2
wall_drift,78,4,482.37943842687656,1.8216915243458913,1.0428352700390224,False,True,35.108345956333615,27.508112382991587,50.07551391323842,123.46364999092444,1.1756881577693872,165.0,1.2
wall_drift,79,0,489.18256089445435,2.080740112603877,1.4610103409189061,True,False,34.8572656652862,25.726711922155392,50.09042866301096,124.66428535008964,0.9528498775461057,165.0,1.2
wall_drift,79,1,483.6311936307698,1.784999955501241,1.2852614391956216,False,True,35.291139676882494,23.504142931264788,49.96417308490683,124.05299913565598,1.1638531113278454,165.0,1.2
wall_drift,79,2,479.3769959497404,1.927344431047597,-0.036547564465732485,False,False,34.98709142356938,26.077392215923528,50.54154914827433,122.28718062929207,1.129857666540507,165.0,1.2
wall_drift,79,3,483.3323604714678,1.6956423789855772,1.3002952077408492,False,True,34.83289035556513,25.356421452976065,49.82549956796187,124.29933688282456,1.2193037730547505,165.0,1.2
wall_drift,79,4,483.2545802670576,1.637187737283584,2.261745032805787,False,True,34.74158609131491,26.48001772422939,49.65649486129649,122.85848341051205,1.1146474300386238,165.0,1.2
wall_drift,80,0,482.97004713820286,2.000719508332344,0.7144338631495101,False,True,34.95685193773236,31.219742096561966,49.746686127498926,123.63123483923468,0.9898220629008776,165.0,1.2
wall_drift,80,1,480.8224486376191,1.998521858526076,1.6206487206501259,False,True,35.004220678672034,27.471514917592028,49.60753549622371,124.24565318741729,1.3873619595130935,165.0,1.2
wall_drift,80,2,484.81500108956817,1.7952739736713619,1.5894055039753299,False,True,34.74246618154802,21.453681957725742,50.06614499912953,124.55159723382158,1.4101809304013193,165.0,1.2
wall_drift,80,3,490.0650105076646,1.7384105140680113,1.318213029148738,False,True,35.13815457689233,27.800704494126425,50.18468108552018,123.59757202389093,1.2605385556113353,165.0,1.2
wall_drift,80,4,476.4981748844854,1.8350146065594428,1.4106253849243062,False,False,34.85263180509796,28.622888225807614,49.91184651562548,123.81538344950832,1.1368326488176879,165.0,1.2
wall_drift,81,0,481.20616840408564,2.0509411810468263,1.6248069927681834,False,True,35.01977049682853,29.59646276734678,50.00212269775049,122.50393044396942,1.3914845306857073,165.0,1.2
wall_drift,81,1,486.56017166730777,1.783832650316761,1.0099839788483387,False,True,35.185627756433654,25.02439899350285,49.80907434577342,123.68149354713026,1.4199808692174787,165.0,1.2
wall_drift,81,2,486.97763567467996,1.8612276207923775,1.2845885990858126,False,True,35.16052757664487,21.335505738051275,50.0404905361635,123.94317613476946,1.3005681817782642,165.0,1.2
wall_drift,81,3,480.0303421634256,1.9830465483993684,1.7819465731938287,False,True,34.900981399380015,24.55667410815994,50.05999534299166,124.09480065471185,1.0632069748681265,165.0,1.2
wall_drift,81,4,487.0908871293168,1.9213652941652986,2.092909656024824,False,True,35.115500719453834,30.683354208529778,49.919620132584406,123.64011829193419,1.2667544560804784,165.0,1.2
wall_drift,82,0,484.533149047833,2.1502507207523087,1.2061996285771226,False,True,35.171175704498545,26.07356386865324,50.74195426761416,122.90099323095512,1.196069819502352,165.0,1.2
wall_drift,82,1,485.4911722588562,1.763161102632924,1.1408114448215598,False,True,35.26427449868051,26.61665879438553,50.39935597504242,123.4155722004485,1.271318583466702,165.0,1.2
wall_drift,82,2,483.1070490303637,1.915356272155497,0.8885123461416136,False,True,34.7250761943153,28.873949708904025,49.77574469090456,123.36001961923168,1.346400661891242,165.0,1.2
wall_drift,82,3,488.56939443201463,1.7670567965333852,1.3258225029327009,False,True,35.16489255498736,29.421862802308954,50.25417933086024,123.39397726873275,0.9885505761338133,165.0,1.2
wall_drift,82,4,489.62037298541867,1.9725666457299256,1.6818401502290066,False,True,34.78319764773711,24.138554746405617,50.22010789644318,125.35939003546642,1.2910128050059795,165.0,1.2
wall_drift,83,0,486.70080506361546,1.8552775463621245,1.0500970285551137,False,True,34.99564965067951,28.507913917620222,49.81704340051404,123.65060156753432,1.143324749026161,165.0,1.2
wall_drift,83,1,485.1002620741558,1.9530268789176832,0.6217928599546703,False,True,35.14591321496898,29.359562867078537,49.1759178135466,125.16225578670337,0.9935307875396304,165.0,1.2
wall_drift,83,2,483.4022165417071,1.7782715597101708,0.7577977440272983,False,True,35.21400823339827,27.62826914220631,50.392371400156584,124.22230934314169,1.220769219338668,165.0,1.2
wall_drift,83,3,482.6632986769329,1.9123699845445519,1.221811195126792,False,True,35.30524991147579,28.340882467904812,49.920367676792765,124.06171906832066,1.357741299498556,165.0,1.2
wall_drift,83,4,484.98491835600095,1.8694222085054937,0.3318659423701542,False,True,35.203091515349996,25.895708456973605,49.81443195780285,123.06461350919831,1.2487400599389045,165.0,1.2
wall_drift,84,0,480.4740728153122,1.7701855935005162,-0.9136898790399812,False,True,34.74422475982682,24.218262658051593,50.053156291960924,123.26442342034873,1.164196003997808,165.0,1.2
wall_drift,84,1,474.88951468795995,1.885554878190548,1.5540688874524458,False,False,34.93799375386992,25.78266472227396,50.32207186243046,124.2566214293785,1.3933368500488115,165.0,1.2
wall_drift,84,2,485.65443155532284,1.9736693380937282,2.1606404840610933,False,True,34.943009479028994,26.946584321098236,49.981837569085876,124.52968293350568,1.3046535413604083,165.0,1.2
wall_drift,84,3,486.5580771046986,1.8821879815191083,1.7959074681142795,False,True,34.89665458912923,22.791720069730317,49.90275332681245,123.79446521475646,1.2355156612432878,165.0,1.2
wall_drift,84,4,481.92837874203207,2.0187341384864688,1.298647923105841,False,True,34.79029234410684,27.401193186365255,50.08415086819601,122.91906664318373,1.1788287913484792,165.0,1.2
wall_drift,85,0,489.9764319099551,1.6955540894380858,2.376150157754411,False,True,34.77343377986201,31.287246168068584,49.96257535921586,124.44269156048769,1.0526279053264336,165.0,1.2
wall_drift,85,1,483.98288234276936,2.1824037730423207,0.5012031545557011,False,True,35.021960373686994,26.6340876524653,50.20081192839398,124.65308077928361,1.5266287767938584,165.0,1.2
wall_drift,85,2,481.0524498907859,2.0556569687856636,1.9680738145689167,False,True,35.16747465062408,26.520506955206862,50.14700684126817,124.09549163474766,1.1783465449747448,165.0,1.2
wall_drift,85,3,481.52256432603593,1.768312057344911,1.868666016290796,False,True,35.093299099080326,29.785078666567713,50.296060294227686,122.35624518034996,1.2458397421250555,165.0,1.2
wall_drift,85,4,480.2851311100887,2.0296113039566954,1.0410569754550947,False,True,35.15635810699933,23.602543292021416,49.53313392771986,123.84010441959477,1.2800598944417563,165.0,1.2
wall_drift,86,0,485.87475834856286,2.0176709560928434,2.4809571540565667,False,True,34.917719932204456,32.10520119856886,50.482360428046455,124.11692799881834,1.1023690725685986,165.0,1.2
wall_drift,86,1,487.0370593631455,1.7014584957564354,1.5194944016277525,False,True,35.045344321404215,24.27675105462498,49.85781974144599,124.13468109464104,1.4027724905650747,165.0,1.2
wall_drift,86,2,485.8064139504761,2.0911126396135753,1.2093444728983294,False,True,35.14570952362024,30.051678908756355,50.138744389141856,125.5194189567489,1.156244833416318,165.0,1.2
wall_drift,86,3,477.22511084512945,2.083245928884633,0.3499113423617821,False,False,34.78801298209197,25.404815227534726,49.722161715171,125.66938823726532,1.411204419831278,165.0,1.2
wall_drift,86,4,482.5983839062864,1.8552162906435012,1.7166956366375388,False,True,35.107415830065825,31.818495927034498,49.544767329044106,123.10414326498847,1.1986038349603187,165.0,1.2
wall_drift,87,0,482.0263342106315,1.894222091533018,1.6923474775864638,False,True,34.89396323053428,24.494631585892886,50.30090915628846,124.09894916104004,1.31792831707777,165.0,1.2
wall_drift,87,1,483.6528763986824,1.9018933865515313,1.4716890256098196,True,False,35.158496873302326,28.83993902918957,49.65397703416287,123.4574003705709,1.3402174602004493,165.0,1.2
wall_drift,87,2,485.20572565174075,1.9746546681318333,2.177900865192396,False,True,34.77584944675925,27.144383416505924,50.35790961727255,122.4383117741651,1.3870531554186494,165.0,1.2
wall_drift,87,3,475.14846739239056,2.017686803920715,0.8596411462322692,False,False,35.15822560293423,31.607933638721054,50.60493012577839,124.21239958989133,1.446677141683085,165.0,1.2
wall_drift,87,4,484.5045669072745,2.04789910938076,1.1772971176144293,False,True,34.92092598476709,29.8217721293124,49.72783241861646,123.35439691418645,1.287882858827158,165.0,1.2
wall_drift,88,0,486.18450181902483,1.9048163162045346,0.5298956717651895,False,True,35.06613551028594,24.828886473720406,49.75255950264465,123.47761375964281,1.4846408776496378,165.0,1.2
wall_drift,88,1,479.87213442044504,1.925513579637671,1.8821998359220642,False,False,34.99071493716721,29.05977402491049,50.39674051779827,124.43519372831916,1.1036492151706363,165.0,1.2
wall_drift,88,2,487.6965649289773,2.04683235892007,2.495487628104603,False,True,35.10568512415043,28.192385911226676,49.48747804360884,123.13718105919826,1.364321805949342,165.0,1.2
wall_drift,88,3,484.1072181386361,2.014835856006855,1.9942694268309475,False,True,34.86687910993322,31.090078836527844,50.28494494616733,123.99045976394643,1.3779767949145334,165.0,1.2
wall_drift,88,4,480.58034130953195,2.031065761484789,1.7209912774498843,False,True,35.141492368567164,26.01313385215066,49.959289522546946,124.82617592609982,1.5914218968009668,165.0,1.2
wall_drift,89,0,480.0973043986811,2.001870198281595,1.274243900882609,False,True,35.09717770572444,29.48425150091462,50.1070033261288,123.98384067186907,1.3175314020647262,165.0,1.2
wall_drift,89,1,478.3039586614541,1.9452090982951544,1.697678118879443,False,False,34.842761925387,28.6365494831901,50.205145391980636,124.66049324787355,1.4915629142010147,165.0,1.2
wall_drift,89,2,484.5001305115276,1.7742583668272331,0.5870597555782497,False,True,34.95062724319684,26.776462230492474,49.5892928177183,123.32066928395213,1.4744613599901446,165.0,1.2
wall_drift,89,3,472.8583461332158,1.7537527235173036,1.7749912145552527,False,False,35.029300285626164,28.26982261075344,50.28888919162863,123.39091916050718,1.409263752981484,165.0,1.2
wall_drift,89,4,487.38729414109093,2.0504264974152675,2.222163926246675,False,True,34.81890655419647,27.051362906537715,50.15523730481655,126.45000876233411,1.3037348179893917,165.0,1.2
wall_drift,90,0,484.10341655886714,2.0735053408945125,1.0407391624053102,False,True,34.990759438379094,30.5842579936019,50.182018049022446,124.10693507625415,1.2969802951854426,165.0,1.2
wall_drift,90,1,482.3306000069467,1.7879211101512964,1.1563365722735979,False,True,35.0945889095954,31.57864385645298,50.371564051862975,123.63031115931825,1.6360286591801425,165.0,1.2
wall_drift,90,2,482.80836404569095,1.8579637530927706,1.394349018074115,False,True,35.09706497422745,34.34037392517393,50.43871217854597,125.46931595531741,1.4151564095800038,165.0,1.2
wall_drift,90,3,479.97127280271604,2.0003055530636917,2.0114735193344595,False,False,35.0184750048233,33.61413447385757,49.37696605263972,125.32129296712378,1.3194760069754847,165.0,1.2
wall_drift,90,4,483.3726369614276,2.0022267285308604,1.9388287208072223,False,True,35.24624637340462,25.067576490913773,50.48988946831801,124.3969570868507,1.376707373495957,165.0,1.2
wall_drift,91,0,482.9949805497257,2.099193958005954,1.6894092547424278,False,True,35.13451687235874,33.2233880417493,50.07269189589192,122.15603671347738,1.4069981089379195,165.0,1.2
wall_drift,91,1,480.5590721492714,1.8588933218015973,1.0777760129908636,False,True,35.019516611925354,34.9381430075435,49.97163940178718,126.18903264811289,1.51248273617884,165.0,1.2
wall_drift,91,2,491.58486966956514,2.021239819009676,0.9657318037637685,False,True,35.37339640733052,26.3998383710531,50.35372109414332,125.1739917613634,1.61190507506905,165.0,1.2
wall_drift,91,3,478.9461618520363,1.9374305915442314,1.5362805522653713,False,False,35.045257481110745,30.03868714040686,49.81026409556805,125.82263895257391,1.545902635903463,165.0,1.2
wall_drift,91,4,485.36449042118926,1.9659521834093414,0.004718557707264814,True,False,34.98968024417935,25.755385746978376,49.343048345160284,125.0558365095962,1.2694737172197916,165.0,1.2
wall_drift,92,0,485.16151731954164,1.7884831012537545,2.357254933747117,False,True,34.89831763819277,28.29633993747876,49.63664000767088,125.62123931117586,1.2710798475667484,165.0,1.2
wall_drift,92,1,481.87559748885155,1.8649095844350614,3.173101403607434,False,True,35.24968425785414,31.591193166711292,49.605615656528784,123.57519841674036,1.528572777863995,165.0,1.2
wall_drift,92,2,486.933628522949,1.960939802788808,1.0724759080799073,False,True,34.70643967136498,26.74593263604833,49.57034807060592,124.83701680002405,1.5076597290590652,165.0,1.2
wall_drift,92,3,480.92183414863433,2.09650087147099,2.4524187254765395,False,True,34.849695260736084,34.12680712758396,49.9021570938884,123.61164148457668,1.3988913470218016,165.0,1.2
wall_drift,92,4,479.75861417669296,2.222079693177336,1.1656326655137101,False,False,34.941159038244415,24.840320181134782,50.44920838745379,124.12042941668476,1.3946356822993597,165.0,1.2
wall_drift,93,0,480.9998021533448,2.0011262512697767,0.8022351774922111,False,True,34.989312771744935,30.84910562264081,49.27844117425104,124.10782968295224,1.463732460274341,165.0,1.2
wall_drift,93,1,481.79676221721826,2.047427704439089,1.0438092834451551,False,True,34.949949017374934,36.10647254015532,50.54345539231048,123.8100880601958,1.3173299969252252,165.0,1.2
wall_drift,93,2,479.97308328740405,1.9873690032777294,1.8076272952595656,False,False,35.21942204002265,33.165202739312846,50.25678824715135,125.74472145078809,1.1853892534322805,165.0,1.2
wall_drift,93,3,480.31979988479833,1.9275603709859457,2.2620649107296087,False,True,34.98208841831117,28.38926136070615,50.42221544486477,124.35311439981787,1.3051326250464723,165.0,1.2
wall_drift,93,4,483.4239714712004,1.9722767798438086,2.1436117507742196,False,True,34.97390807943084,35.20416856381469,50.19423007811535,124.74945292247202,1.5381357947612233,165.0,1.2
wall_drift,94,0,478.8192438947237,2.220003838282591,2.525724270972028,False,False,35.35443919839841,26.467882200512502,49.871558052874384,125.85330575456629,1.2348932416180232,165.0,1.2
wall_drift,94,1,476.3290328117821,2.1929173169004192,2.726774892778634,False,False,35.12914056634499,27.82188635317951,50.48595099519221,123.56186215534595,1.5043032497844693,165.0,1.2
wall_drift,94,2,482.5594593924367,2.149478218581474,1.8160709289627859,False,True,35.33077733034855,31.5168651693499,50.134517514494036,123.97138157512813,1.3579534610941248,165.0,1.2
wall_drift,94,3,476.98768823443856,1.9878787737730161,1.3915215218299317,False,False,35.178322633423726,28.92694944067555,49.84605321250909,124.43842840806587,1.4404814085471327,165.0,1.2
wall_drift,94,4,479.59888516906176,2.0567181501772738,1.3785681508334788,False,False,35.06925413158152,33.350094904084024,50.06748757272939,126.06190096196163,1.4523154916868342,165.0,1.2
wall_drift,95,0,481.1510980847376,1.929556508245195,1.308375383140339,False,True,35.29347163253429,31.448137463604393,50.06104379838972,124.39031054698583,1.3614269041648321,165.0,1.2
wall_drift,95,1,480.6395668845646,1.966973342846932,0.9635773930732469,False,True,34.95143282327178,30.205428974942464,49.78273273649715,125.22712455631373,1.3676101586298217,165.0,1.2
wall_drift,95,2,480.14862241603646,2.0503559221702874,2.4006520609725195,False,True,34.86457074511491,30.367310209518838,49.97546342090719,123.28933489883576,1.5793652588888725,165.0,1.2
wall_drift,95,3,478.15599799980646,1.791874663955745,1.9831909554483476,False,False,34.92151508164341,33.44889584113063,49.78334082807995,123.85310751792476,1.461531567886415,165.0,1.2
wall_drift,95,4,487.89487764778414,1.94557250990305,2.1904021203410644,False,True,35.06087795895117,32.148099243740674,50.23116548690022,124.95056089038843,1.551708655649183,165.0,1.2
wall_drift,96,0,485.66007138250853,2.186457995951247,1.5102295483855712,False,True,34.89449099309023,36.092580379857424,50.022171864679265,123.2244181833261,1.450502688273731,165.0,1.2
wall_drift,96,1,482.3121787127023,2.126632125940058,0.793642068394242,False,True,35.03446476020131,32.42315444445979,50.47917691115083,125.18902452332073,1.5566858509697628,165.0,1.2
wall_drift,96,2,482.1892643428251,1.9852131648353286,1.8719619837627188,False,True,35.069837853500154,33.16470591208257,50.08769932275788,123.41589711918549,1.349707025807534,165.0,1.2
wall_drift,96,3,478.15949395552394,2.174989062238243,2.0417673131550673,False,False,34.805669433717995,27.673553983776344,50.12292556611315,125.14690898511616,1.3959533425598811,165.0,1.2
wall_drift,96,4,481.30056606365014,2.220297258476337,2.7745819693653058,False,True,34.90636569913892,33.199162088156214,49.76584161870303,124.75987437981895,1.3408406754023452,165.0,1.2
wall_drift,97,0,477.943625610202,1.9922290920447103,1.1481714063230632,False,False,35.08266899770555,34.358496561330405,50.354506639384866,125.5755539423524,1.355444408913397,165.0,1.2
wall_drift,97,1,479.3772761577517,2.1429812633258782,2.6402656360831487,False,False,34.89023368288107,35.19045685572514,49.83977454995189,124.67251137721658,1.359910005716113,165.0,1.2
wall_drift,97,2,483.39031520083535,2.1955067719899635,1.6344494350601995,False,True,35.141150296648746,33.49472401806813,49.81199580964048,126.16962047750167,1.5415612484571992,165.0,1.2
wall_drift,97,3,476.8139588145186,2.3111897662541634,2.263770318501991,False,False,34.952461200290706,34.78853176214132,49.341596705978546,124.30578557393186,1.5457847428592988,165.0,1.2
wall_drift,97,4,475.172843680662,1.873629490766607,1.4774276990494575,False,False,35.01680205405712,28.201012656621643,50.03122998533589,123.99279385764004,1.3697373867328562,165.0,1.2
wall_drift,98,0,479.9771588100022,2.096448671963612,1.13004127185399,False,False,34.89098704583946,32.34744060684393,50.06806636167427,125.08826622578222,1.2862223919077425,165.0,1.2
wall_drift,98,1,479.212358430811,2.0344604051341872,2.3253259589655606,False,False,35.18011160623638,33.445422135589595,50.040449293532426,125.673891663534,1.3987688494510007,165.0,1.2
wall_drift,98,2,480.29423990127896,2.131078127890966,1.6685545340812662,False,True,35.19231569237184,35.15301941428798,50.135047357335175,125.96085173803374,1.3990777724522947,165.0,1.2
wall_drift,98,3,484.0989501665926,2.239701695582671,1.415608758966548,False,True,34.76360444817903,33.09904651690367,49.88772166622133,124.07720770873856,1.4690160288953473,165.0,1.2
wall_drift,98,4,474.73319866054317,2.14409859430074,2.1363011493359845,False,False,35.08478498551743,39.64400445893423,49.75844547289034,125.74567576045558,1.6058912037275064,165.0,1.2
wall_drift,99,0,476.8799332109871,2.093683261026277,1.7048064925529078,False,False,35.18314691212466,35.470213771277855,49.90610008930511,122.66548769338469,1.4230530640581238,165.0,1.2
wall_drift,99,1,479.8143999473602,2.123412039886873,1.8901559889698705,True,False,35.04718366936191,33.597169325212306,50.10639993664452,125.4608467631661,1.3905205339132625,165.0,1.2
wall_drift,99,2,480.8467743445506,2.0799939908692084,2.6073350553943833,False,True,35.2086580113935,23.236166383261978,50.01574670661331,125.14124967555014,1.4562472028750384,165.0,1.2
wall_drift,99,3,483.0173518677022,2.040834929974373,1.8512700055616382,False,True,34.89955646785567,30.448053770804236,50.401027231939466,125.87715772749799,1.3421419619899941,165.0,1.2
wall_drift,99,4,479.4330170209611,2.215236298071305,2.9087020958280525,False,False,34.98336695397219,35.08928886433286,49.96876064994328,126.31708738365298,1.4507365074848741,165.0,1.2
rf_loss,0,0,496.2380717945132,1.1732833659076096,0.07675024875458675,False,True,35.079836370795256,8.759340749590299,49.61165618684983,121.23719587097949,0.2631330392113785,165.0,1.2
rf_loss,0,1,497.5520948327456,1.2546685229599015,1.1852764708798296,False,True,35.06889089021266,13.760019300133393,50.43880068573425,120.61977026046068,0.39952338137076593,165.0,1.2
rf_loss,0,2,502.06613655158725,1.1212774799746805,-0.05096720091663627,False,True,34.751734375008,7.275312152530914,49.675777394905715,119.87718953668602,0.5023095890943021,165.0,1.2
rf_loss,0,3,497.029423860009,1.2186795794226986,0.3513392929393862,False,True,35.10465434729701,8.286631316644696,50.72723745778691,118.14804475514,0.411820172845343,165.0,1.2
rf_loss,0,4,500.23432022215275,1.1121416885038133,-0.03423992788799991,False,True,35.38769766915805,6.418142148858326,50.019022445281024,120.21649196350286,0.6177878909247582,165.0,1.2
rf_loss,1,0,499.1884637713895,1.1434899382399517,0.4470374051629738,False,True,34.99790191974097,5.53249957138881,50.434494384006726,118.54391988907906,0.6935098127015695,165.0,1.2
rf_loss,1,1,500.4973322436183,1.3825696729055086,0.17520019361298275,False,True,35.13042294755299,6.152927742134593,50.013266048374355,121.02980093864717,0.5387503725825324,165.0,1.2
rf_loss,1,2,506.02433850864276,1.4860317962996985,-0.29010553822777774,False,True,35.06820151945105,8.569204112276505,49.693472086079055,119.41205285276047,0.33333066042437565,165.0,1.2
rf_loss,1,3,498.21317576742695,1.3641476801617383,-0.4201827950215919,False,True,35.04493786832314,15.114552553725938,50.06482540045891,120.24595881984229,0.3853748648331462,165.0,1.2
rf_loss,1,4,507.7540714834641,1.3440352789737289,-0.32991585291799025,False,True,35.17927895141958,7.406953381077474,50.02200851249091,119.73991887311902,0.4736148997551205,165.0,1.2
rf_loss,2,0,497.67924519538775,1.3141465753968233,-1.3290650423670713,False,True,34.93051658961637,13.751596239683813,49.79885900227094,120.24242657749676,0.7189976025252366,165.0,1.2
rf_loss,2,1,500.89144987324056,1.2216878027656684,-0.3743459331410659,False,True,34.727934412433854,3.0914195014178727,49.50394213947465,118.51022304374798,0.40994797894181956,165.0,1.2
rf_loss,2,2,495.72657234753024,1.4777169273230706,0.5411615420633153,False,True,35.12585811918374,8.219336860736023,50.408695716802995,120.68141836680351,0.5220394489036039,165.0,1.2
rf_loss,2,3,496.36450553275404,1.4515328435287649,0.6122792828107166,False,True,35.08831373204683,5.521858540403215,49.94595395035,121.84680488091834,0.7392514522862511,165.0,1.2
rf_loss,2,4,499.64424112982135,1.6321923232346625,-0.34192386594560736,False,True,35.01477752303156,10.619370464892398,49.8062419267585,120.38652789819352,0.5001518620911231,165.0,1.2
rf_loss,3,0,494.2238691458555,1.2588280211739826,-0.10633753113246032,False,True,35.11058017639502,9.417909411433211,49.966951807374194,118.5377330723055,0.7116519762768887,165.0,1.2
rf_loss,3,1,501.8039156226599,1.505569601596538,0.5897918696930122,False,True,34.80197751803552,4.004484653688149,50.1880579430766,120.00732842017052,0.5800276761164554,165.0,1.2
rf_loss,3,2,500.75431819120735,1.225646842523499,-0.14286821718769563,False,True,34.957487957399515,14.07732767297008,50.049391874268274,121.04690472526293,0.5931406233534994,165.0,1.2
rf_loss,3,3,498.1258522184775,1.2334580457126927,0.08440420643712894,False,True,34.91549412632948,5.0005228155110135,49.85047037566032,120.5716485886013,0.3942244311712909,165.0,1.2
rf_loss,3,4,497.2582087170668,1.3276435107210174,0.13530635093544743,False,True,34.898911353843694,10.312385031551884,50.12430252393047,121.83321298967576,0.3354541011260599,165.0,1.2
rf_loss,4,0,506.2667194230625,1.4086369608107956,0.19398884201199623,False,True,34.84807688166187,3.511512532999075,49.82448042793748,120.68477171642733,0.5114735095438014,165.0,1.2
rf_loss,4,1,500.74640330752055,1.4638043330154933,-1.1966012220308635,False,True,35.06423361929997,6.5583917861936385,50.38972858707077,120.1131146301466,0.4836157135851331,165.0,1.2
rf_loss,4,2,504.301828638677,1.4589412848814298,-0.7560618994508524,False,True,35.09260288693135,6.273173085320557,49.726270276870196,120.07469248165114,0.528799779253718,165.0,1.2
rf_loss,4,3,501.57565379372403,1.37237734424679,0.5140853484997557,False,True,35.03339476397225,7.511100863189762,50.193881824972216,120.80069634446066,0.6966892872883937,165.0,1.2
rf_loss,4,4,496.25561673341105,1.3042019758956083,-0.6314274878846724,False,True,34.890545612398405,9.608150953113606,49.64243501149241,120.12003756415645,0.4660304139604214,165.0,1.2
rf_loss,5,0,504.6630986224282,1.5531300530993135,0.08285348113779481,False,True,35.070233549252855,6.148798597724529,49.815044584855784,120.33366749710062,0.5706789443079221,165.0,1.2
rf_loss,5,1,498.87882691496964,1.2755803596690112,0.8381195005992047,False,True,34.932865622373214,5.952281749967969,50.20300991466398,119.81511367178679,0.6941385588538656,165.0,1.2
rf_loss,5,2,502.7449150581336,1.313454773452597,0.973968471940369,False,True,34.873268146997674,9.655638502071849,49.844612217369146,119.63207747094053,0.6262943859588965,165.0,1.2
rf_loss,5,3,504.9438061976499,1.3977144347113302,-1.2597772783271757,False,True,35.098165904158535,9.838460876865444,50.27095896202645,117.8635902126764,0.38762483666920117,165.0,1.2
rf_loss,5,4,502.5114566049983,1.1747879199711235,-0.11481321696131272,False,True,34.826748685584654,10.477115193542009,49.86104933813904,120.63338584010152,0.5934999538295673,165.0,1.2
rf_loss,6,0,501.6402174956977,1.1384272070282742,-0.11779744100164972,False,True,34.76520411241794,5.68666851035834,50.13150949729145,120.92885332599747,0.6088694809080148,165.0,1.2
rf_loss,6,1,495.59927365633257,1.2623881682615188,0.7208212979330496,False,True,34.995314920654465,11.768341183056787,50.53723588594755,119.64795876182062,0.6752604197434103,165.0,1.2
rf_loss,6,2,501.6144938486389,1.4184662592912973,-0.24251126403696185,False,True,34.91313292587525,8.584356696072978,50.13227232849337,119.77373574970258,0.34784027224331326,165.0,1.2
rf_loss,6,3,502.10647233410793,1.206855591482176,-0.6183822023701192,False,True,35.024592584054176,9.554820740213202,50.14553021370231,121.45321465728655,0.26351909079702013,165.0,1.2
rf_loss,6,4,497.4795930211732,1.469507927862736,-0.9044671981063034,False,True,34.87852347394877,6.161799381379919,50.35141592571426,118.61716060470081,0.43898919460183583,165.0,1.2
rf_loss,7,0,502.0083007642487,1.1106808028913124,-0.4738450890287178,False,True,35.06808188323918,4.022901057982786,49.90618716721177,120.57029209340163,0.27272522727691517,165.0,1.2
rf_loss,7,1,503.18585500607855,1.2622438741419517,0.6641014851101957,False,True,35.175658406815,7.862092531304906,49.60719179824042,119.76349729147509,0.4267424003425642,165.0,1.2
rf_loss,7,2,500.5272221454271,1.2498788855437237,1.1700261911638148,False,True,34.913954670857485,9.923705505707826,49.95370085527526,120.72036665357528,0.37853165971649405,165.0,1.2
rf_loss,7,3,501.6567483183262,1.4105414204371374,-0.047554537302206996,False,True,35.095524253131096,7.665148390425289,50.6230677813308,121.12010197170895,0.4824493086081686,165.0,1.2
rf_loss,7,4,500.2178231732407,1.462395453870626,0.0009159849063341404,False,True,34.938874643174294,5.2422332506855005,50.28085620748244,119.97518145058775,0.5760399133616131,165.0,1.2
rf_loss,8,0,500.081959072409,1.0016345867789043,-0.46722208064794857,False,True,34.8952615430562,8.950133269659368,50.07686266752423,120.59849512108357,0.31242321583922916,165.0,1.2
rf_loss,8,1,501.9893550361018,1.1929153796204148,-0.048856959511371645,False,True,35.23305921988246,10.945306144598367,50.30886402094367,120.9265546367138,0.4271871338191563,165.0,1.2
rf_loss,8,2,497.91073693415797,1.17645201428817,-0.38175864152478994,False,True,35.03820696741415,1.9597522087785402,50.56764606092401,119.55391153517888,0.3691739699079674,165.0,1.2
rf_loss,8,3,498.49424619359536,1.4468057113587138,-0.9780962718913374,False,True,35.09151761737864,13.007011908415032,50.503336091603174,120.347394185812,0.5453766499049884,165.0,1.2
rf_loss,8,4,502.54502120183395,1.2600094867567049,-0.6967559136703362,False,True,34.9124997221652,4.933084806158414,49.79040754297395,119.44350739092656,0.34751365440505966,165.0,1.2
rf_loss,9,0,499.85580259354504,1.2825464870683534,0.18169488294147507,False,True,35.10043705846619,6.745215190563094,50.564948490149725,120.00224123989263,0.5248598747146204,165.0,1.2
rf_loss,9,1,499.1016682462189,1.361947970024267,1.3447040636530163,False,True,35.20095269166738,9.340405470559666,50.20558775630381,120.54232710211296,0.5538499281731165,165.0,1.2
rf_loss,9,2,499.3677545946218,1.2373894284874387,0.22877387101898944,False,True,35.12473685774084,9.205341699135051,50.56860464502118,118.98694763137641,0.7020483720922805,165.0,1.2
rf_loss,9,3,495.09112013652725,1.3679043278025562,0.5906449671728452,False,True,35.1077153783393,9.903174443264078,49.29023238281634,119.53248451541718,0.3984738737337265,165.0,1.2
rf_loss,9,4,499.58554476633014,1.3461548876888663,-0.3240714145123726,False,True,34.88824361984407,12.389966655621919,49.914269941929334,120.7600494442673,0.4977814905218601,165.0,1.2
rf_loss,10,0,498.60639532959584,1.4773471154108342,-0.10846408438549535,False,True,34.897665335278646,11.15069621521956,49.59712578880304,119.2847045324714,0.5165462050928772,165.0,1.2
rf_loss,10,1,498.0838976183951,1.260054913533934,-0.4226008250449385,False,True,35.07870718994598,9.382280107083272,49.8851607592664,120.30303600947721,0.4766668390367226,165.0,1.2
rf_loss,10,2,501.1274135824098,1.1762808602140837,-0.8142587559467496,False,True,34.95427134991145,6.699775892448561,49.4351543336007,120.90456777344048,0.4875728873150317,165.0,1.2
rf_loss,10,3,493.89497843441814,1.5917297863033308,0.7615074333616733,False,True,35.11118425909603,7.7861452207607735,50.069879532857755,119.69670106022602,0.38954744871356795,165.0,1.2
rf_loss,10,4,500.4763498580257,1.1183045970128394,-0.05161188120539171,False,True,35.012918769937976,5.724049415142381,50.03755608604772,119.47144592083836,0.5032411886535517,165.0,1.2
rf_loss,11,0,501.4139095143166,1.2688472497817436,0.5548830503455371,False,True,35.002402170071015,10.258975243417133,50.27991183077606,121.11352872357817,0.2946846487062201,165.0,1.2
rf_loss,11,1,494.245981054431,1.3238580806932638,-0.06257466921111089,False,True,34.98960091524011,7.292488761031018,49.59127565856198,119.3765088565479,0.5138242066102606,165.0,1.2
rf_loss,11,2,501.45703202386983,1.144596364613605,0.650376330453322,False,True,35.04529521828232,8.701885526062522,50.042214497846764,119.07705706226196,0.43319905280084386,165.0,1.2
rf_loss,11,3,497.3984032610309,1.1783633135933644,1.2108696974810875,False,True,34.95834270246908,16.125563864055266,49.694670771307365,120.16189545265392,0.4319014018531917,165.0,1.2
rf_loss,11,4,497.5072021033648,1.3882454103430466,0.5697098161700084,False,True,35.18664508081382,7.119798437254389,50.38093401572868,121.01015644418553,0.5047368472912814,165.0,1.2
rf_loss,12,0,496.757603647081,1.2166239160843662,-0.03508202224941359,False,True,34.81257727135081,7.333590029484511,49.921248010362824,119.3923727149023,0.5173757760510542,165.0,1.2
rf_loss,12,1,508.921205187026,1.4128628045739782,-0.3883165089421073,False,True,35.199043792634015,9.772813242285793,50.27160634579439,119.25766910501314,0.37185359481527347,165.0,1.2
rf_loss,12,2,507.06582633561965,1.437201441117148,-0.24565334445965142,False,True,34.967147122296204,10.257698854635036,50.09022922361765,119.65441146684181,0.5733421770900784,165.0,1.2
rf_loss,12,3,498.91655985921176,1.1725719710038176,0.06672712459488075,False,True,35.10541085322473,11.972035086362224,50.205708335809206,120.95810647477049,0.5214563416291023,165.0,1.2
rf_loss,12,4,498.39753196077277,1.1305241208944,0.1758198491598249,False,True,34.872511625372994,9.457738676340428,49.503199176468044,119.08239265537438,0.34289426364934544,165.0,1.2
rf_loss,13,0,500.23585029093175,1.2033808587914399,-0.8117479728907807,False,True,35.11197523952525,5.612097768070272,49.94228125897639,121.99643401462227,0.5108998615281088,165.0,1.2
rf_loss,13,1,503.319498709148,1.271480187267326,0.5325457505339232,False,True,35.13986871050858,7.471695767509809,49.50013819726589,120.5665597300825,0.6022899514897521,165.0,1.2
rf_loss,13,2,497.33061137050623,1.2453599195488316,0.13750438385195501,False,True,35.03999215141867,7.490519312568994,49.45141773877365,119.25859688269843,0.5474976204666413,165.0,1.2
rf_loss,13,3,498.29362452265485,1.6004270722593101,0.11775012936925322,False,True,34.87534714906443,11.212554561965218,50.0577285908323,121.5253324359699,0.5918571318980252,165.0,1.2
rf_loss,13,4,496.6744612496682,1.1123725472787644,0.17948061113270677,False,True,35.201252419786506,6.065190764673766,49.57577563706775,119.90125673558809,0.317978730072617,165.0,1.2
rf_loss,14,0,506.3555062062606,1.1731531383514575,1.6396381779367206,False,True,35.22695760698009,10.444814671170398,50.05699392471598,121.74490881184411,0.3847074646740236,165.0,1.2
rf_loss,14,1,496.16810897855663,1.2712527468902903,1.010487817146699,False,True,34.78616759761678,8.062386250759063,49.767619370912215,119.9495027768028,0.39320904635251086,165.0,1.2
rf_loss,14,2,503.96627304099354,1.4605432428690188,0.2536759149325585,False,True,34.785091153959456,13.971494928313273,49.72183801221725,121.1423216475795,0.7171437264699138,165.0,1.2
rf_loss,14,3,501.8987262409621,1.4094635816368544,0.14054590272318027,False,True,34.95273662413172,13.863010266424304,50.19421539317608,120.73546353962406,0.6253372903129969,165.0,1.2
rf_loss,14,4,502.7477489456357,1.237039458962681,-0.7111716817719704,False,True,35.015628598258864,11.619471957668964,49.9205855425373,119.0677033368425,0.5036618521837418,165.0,1.2
rf_loss,15,0,503.09046907522645,1.2314874789608854,0.05173337742747925,False,True,35.02729222252977,7.887814588469776,50.11118995130211,120.30177532951788,0.5816766151661638,165.0,1.2
rf_loss,15,1,497.230889417438,1.2382724881468998,-0.6994659482589408,False,True,35.04486631417148,7.207051108579212,49.735153340191,119.53494011041154,0.6973445075645612,165.0,1.2
rf_loss,15,2,500.18276852120556,1.3203423300584594,-0.0242024383907224,False,True,34.947333580214455,5.3685721746416935,50.461342156018794,120.22192585138197,0.494839386371773,165.0,1.2
rf_loss,15,3,502.8215938571589,1.2438990055250452,-0.40184500712386034,False,True,35.02881680777138,6.807874446768279,50.087937484889856,121.09490301355466,0.3805141567442184,165.0,1.2
rf_loss,15,4,501.3533429507832,1.3378053338412013,-0.5524621365744513,False,True,34.71104685927355,5.267407614044912,50.51228296910935,120.70733772589112,0.36168260896852245,165.0,1.2
rf_loss,16,0,495.7417457673332,1.2119147479647434,0.34422582675219654,False,True,35.05695689251972,8.431963659948984,49.76849843367244,118.73415613942855,0.3141244428943094,165.0,1.2
rf_loss,16,1,498.75408286222586,1.2522513643075999,-0.1716985297927525,False,True,34.73115370840375,4.781174836974836,49.602071440223085,120.35651587748997,0.5726283197908765,165.0,1.2
rf_loss,16,2,505.6333649884809,1.377835768152167,-0.2995073379772351,False,True,35.07466654636866,7.496692389537456,50.02512970917349,120.74365632756995,0.31885365126829956,165.0,1.2
rf_loss,16,3,496.56972830545106,1.4583818383880738,0.3618536669178228,False,True,34.90561928064105,8.113108035453864,50.49397304123723,121.07893545330046,0.5920974207121077,165.0,1.2
rf_loss,16,4,501.0876667972711,1.4574715609421705,0.450519170131662,False,True,35.12652224347822,8.432178582946388,49.91692978523499,120.5170482321892,0.6010185922923383,165.0,1.2
rf_loss,17,0,497.06736523323065,1.3328973447775734,-0.6382634263480659,False,True,34.96630740633022,3.7460334803821196,50.307635886592614,119.62352210274148,0.4227505266878941,165.0,1.2
rf_loss,17,1,498.95285828327684,1.2526395517648052,0.6604017575250342,False,True,34.87960987268476,7.275837210370179,50.18036230612778,119.17266186922443,0.6422963710108718,165.0,1.2
rf_loss,17,2,501.55917603791573,1.1952509940041582,0.214077760351513,False,True,34.64911423134063,10.994524927866046,49.986881689083845,119.69390129862867,0.5007319728649307,165.0,1.2
rf_loss,17,3,503.68001734308086,1.2991052675905226,-0.5355730671646862,False,True,35.22829859676765,5.988303534124276,49.85357357678723,119.97210900330654,0.5731142373216281,165.0,1.2
rf_loss,17,4,498.31667342529505,1.2758631239557876,-0.5697528271609354,False,True,34.81613474180436,6.67243544518195,49.94566974412584,119.57980747803785,0.4630912604334619,165.0,1.2
rf_loss,18,0,494.2142666955245,1.4361824428735261,-0.4122051620890917,False,True,34.951609533003165,7.1591031593276675,49.444015628894014,119.97266974163799,0.5107037504463076,165.0,1.2
rf_loss,18,1,499.8155175700307,1.2419034880588102,-0.7867452347470707,False,True,34.83889404988701,8.366164598335326,49.21640030677778,119.89674799891783,0.612489161217295,165.0,1.2
rf_loss,18,2,497.36568548888795,1.127667092219996,-0.1480863038231481,False,True,34.84666433220141,5.03869034060888,50.27497287826082,122.42496381476845,0.2946496845439455,165.0,1.2
rf_loss,18,3,502.7391673374795,1.3214013221066352,0.7912439558320993,False,True,35.04328598115705,8.14396908078562,50.071091017192316,118.85672442432731,0.5104584831598459,165.0,1.2
rf_loss,18,4,498.9228020989195,1.483194698174856,-0.8506157620012478,False,True,34.9686832791723,10.863715043633235,49.58323988026437,120.04810786612829,0.4798646613033833,165.0,1.2
rf_loss,19,0,494.1395917389439,1.4577357329248848,-0.03325594179887301,False,True,35.05123115476327,9.656069461606764,50.229933784462936,120.54570125363631,0.5295863901601701,165.0,1.2
rf_loss,19,1,495.89036989893253,1.2757186415652886,-0.8505366128930412,False,True,35.07875590805664,8.837568763421473,49.188356646486966,120.37764590314657,0.32011604425290374,165.0,1.2
rf_loss,19,2,498.2575645093687,1.1503318311914563,0.17564711892846943,False,True,35.01861534486074,6.987625652081525,49.56227388208006,120.35964143532829,0.618831036140713,165.0,1.2
rf_loss,19,3,500.1729545917984,1.388654909510187,1.2979051628505012,False,True,35.02671294591388,7.744043519293558,49.70022950549949,120.43441838575818,0.6285050082421357,165.0,1.2
rf_loss,19,4,504.47802053757766,1.1313306965156666,0.07652512208595443,False,True,35.18932213444704,10.740221334976358,50.036555114032815,121.31379818423669,0.49036485922199086,165.0,1.2
rf_loss,20,0,503.5039814919249,1.4753427156783916,-0.3251865516504577,False,True,35.125676357447304,9.395864722462575,49.788582772549866,121.56460967730577,0.38686180642136186,165.0,1.2
rf_loss,20,1,504.62446749140616,1.3200943834176824,-0.06641132816806194,False,True,35.170328737806166,10.447265819840458,49.8116991252279,120.6620240941636,0.5319222610890936,165.0,1.2
rf_loss,20,2,502.51611174934715,1.438558152155538,-0.4956207630614717,False,True,35.12268731337635,7.558132919623514,49.62195337375276,120.01628710500422,0.4923490566824022,165.0,1.2
rf_loss,20,3,497.0632548779074,1.1670566297448342,-0.28074022944147164,False,True,34.80652424869585,12.316258531549241,49.72997445902513,119.70109232757672,0.5081837505436873,165.0,1.2
rf_loss,20,4,499.3484719259691,1.239326643661433,-0.3890205810639334,False,True,34.96953065947816,9.151017092703842,50.19554142127625,118.92794420161745,0.5902914612881719,165.0,1.2
rf_loss,21,0,503.9792773112671,1.5958926478780708,-0.1410951489585812,False,True,34.998465888100775,12.007201000423093,49.88555386405275,119.40283648809121,0.4425431441538576,165.0,1.2
rf_loss,21,1,502.0610430848222,1.26457839854999,0.2935000601781907,False,True,34.876266789964546,4.608663415276625,49.63140036799736,119.47743404811574,0.5266475957709822,165.0,1.2
rf_loss,21,2,504.44988943057064,1.2752288978452537,-0.13521778114025654,False,True,35.20484125390872,4.866348964589645,50.16885464741971,120.29446991516436,0.5291767896010208,165.0,1.2
rf_loss,21,3,497.346249464945,1.5071664735891264,0.6864830286526206,False,True,34.774626267016984,11.761351446667266,49.84279799417363,120.80315017904775,0.36289425035624134,165.0,1.2
rf_loss,21,4,496.38162850752417,1.308998474892335,0.12576698356136204,False,True,34.87924425999909,10.710491332322563,49.97075496153882,120.9034145171892,0.7474862837073055,165.0,1.2
rf_loss,22,0,502.7032043368943,1.2591465703401554,0.3736290241636058,False,True,35.16595470680977,2.9911917549969447,49.5967850909288,119.49556229315444,0.6849024661945046,165.0,1.2
rf_loss,22,1,501.6784799591257,1.3524493925013854,-0.5604838070639165,False,True,35.177906329201015,12.71517766285779,50.206501462175815,120.27004488048323,0.7187239876983365,165.0,1.2
rf_loss,22,2,505.3373293154784,1.3913287252378543,-0.44090955349690775,False,True,34.900518096904726,13.341058032564186,49.65727343990637,119.84008886521751,0.6088822440862481,165.0,1.2
rf_loss,22,3,500.68481930992414,1.3334229356558485,-0.6359321411174018,False,True,35.153361222657374,9.757904680725215,50.33474867677744,120.6199666096694,0.41086015112183283,165.0,1.2
rf_loss,22,4,498.9709744487364,1.3612514932217896,-0.20084571888797534,False,True,34.97021672748417,4.310654034970581,49.98313578698203,120.87769679007724,0.5043278771077068,165.0,1.2
rf_loss,23,0,494.7566777318391,1.3576916405523511,0.10625735326345291,False,True,35.0268282022922,7.501847174800337,49.512609590248566,120.04123761115954,0.44608041513208013,165.0,1.2
rf_loss,23,1,502.7070122958381,1.1007047182285525,-0.6891061884067918,False,True,35.16508700369207,4.760851251153399,50.33931190302552,120.69075177549888,0.5231455576568391,165.0,1.2
rf_loss,23,2,497.26390430214224,1.5059120189992912,0.01658340077839554,False,True,35.212382758673044,9.479772834851032,49.74254799200364,120.21654668134752,0.5033356711487693,165.0,1.2
rf_loss,23,3,501.54238091225216,1.4749317418837529,0.5954137976284717,False,True,35.20022332022074,6.668314737102534,49.41468924852618,119.51642989352875,0.5615670770188617,165.0,1.2
rf_loss,23,4,499.3724443890029,1.2537470867211122,1.0798515289280999,False,True,35.10428292268258,9.763832289146523,50.14600271257054,120.99526503630426,0.9306420953797132,165.0,1.2
rf_loss,24,0,502.62653065838145,1.2956041677587151,-0.6529545466921255,False,True,34.9636573735984,8.38435011565014,50.34021113733767,119.3788110324456,0.47065681538310306,165.0,1.2
rf_loss,24,1,494.807479574144,1.4060524877746121,-0.8129997041191673,False,True,34.98772671620274,5.619374939502636,49.7086719091315,120.77053580162338,0.6554370376421256,165.0,1.2
rf_loss,24,2,500.81290703789415,1.5176396545150175,0.5321917670536266,False,True,34.92345291547094,6.108995914848491,49.831926070446976,118.83920289896236,0.5126058339922839,165.0,1.2
rf_loss,24,3,502.13095702443985,1.2493292245057699,-0.22830808216687,False,True,35.01334149635284,8.33071115539321,50.03826241072746,120.25125503316322,0.49594013333288506,165.0,1.2
rf_loss,24,4,496.3797101931516,1.3248253317316894,-0.34843215236923347,False,True,34.89333425467325,7.894900661488186,49.69316849239182,120.6867301882786,0.5923547687285704,165.0,1.2
rf_loss,25,0,497.2571728898515,1.2247013191828027,-0.17494350076230333,False,True,34.910867799017005,7.085880011539755,49.84626994758224,120.46408233361595,0.6237925210133441,165.0,1.2
rf_loss,25,1,499.43084141690986,1.2415880617332549,-0.3300174230448066,False,True,34.92801215517518,6.384363073315666,50.173570729706015,119.68212768588945,0.549474177627303,165.0,1.2
rf_loss,25,2,492.81115292380247,1.2934339463200508,0.4965226211841095,False,True,35.05546111774449,8.67870799755864,50.331392816996136,120.94254294953934,0.49989442880251894,165.0,1.2
rf_loss,25,3,501.4481160018512,1.2809327668393324,-1.323262133677521,False,True,34.976682223016844,10.095725896622133,50.10218681214408,121.30171279423361,0.19528760058247147,165.0,1.2
rf_loss,25,4,496.3254370330535,1.2656432532695263,0.6326092861562369,False,True,35.027678673852805,7.963747493644045,49.61796326168108,119.57937728776156,0.6207720365231117,165.0,1.2
rf_loss,26,0,497.0557507493646,1.3184152581265947,0.3363338693619831,False,True,35.056188941608184,7.493709391793378,50.27890518118963,119.76471792308172,0.43613998477891347,165.0,1.2
rf_loss,26,1,499.38272018145426,1.1913468109955465,0.018104478423812617,False,True,34.96498292005192,10.896406918084786,49.82148907881827,120.56552457325994,0.3922204588894864,165.0,1.2
rf_loss,26,2,498.72081615463986,1.3784927064731693,-1.0562724555867944,False,True,35.181546727012986,10.29636326008855,49.709369283000825,120.20937373414854,0.5346857658552445,165.0,1.2
rf_loss,26,3,499.3036837683591,1.2555870576538066,1.1451164341615498,False,True,34.87044410875625,8.981182160609977,50.15819838273168,120.02705368975934,0.20372514923226093,165.0,1.2
rf_loss,26,4,499.74288230828677,1.3833916819348924,-0.8415846996158496,False,True,34.85151201195319,1.7214921763184492,50.22816018103579,118.38927876766738,0.4291620028663603,165.0,1.2
rf_loss,27,0,504.56040977966705,1.3726997315861003,0.8355416221461968,False,True,34.86507839941069,12.115138612603882,49.96291192399504,119.89693645290917,0.5368315496737973,165.0,1.2
rf_loss,27,1,500.27761623101384,1.5207857151873254,-0.6542279186182194,False,True,35.08544295905799,8.075295826353434,50.15461420255695,120.81538231241983,0.48560970305934104,165.0,1.2
rf_loss,27,2,506.98370525798924,1.5470502161650734,0.9634394890419706,False,True,35.177328829889284,3.0839896567819043,50.16153678411379,119.78847869856999,0.5331202648477035,165.0,1.2
rf_loss,27,3,505.03413212069296,1.1205638289623459,0.328810438453713,False,True,35.372068929148725,10.278487924516963,49.91192502921842,119.69847699534718,0.34380527643348335,165.0,1.2
rf_loss,27,4,499.9399129172239,1.335623546496253,-0.40328109396546247,False,True,35.17529249355253,6.906589392931028,49.6912463730962,118.1218012430422,0.54275031950356,165.0,1.2
rf_loss,28,0,499.4086561168549,1.4850587140455163,-1.2763147751304063,False,True,34.9353259026409,9.279193662352867,49.61370639930893,121.75830415521317,0.6807271107474775,165.0,1.2
rf_loss,28,1,498.9519488250058,1.158771647659349,-0.8096293843617302,False,True,34.9622033426728,8.89588097883194,49.873935465375745,119.5668055711465,0.49726637836646603,165.0,1.2
rf_loss,28,2,499.72562930126173,1.2696038958009996,0.12259350126189027,False,True,35.00297309426464,8.356100882980332,49.9727633987043,120.49320696019886,0.605915015075095,165.0,1.2
rf_loss,28,3,500.7851733729322,1.3790749975257381,-0.31079232909203264,False,True,34.855814543761234,9.799597743700948,50.447597783784175,117.73289464585964,0.4267262808500476,165.0,1.2
rf_loss,28,4,503.6816906088976,1.3304950053264684,-0.49211878251707725,False,True,35.02850031350248,4.459443981865632,49.946162840471516,119.82386097839276,0.562332084188087,165.0,1.2
rf_loss,29,0,501.8611403460498,1.1202124511416296,-0.6367238889497377,False,True,35.128958794328085,9.750761253089873,49.90031371086375,119.99237022531311,0.3199373471355371,165.0,1.2
rf_loss,29,1,502.89107267603765,1.2984680235609742,0.16245928718995326,False,True,34.628234291001284,9.558579135570314,50.4623461477873,120.19976772623632,0.6831029776076336,165.0,1.2
rf_loss,29,2,495.48196297991024,1.2804478314697794,-0.8091551113668106,False,True,34.912930509737805,2.95722431057212,49.85734472501892,120.55793568153014,0.6695181502625214,165.0,1.2
rf_loss,29,3,501.7199388835622,1.3124519758609872,0.5694259576766905,False,True,34.772070845018845,5.512203937306328,49.85733123967854,119.07584697579611,0.4620736755141607,165.0,1.2
rf_loss,29,4,501.40811726441615,1.3334147966813767,-0.3247425047544401,False,True,35.09601908236694,8.620215453590395,50.27992150671865,121.73576948658493,0.47692765345374105,165.0,1.2
rf_loss,30,0,454.1568458137661,1.4919963427932446,-0.8141889533871234,False,False,35.09426564732358,75.63672687896296,50.338548168878624,129.6446759283916,0.4077156386635931,165.0,0.8875199999999999
rf_loss,30,1,460.6039839084605,1.3229827962125829,-1.8400148188507102,False,False,35.15065198806898,74.47229057427155,49.91656325862898,131.21366245468684,0.5367142476294884,165.0,0.8875199999999999
rf_loss,30,2,456.5408656875479,1.7296663065853732,-2.618023039772866,False,False,35.21897632658655,69.88094475577643,50.0491727418964,131.94080805596428,0.5114057573102012,165.0,0.8875199999999999
rf_loss,30,3,458.60484780357046,1.523489814554469,-1.6421083725164076,False,False,34.99335614091995,69.03172304028519,49.8732989950813,130.6986768554738,0.578467484707394,165.0,0.8875199999999999
rf_loss,30,4,460.9672251619201,1.6947797808044367,-0.8946025144915296,False,False,35.00326578930397,72.29410703352521,49.85549839038504,129.4247464348142,0.48905757522573673,165.0,0.8875199999999999
rf_loss,31,0,458.7419533628122,1.4647032563941018,-1.4880264798791183,False,False,35.23751806705081,71.43341049644751,49.62438593142385,129.41095786261945,0.6852272417928039,165.0,0.8875199999999999
rf_loss,31,1,457.8144809926804,1.644128653414015,-1.4641492510772012,False,False,34.950594687472055,67.34994319759583,50.18645300525065,129.47649398294467,0.4193014576584836,165.0,0.8875199999999999
rf_loss,31,2,463.6688324897108,1.7304358144750467,-1.761416227935768,False,False,34.86445785734889,70.33108835217323,50.18109009314513,130.07081753941603,0.5391697309290918,165.0,0.8875199999999999
rf_loss,31,3,459.743130953848,1.6093455934390999,-2.147119976915061,False,False,34.926372005718164,73.73059952926053,50.13353157633816,129.92849911682097,0.3752077804207293,165.0,0.8875199999999999
rf_loss,31,4,458.94978135954295,1.488953797131182,-2.4675043032882162,False,False,35.16761390428515,75.84914402478638,50.232552676232096,130.7321724269561,0.6680570467485406,165.0,0.8875199999999999
rf_loss,32,0,461.7181079305553,1.569989193153059,-1.8024676150220142,False,False,35.018760693852236,71.1218138306607,50.37561442882492,130.7514708496192,0.6469514656586988,165.0,0.8875199999999999
rf_loss,32,1,459.5976196939992,1.4455214587009981,-1.2220704073849928,False,False,34.86591339733009,73.26936932067204,50.263349150075925,130.4352365075613,0.42491105446429117,165.0,0.8875199999999999
rf_loss,32,2,454.20050650950196,1.2306763603234663,-2.4172968168696602,False,False,34.857261266907216,72.95193418497445,49.63252587542361,130.87865753154884,0.5417632966338944,165.0,0.8875199999999999
rf_loss,32,3,455.7943148795314,1.4591286595666642,-1.3501209614218266,False,False,35.138670116658474,73.42964772483242,50.33061857925268,129.0455436448063,0.43517578784812716,165.0,0.8875199999999999
rf_loss,32,4,455.2140781885796,1.4667655351735822,-1.294883566574554,False,False,35.00651264466278,69.83633661098727,50.461944154259996,132.09188112742999,0.4386338471042558,165.0,0.8875199999999999
rf_loss,33,0,456.7265815266611,1.6649061411850627,-1.6731902480385825,False,False,35.05749065142864,69.81225287644187,50.17719859387301,131.38669682745768,0.4329053981816224,165.0,0.8875199999999999
rf_loss,33,1,458.92066811913855,1.4899538139361774,-1.8758827221780607,False,False,35.09129317544262,76.72661366403345,50.38653559229763,129.76313137779624,0.33063444229530087,165.0,0.8875199999999999
rf_loss,33,2,461.1522197283714,1.6458590156097617,-1.7339035971815793,False,False,35.197877521423486,71.56189716772792,49.986561041761476,130.7730623254739,0.4408350734408382,165.0,0.8875199999999999
rf_loss,33,3,458.7928717825692,1.438505928265051,-2.540618481219459,False,False,35.16739587545755,71.63598032228052,50.65036611477711,131.6440454632148,0.5396984024110273,165.0,0.8875199999999999
rf_loss,33,4,457.95760753056913,1.595280019308026,-2.7431020635721084,False,False,34.927582618925584,73.39260333375199,50.06254105808309,129.81927552558167,0.3979400861945448,165.0,0.8875199999999999
rf_loss,34,0,459.6982027953688,1.5267804675147874,-2.509204292237059,False,False,35.09323327384065,77.98324287577229,49.9979154707668,130.48854347663115,0.7130918199482598,165.0,0.8875199999999999
rf_loss,34,1,455.4086967977647,1.498584058737409,-1.1446168094759503,False,False,34.97214979461497,76.04851092339304,49.85309724503062,130.5146766937501,0.613475040767097,165.0,0.8875199999999999
rf_loss,34,2,455.65969276588766,1.4576336562945018,-2.7386436528241394,False,False,35.13880552924273,72.4112513114137,49.77939558378347,130.9088497079139,0.34552476308784597,165.0,0.8875199999999999
rf_loss,34,3,459.3814413141369,1.3611256171875625,-2.162532118529779,False,False,35.014009582169464,78.0802878691981,49.74891262972532,130.81486547655217,0.3346113707901789,165.0,0.8875199999999999
rf_loss,34,4,464.41246263168347,1.5711667392651254,-1.340144064559555,False,False,35.05992826925504,72.4813868020456,49.82810167390762,129.34774376551115,0.370348771746702,165.0,0.8875199999999999
rf_loss,35,0,461.04385617391466,1.5844592477847368,-0.9445598666265365,False,False,35.14911867181065,69.90604289730159,50.43820880239882,130.21276389598137,0.4393189822154296,165.0,0.8875199999999999
rf_loss,35,1,466.9442437105074,1.570776006841476,-1.7916892122058712,False,False,34.94848675790106,72.71529982526525,50.11467746596842,132.1779888399167,0.6321718184019963,165.0,0.8875199999999999
rf_loss,35,2,461.01425692567796,1.4803589782477802,-1.5354560621737812,False,False,34.96813751881806,70.49587802723542,50.18280209892593,129.6708039889548,0.4582289852883254,165.0,0.8875199999999999
rf_loss,35,3,463.2469611809022,1.3709284730584996,-0.9889799118397873,False,False,35.07934013366436,69.85370133671752,49.69730844503304,130.70123287714233,0.6563644537201723,165.0,0.8875199999999999
rf_loss,35,4,455.96525891908544,1.4315747520363358,-2.301861153170072,False,False,35.31373721729541,69.18992253702022,49.24025470046959,132.2800077964909,0.3840200469856446,165.0,0.8875199999999999
rf_loss,36,0,465.351176134828,1.659118965748962,-0.9230320955923019,False,False,34.928453519035585,74.49663165091897,50.04687792565484,129.18927528160592,0.6225319798936793,165.0,0.8875199999999999
rf_loss,36,1,461.7008266180909,1.4003024226674463,-0.8458413987760485,False,False,34.955441805283634,78.33017871695941,50.06041651762607,130.10934935787415,0.4459228655324394,165.0,0.8875199999999999
rf_loss,36,2,457.57065620399425,1.712068752608125,-2.294193860036499,False,False,35.090138795304576,69.44221973382865,49.94468994044528,129.38916917547607,0.4963155246548966,165.0,0.8875199999999999
rf_loss,36,3,455.7667130176293,1.3956385838732197,-1.8705996139918422,False,False,35.06892333265615,77.03407666166622,50.41855673140525,129.5135043114535,0.2713634370605389,165.0,0.8875199999999999
rf_loss,36,4,468.53629560402516,1.386503205996684,-1.8697053096892575,False,False,35.03258737022791,67.3297940923333,50.198542176334556,128.9925663724851,0.3636537821118755,165.0,0.8875199999999999
rf_loss,37,0,455.97808574592057,1.5447214806992122,-2.48573972449024,False,False,34.95290528229837,71.03377739878012,50.396389465213645,128.62110741837157,0.5050488793517541,165.0,0.8875199999999999
rf_loss,37,1,458.494686550465,1.4303093861259115,-1.351914458373131,False,False,35.138670457279844,75.14956196488694,50.30135922581482,131.50230585932937,0.4254352443265458,165.0,0.8875199999999999
rf_loss,37,2,457.9348851909989,1.3393319014628462,-2.5830971988689657,False,False,34.87418872835904,70.6738845717482,49.95477126889764,129.6217723275275,0.5545159053300388,165.0,0.8875199999999999
rf_loss,37,3,460.8572514028819,1.4881153953950788,-0.9588102574791129,False,False,35.1962637256588,72.22164679445153,49.98603768161881,130.39455387056788,0.6341157140004049,165.0,0.8875199999999999
rf_loss,37,4,455.69350573976925,1.4861149040928512,-1.0559260728906517,False,False,34.835601937183334,71.63869756189278,50.11735826355686,129.88141374047152,0.4618728652441746,165.0,0.8875199999999999
rf_loss,38,0,466.32486820585353,1.5953227936397434,-2.0990828301836513,False,False,35.224181682321785,73.50244045545905,50.54581249226465,129.6659529175701,0.3522661563440366,165.0,0.8875199999999999
rf_loss,38,1,457.16789552140136,1.5926825938362756,-1.5500809147275108,False,False,35.07296944685343,73.43618790070317,50.18137393244557,131.20857848132525,0.49043458424844527,165.0,0.8875199999999999
rf_loss,38,2,451.77207701617834,1.603531652053388,-1.7841495529745721,False,False,35.194093157637944,68.96642195608221,49.57406203121895,129.79803347631434,0.4321140161252047,165.0,0.8875199999999999
rf_loss,38,3,463.9702028738125,1.2907441247046225,-2.0722762439380134,False,False,35.0500733814226,72.7788303056463,50.294893568796084,130.59917139178185,0.4318178881563632,165.0,0.8875199999999999
rf_loss,38,4,459.76987076638574,1.4775750792024445,-2.0544114026202016,False,False,35.21631830548221,73.74553722518154,49.81211494264077,130.51142248179085,0.40385225221274784,165.0,0.8875199999999999
rf_loss,39,0,460.0160698904963,1.377133600009015,-1.353965334427393,False,False,35.19439703757507,73.64109994858397,50.240674671064774,130.63729097378626,0.469562214410621,165.0,0.8875199999999999
rf_loss,39,1,459.3340577011916,1.3848563793855113,-2.661482750717145,False,False,35.09903616923805,68.31611163067402,50.044305559358754,128.82836367453373,0.550201107484099,165.0,0.8875199999999999
rf_loss,39,2,455.5664951400376,1.312537834820472,-1.7717068126584112,False,False,34.993098263415206,67.7669658871292,49.80922873885988,130.81425767701487,0.23199290346654877,165.0,0.8875199999999999
rf_loss,39,3,461.96393367917847,1.6143480899627862,-2.3516468591351294,False,False,35.087931977014385,66.14616023993597,50.67394378389447,129.06625415059324,0.45620297840940965,165.0,0.8875199999999999
rf_loss,39,4,461.3446594826423,1.3497505227940367,-1.1882675143470154,False,False,34.99368320730744,72.74503594212409,50.42231959740901,130.31255608309667,0.6665371400407331,165.0,0.8875199999999999
rf_loss,40,0,459.7808161381385,1.6627901142041805,-1.944287637473467,False,False,35.215074264608255,68.27905120323828,49.495166248638654,130.51414505584057,0.43160746917386816,165.0,0.8875199999999999
rf_loss,40,1,459.45122169666007,1.513524361149531,-1.9038209895544171,False,False,34.81886421488445,75.92544958097372,50.06462713362749,129.6191742494343,0.308311969442836,165.0,0.8875199999999999
rf_loss,40,2,456.8355957612854,1.4562762041911292,-0.9467975734639581,False,False,34.83622326818556,76.17199098108813,49.40041267546499,132.14574356149973,0.6446164055236479,165.0,0.8875199999999999
rf_loss,40,3,461.4407445953926,1.564509433303867,-2.11196636838694,False,False,34.877161085739786,68.46791361491022,49.96587104759162,130.33139139080905,0.6411316391551646,165.0,0.8875199999999999
rf_loss,40,4,456.9415848128328,1.2941184756467197,-2.790516981141333,False,False,35.290344665262246,78.23226763396634,50.31015160422612,130.45005120465385,0.3118369828119475,165.0,0.8875199999999999
rf_loss,41,0,461.9286110535102,1.5276185681921854,-1.623729624474607,False,False,35.107136654481074,72.91099686559988,49.97886362039682,128.87710319350532,0.28091134343502366,165.0,0.8875199999999999
rf_loss,41,1,459.4649084434012,1.5066809310559557,-2.4868273185756933,False,False,35.08884914106146,74.42889328290609,49.770398383614825,132.0132976096717,0.32593340845054,165.0,0.8875199999999999
rf_loss,41,2,461.7640441201179,1.5926593096151178,-1.530320952301242,False,False,35.12582725350045,74.90145041624363,50.01556624766911,130.80164384538494,0.580835915522575,165.0,0.8875199999999999
rf_loss,41,3,460.2034511786392,1.5133861016970291,-2.146639690668227,False,False,35.0696502150391,76.01430038980446,49.71115300526969,129.82204636849485,0.478209735576735,165.0,0.8875199999999999
rf_loss,41,4,455.77829170654076,1.42242412156219,-1.7488979959440338,False,False,35.11987123763787,68.89878169672876,49.96442804341247,128.9872593339234,0.5847593871080986,165.0,0.8875199999999999
rf_loss,42,0,457.26159823971165,1.4591629799828914,-1.21578678472609,False,False,34.99515021926046,70.44730658369521,50.33692202709178,131.1613431153138,0.510558848500399,165.0,0.8875199999999999
rf_loss,42,1,462.3016644481843,1.6612898550054833,-0.47406824616495613,False,False,34.909347257774456,68.15783758264327,50.31496249337538,130.19939342824964,0.357581422430205,165.0,0.8875199999999999
rf_loss,42,2,458.9390793491966,1.457681731134544,-1.7357492835202817,False,False,34.9435663296023,71.95609491090171,49.83307040217235,130.09451135313455,0.4847058990846536,165.0,0.8875199999999999
rf_loss,42,3,459.5284595627404,1.4234438337787647,-1.9105032752379092,False,False,35.04475961160583,74.4746248025461,50.13813291649851,130.9323426883398,0.6120867164032132,165.0,0.8875199999999999
rf_loss,42,4,453.7103210172257,1.516034206312952,-2.4437609473104986,False,False,34.7993798323143,71.2025313732279,49.964302059687995,130.9081453395985,0.5542847885785783,165.0,0.8875199999999999
rf_loss,43,0,458.7536106142436,1.6388349335518098,-2.483024733485201,False,False,35.15280272995226,75.85179921988926,50.58869804406241,130.8720648431354,0.6715751528845366,165.0,0.8875199999999999
rf_loss,43,1,460.9927842372128,1.2835220989559157,-1.660400897103509,False,False,34.943191706896584,67.2489737402765,49.73682058197458,131.68007867164326,0.5795345370815612,165.0,0.8875199999999999
rf_loss,43,2,457.1795327126237,1.4245794252056652,-1.2944487635644868,False,False,35.04210562965525,74.4908350851467,49.85286171745187,130.25269880964672,0.6223505957838762,165.0,0.8875199999999999
rf_loss,43,3,460.0743929391431,1.5249916937448182,-1.7928080548865584,False,False,35.23387855658423,72.57622369100889,50.26997452141406,130.81644207097204,0.5779345953875971,165.0,0.8875199999999999
rf_loss,43,4,460.1383003654361,1.5085069219520644,-2.2117751393375085,False,False,34.96191131642524,69.30677607349247,49.75365789128611,128.39478025407385,0.49782684830727814,165.0,0.8875199999999999
rf_loss,44,0,467.65346740453094,1.4213747990218006,-2.170929356132578,False,False,35.103976489750764,73.78593436460746,50.028154773622184,131.60305474617306,0.2721029258503517,165.0,0.8875199999999999
rf_loss,44,1,462.30503920037245,1.7507315382142488,-2.34365485688943,False,False,34.763253251357085,68.47766237690848,50.221339845054764,131.41155876617267,0.5104840710240606,165.0,0.8875199999999999
rf_loss,44,2,458.8236023682081,1.4411649191619305,-2.5073348239976574,False,False,35.0204616761358,66.72336655253147,50.13384921438113,131.56945458196964,0.5639841802036119,165.0,0.8875199999999999
rf_loss,44,3,462.4937930067465,1.2330918451156538,-2.1191501327067477,False,False,34.895502654569604,70.21115664619026,49.861693008099365,132.0077576867484,0.45049506835109143,165.0,0.8875199999999999
rf_loss,44,4,459.68620312128405,1.5733680794983715,-2.1018537209490065,False,False,34.88265674056077,67.05863385993878,50.24755146644836,129.79916811347397,0.5142136032781366,165.0,0.8875199999999999
rf_loss,45,0,463.22653490271773,1.4461935641761845,-1.8106258158482211,False,False,34.941342595654596,68.43800633879341,49.631443902696226,130.89618392311468,0.41056873027625884,165.0,0.8875199999999999
rf_loss,45,1,459.3832434075971,1.446674507503686,-1.4496213755141105,False,False,34.85875902782047,73.68321219199122,50.73030927864286,130.88284921392543,0.7213000513866582,165.0,0.8875199999999999
rf_loss,45,2,457.9810031934808,1.5998247620450157,-1.5471879571238873,False,False,34.971780866704265,76.07935866899336,49.404835810604666,130.56653354563997,0.3452254327768587,165.0,0.8875199999999999
rf_loss,45,3,461.93686615507914,1.588534783694275,-2.4417978765411577,False,False,35.12818990654878,74.13419184201675,50.03187535711462,130.54712056455412,0.5221434222015491,165.0,0.8875199999999999
rf_loss,45,4,460.84125941042737,1.3671703520233451,-0.5459358518893653,False,False,35.22543085587968,65.67255763141837,50.057813262551754,130.67547530550303,0.3930599403820134,165.0,0.8875199999999999
rf_loss,46,0,463.92618722966154,1.6557759222842514,-2.1142940302639612,False,False,35.184399434592365,73.11161738969473,50.0578412187555,129.5265576416473,0.4477790520557218,165.0,0.8875199999999999
rf_loss,46,1,457.7127191064224,1.5211473905339417,-1.4562497719418208,False,False,35.04600746409917,70.42855053572428,50.34991958402644,130.8178140847704,0.4833359872167332,165.0,0.8875199999999999
rf_loss,46,2,457.8872572751881,1.6049813401778954,-1.84543286380863,False,False,35.047042729239166,76.10841656841832,50.10622445784644,131.66226964932935,0.405569472979317,165.0,0.8875199999999999
rf_loss,46,3,460.2758228141005,1.6249130747412,-1.125969810237053,False,False,34.80351620607286,71.72056234400159,50.51728347984515,128.645628322451,0.5537159998242331,165.0,0.8875199999999999
rf_loss,46,4,460.34298793617853,1.4928604951122797,-2.265192585431928,False,False,35.40874726158816,75.75368653707578,50.00533190332461,129.8790462350972,0.5378923748183818,165.0,0.8875199999999999
rf_loss,47,0,454.2975280513896,1.4796657199656216,-1.9488011974851236,False,False,35.15706720319352,68.06600352521443,49.77669545859891,130.75669929599198,0.42348238829238966,165.0,0.8875199999999999
rf_loss,47,1,455.3634778841888,1.567505205237844,-2.267693840462058,False,False,34.939458847608584,73.30534663059449,49.891794983985356,129.78253502214432,0.8364327899572421,165.0,0.8875199999999999
rf_loss,47,2,459.0850088796286,1.4458246601970517,-1.9517046274421284,False,False,34.988502894712724,73.40324920513768,50.45344114641449,131.21764707901616,0.6919632480264388,165.0,0.8875199999999999
rf_loss,47,3,464.1371667758898,1.4140901919916007,-1.4987709533336018,False,False,34.93947112853228,78.84826506647899,49.95526343949371,130.73677787106834,0.5256136285775413,165.0,0.8875199999999999
rf_loss,47,4,466.2700363213276,1.6274328336006425,-2.1106573057508844,False,False,34.944653871631154,71.08650857632178,49.688106259860035,131.50504301018873,0.5689498631720339,165.0,0.8875199999999999
rf_loss,48,0,458.317816903633,1.7233432202831702,-0.7534957638014974,False,False,35.03298277577952,79.75892878606089,50.391730975260316,130.2798097898241,0.7633704061133681,165.0,0.8875199999999999
rf_loss,48,1,458.3439851994468,1.4417230364800586,-2.8767762778137533,False,False,34.99781010828359,77.0924573789004,50.28359284802856,129.32068078008103,0.503652849417133,165.0,0.8875199999999999
rf_loss,48,2,457.4329298383942,1.4910222789882086,-1.21937331030362,False,False,35.02059150750462,73.10664706788417,49.690278344485385,131.99531018754269,0.34588491071486277,165.0,0.8875199999999999
rf_loss,48,3,464.07533407457305,1.3703426642860488,-2.458710314064782,False,False,35.309681660444134,68.2075155478888,50.05050729235445,132.0054821505665,0.6468223391320999,165.0,0.8875199999999999
rf_loss,48,4,458.45823681281786,1.5293785290943434,-1.4576935851247133,False,False,35.1146209485936,74.35638909239835,50.118597628198444,130.7771293345914,0.5098500886621181,165.0,0.8875199999999999
rf_loss,49,0,458.3570144375905,1.4711180118810625,-3.818272435420721,False,False,35.097208114378866,71.83148918009896,50.099141526829655,132.4375110979895,0.6298204072013297,165.0,0.8875199999999999
rf_loss,49,1,455.05192041508303,1.423257757164938,-2.232567006096764,False,False,35.103613428314475,74.73503150680096,49.99688812804741,130.38712129807553,0.3670749649377001,165.0,0.8875199999999999
rf_loss,49,2,461.3857006218418,1.4150199777130061,-1.1597778960785,False,False,35.214543413124105,71.49658227629097,49.72318657809431,129.85487624352194,0.4348962570048496,165.0,0.8875199999999999
rf_loss,49,3,460.2561922243694,1.5318695481987556,-1.7818599951181746,False,False,35.07134031216122,70.18874509623011,49.81048136927587,128.689762510559,0.4609147089240205,165.0,0.8875199999999999
rf_loss,49,4,459.2423261678665,1.4257709924719286,-2.4563364687887272,False,False,35.24945222515703,70.86844489269691,49.865741891736164,131.01666739398215,0.3057837939340171,165.0,0.8875199999999999
rf_loss,50,0,457.93788948800193,1.2671332872511702,-1.5291310746483808,False,False,35.01446358216108,70.25362759815933,50.12204894275355,129.8829359684372,0.36092823848771416,165.0,0.8875199999999999
rf_loss,50,1,466.71600268425374,1.467879879537025,-1.7441437148569252,False,False,35.11485297216151,75.28797694692688,49.716308306899926,131.76780326114647,0.7831653415918445,165.0,0.8875199999999999
rf_loss,50,2,467.1305457371585,1.607147045712855,-1.5070277638948038,False,False,34.82648765670775,76.16241603828722,50.1149021524436,131.1796230974462,0.43793384472316654,165.0,0.8875199999999999
rf_loss,50,3,463.44024400063574,1.4014871120768808,-2.355686345901672,False,False,34.911688052118905,67.9018363629065,49.77958560956086,131.20643111383734,0.7499263738979578,165.0,0.8875199999999999
rf_loss,50,4,465.1041127691431,1.3370928143487522,-2.3229271817364925,False,False,34.905255990054584,70.73171226508751,49.785855046416565,130.7385867803803,0.3803992842791879,165.0,0.8875199999999999
rf_loss,51,0,456.1309900522847,1.7347843846198783,-2.73421572719188,False,False,35.121214100109434,76.40290608101544,49.815933899175775,131.14501126997354,0.6205844639778111,165.0,0.8875199999999999
rf_loss,51,1,463.9283995376505,1.5426351813329162,-1.3680550192488634,False,False,34.96857894020627,75.21013482924367,50.102992536611644,130.46453700562313,0.5087508165948378,165.0,0.8875199999999999
rf_loss,51,2,456.48248508501194,1.5913663130225553,-2.136933415702639,False,False,34.77212401889649,71.15568424990856,49.8835896977149,131.65441512757792,0.5151899992453479,165.0,0.8875199999999999
rf_loss,51,3,464.72263787516124,1.7294503634589335,-0.9378112221006152,False,False,35.03111273306303,74.20542820216356,49.82531821859299,131.1943196987138,0.6267526658419722,165.0,0.8875199999999999
rf_loss,51,4,465.307955579367,1.4156630271149302,-1.821170139515794,False,False,34.8906145766563,75.86027155252316,50.08008781531369,130.714788542408,0.4456544378966643,165.0,0.8875199999999999
rf_loss,52,0,459.789111525446,1.6744537243641695,-1.7884259200552413,False,False,35.000740938923364,75.3674289589166,49.53455524051274,129.04725883793245,0.5963176378406913,165.0,0.8875199999999999
rf_loss,52,1,462.85838164715295,1.6498796394529822,-2.914499913377324,False,False,34.982444842061426,72.23047796465747,49.57506767203422,129.68584677283812,0.5024991128218023,165.0,0.8875199999999999
rf_loss,52,2,459.16205400968636,1.660317901859472,-1.9942841101496789,False,False,35.25172342687797,73.89389058838474,50.15940124825474,129.80198839520955,0.5430064491192865,165.0,0.8875199999999999
rf_loss,52,3,459.019875684708,1.4865382445713735,-1.86298726077213,False,False,34.83001701451304,70.19573240015995,49.52384274114762,129.6029059657395,0.3308179251772968,165.0,0.8875199999999999
rf_loss,52,4,461.1776782772207,1.7049076361916748,-2.0321020876831635,False,False,35.180353944977334,71.20882967181576,50.10261249640869,131.43278998191352,0.6361139888795126,165.0,0.8875199999999999
rf_loss,53,0,460.14841754927954,1.524757331783843,-1.9668593076887884,False,False,35.21916163666942,76.77595715862257,49.849630597498006,130.28768714846063,0.45222938920280864,165.0,0.8875199999999999
rf_loss,53,1,455.61495120126403,1.502276339277218,-2.6061802393430007,False,False,35.01604304147804,68.85621204380189,50.62826889885128,129.25353268490863,0.34038302214904514,165.0,0.8875199999999999
rf_loss,53,2,466.1392702020652,1.475526594799439,-2.0072157524676517,False,False,35.09963167744234,73.96738116227337,50.221889287219426,131.49298773466214,0.5197460947764584,165.0,0.8875199999999999
rf_loss,53,3,470.01240880724725,1.5571983280603983,-1.3182758471642242,False,False,34.91276760591006,70.26379380272056,50.043967111579896,131.1318576982492,0.6478415555449469,165.0,0.8875199999999999
rf_loss,53,4,457.82525599366437,1.5233922081982132,-2.306981696182639,False,False,35.017027578072536,71.05956205976682,50.026674498963786,130.84860617237877,0.5370634733239399,165.0,0.8875199999999999
rf_loss,54,0,455.8818549865873,1.522512473407584,-1.1923662033832567,False,False,34.830026396080534,74.80226904290295,50.0632751760452,130.05836662559548,0.5472252849584776,165.0,0.8875199999999999
rf_loss,54,1,464.92114537977363,1.5640988283808666,-1.5987912669427138,False,False,35.22640176546934,71.42076905080891,50.28210837115752,130.05912908820926,0.5428197539003542,165.0,0.8875199999999999
rf_loss,54,2,462.8893829251989,1.4311937950659863,-2.5721398088126395,False,False,34.97695015152949,70.5244496412391,49.76853317363387,131.28460535135713,0.3851007243864226,165.0,0.8875199999999999
rf_loss,54,3,455.7789602398669,1.639856569930832,-3.3938511494763794,False,False,34.93063590432792,71.61823502027784,50.35130692997379,131.1244294414255,0.3111777131788178,165.0,0.8875199999999999
rf_loss,54,4,457.27971636004344,1.5181124155386645,-2.11750563491189,False,False,35.229031330609,74.20864476694295,50.09765463584959,130.74077264306501,0.6555119776055289,165.0,0.8875199999999999
rf_loss,55,0,464.5673830186609,1.5451718325438635,-2.840260656261232,False,False,34.9571761031588,66.97507643862097,49.27039370028059,131.39927668662426,0.45048693287863045,165.0,0.8875199999999999
rf_loss,55,1,457.4321750344344,1.6374975556108904,-2.444778549760719,False,False,35.164507520932695,73.18584395388963,50.18681773527677,131.89226347872867,0.5984583135644025,165.0,0.8875199999999999
rf_loss,55,2,463.9368925646652,1.6062121277707933,-1.5358179119912774,False,False,35.14050445009195,74.18860430631055,50.27796022228175,130.32326885159222,0.5404563501768499,165.0,0.8875199999999999
rf_loss,55,3,457.13151963736254,1.610688979354234,-2.2204576653274555,False,False,34.98362039542723,71.49398815550823,50.01752383701592,130.51296874255289,0.5573279277621861,165.0,0.8875199999999999
rf_loss,55,4,460.919264841716,1.585527576647017,-1.2490662148105058,False,False,35.25843183931618,76.59537391689025,49.94208240335505,131.8309648187775,0.35363964801473863,165.0,0.8875199999999999
rf_loss,56,0,462.3579182340343,1.541049651036035,-1.890678519824285,False,False,35.14089290812627,73.84723436188513,49.4802280017413,130.1616457652096,0.5698363503379513,165.0,0.8875199999999999
rf_loss,56,1,461.434757898291,1.572160232335223,-1.6041753129610052,False,False,35.18246082621346,65.62278860699004,50.10135508845082,130.15999939223968,0.5858700806123378,165.0,0.8875199999999999
rf_loss,56,2,451.3256083718874,1.3409828634814858,-1.7894961561534717,False,False,35.18433219392258,70.42037717065712,49.61820826942881,130.47381599313954,0.5013330604783849,165.0,0.8875199999999999
rf_loss,56,3,461.0221508290143,1.3885625081768043,-1.9377321997361345,False,False,34.78732477448317,74.60424720052467,50.23158918809967,130.63026342497898,0.4416626836083128,165.0,0.8875199999999999
rf_loss,56,4,462.9646389883298,1.3919463469976057,-2.4295740319465855,False,False,35.11188850112499,66.79564229782716,49.7765164653528,131.56851377021073,0.7018311919140225,165.0,0.8875199999999999
rf_loss,57,0,461.64455658954387,1.2590747750006577,-1.923162202682843,False,False,34.99119036768709,71.41544662611538,49.807072478452966,128.86332910404113,0.4216673892223901,165.0,0.8875199999999999
rf_loss,57,1,456.04499166790333,1.5235681477759435,-2.050215727304915,False,False,35.271517596359914,72.87822219971741,50.18135501576066,130.98693100147727,0.4827458714861342,165.0,0.8875199999999999
rf_loss,57,2,458.9660756974433,1.4861401370225424,-2.326055082684487,False,False,34.92951626231997,75.51948134327237,49.978267808026075,129.87943190246943,0.46757486520930697,165.0,0.8875199999999999
rf_loss,57,3,461.4549939402035,1.5329697164730056,-1.69623294542665,False,False,35.221883176102324,65.09344334257541,49.887432386430994,130.2797053471963,0.3520019338643213,165.0,0.8875199999999999
rf_loss,57,4,458.65133005097033,1.6472100320204361,-1.933170473342247,False,False,35.03113331905986,75.65766230710506,49.866088367572765,131.33976052253607,0.5738015254601326,165.0,0.8875199999999999
rf_loss,58,0,464.0278703215311,1.4789866656925164,-0.24740922349917804,False,False,34.84676288486054,71.15589709458486,49.35543884150788,130.7447560359669,0.4420493352174408,165.0,0.8875199999999999
rf_loss,58,1,461.29072075537886,1.547023863769034,-1.6292257774700842,False,False,35.03672179538054,73.08157711553848,50.22546159522407,129.2380784038576,0.4430373019567798,165.0,0.8875199999999999
rf_loss,58,2,464.8313094651068,1.4939068931864206,-1.5682138595691886,False,False,35.19904742091111,77.09773115728508,50.011948717360944,128.70714146441117,0.5312812376973921,165.0,0.8875199999999999
rf_loss,58,3,460.417313059095,1.3973562186322808,-1.6235485853696827,False,False,35.057865052408545,71.68861906810844,50.15872959826726,130.82729435869783,0.4568418732796521,165.0,0.8875199999999999
rf_loss,58,4,468.582922534279,1.4003685149991367,-2.7930790524893947,False,False,34.99481797488582,77.34324542219314,50.17414632862644,130.05681925527227,0.45854942193963233,165.0,0.8875199999999999
rf_loss,59,0,467.6861425023766,1.38681365162932,-1.8934238167900102,False,False,35.07597779563758,75.1188271417899,49.68395449665745,129.98486121719378,0.6023447836982985,165.0,0.8875199999999999
rf_loss,59,1,456.9630968619329,1.677032381476657,-1.9835538257374479,False,False,34.83354581072491,75.5629890286278,50.4007269617719,130.5703678505144,0.43647314690425126,165.0,0.8875199999999999
rf_loss,59,2,464.23233623571906,1.5641374448666256,-1.1847991416527521,False,False,34.79867533930681,72.03199410419013,50.08710293472692,131.73783684301972,0.6359723241233287,165.0,0.8875199999999999
rf_loss,59,3,454.78853589192494,1.4420275753924692,-2.561796139917024,False,False,35.163907972438345,73.00320186830929,50.44014708160185,131.0639098292257,0.579973954192177,165.0,0.8875199999999999
rf_loss,59,4,459.95865695572314,1.710132026475143,-2.2647046989571993,False,False,35.0068026543185,68.72341273623175,49.82524264728303,128.5975316604317,0.4044374531318491,165.0,0.8875199999999999
rf_loss,60,0,461.49268678894265,1.1955347926306343,-2.108085670741683,False,False,35.03239843182575,71.03557885389934,49.7261212152634,128.30937566562542,0.650321393147109,165.0,0.8875199999999999
rf_loss,60,1,462.56780438502653,1.4950364744109526,-0.8452293840630438,False,False,35.06480056601496,73.70476063645864,50.07891194733881,129.23091150239617,0.6101486106661838,165.0,0.8875199999999999
rf_loss,60,2,460.5040160712141,1.5597006496061498,-1.1065132444924797,False,False,34.88767678241057,73.4127871620304,49.93218905584582,129.44349688138456,0.3505440109525386,165.0,0.8875199999999999
rf_loss,60,3,461.0451491949498,1.5903744526180392,-2.0914121951921443,False,False,34.94876454266943,75.9946233312212,49.75474296685609,128.4620121485642,0.6324851315387902,165.0,0.8875199999999999
rf_loss,60,4,456.44864882867705,1.5461192333662948,-2.628801652067089,False,False,35.12963018667874,77.02139773543131,50.069635090257094,129.92652642507628,0.7771193997242825,165.0,0.8875199999999999
rf_loss,61,0,463.52410914766335,1.6650365394202598,-1.1974495611384461,False,False,35.168722031262504,68.78454865201047,50.205708201888726,130.32383624866583,0.5152001073225527,165.0,0.8875199999999999
rf_loss,61,1,461.83657047041976,1.5294705792119994,-1.8731803472673207,False,False,35.0817430204864,69.54711265897842,50.15349962880183,130.73741696172615,0.501010371288758,165.0,0.8875199999999999
rf_loss,61,2,460.87236885319254,1.3221187936753982,-1.8263562699354892,False,False,35.119713468579526,75.04743398053603,50.73230566936242,130.86337405759568,0.3956412204396176,165.0,0.8875199999999999
rf_loss,61,3,462.58217314766557,1.6015776755683149,-3.3474893660041714,False,False,34.84625324239989,74.45283053678145,49.666133336641515,129.3399374806831,0.4680330295267495,165.0,0.8875199999999999
rf_loss,61,4,454.65240225248203,1.3098959948230782,-1.584589071491266,False,False,34.983019442350916,71.12577036762572,49.942711982611655,130.99904305465222,0.46998034754563234,165.0,0.8875199999999999
rf_loss,62,0,462.5895391400356,1.650640601253742,-2.172623304803901,False,False,35.122506821343904,70.42434287887014,50.35327967220156,128.1790681140122,0.4530157571492091,165.0,0.8875199999999999
rf_loss,62,1,461.46998006169594,1.576791559832105,-1.7168456159635002,False,False,35.229228885826096,74.12441181096533,49.99182834854164,131.17750654823516,0.23045583342353865,165.0,0.8875199999999999
rf_loss,62,2,463.7640081069525,1.5361508966430657,-2.3100633242715283,False,False,34.87626608163816,76.27427749805959,49.9126678511958,130.93804535029747,0.6255645641459247,165.0,0.8875199999999999
rf_loss,62,3,456.82069586843426,1.573105402564679,-2.6098012139008366,False,False,35.081959641337825,71.02122827208255,50.32112622731888,130.37195843265044,0.3459208671688202,165.0,0.8875199999999999
rf_loss,62,4,459.6208676334176,1.4279891130036715,-0.8194938102335652,False,False,35.31294686600708,73.31728138239572,50.317023220123694,130.34606385676267,0.6189932400766806,165.0,0.8875199999999999
rf_loss,63,0,459.28730531790444,1.7200523226531272,-0.9016512599844331,False,False,34.683322305463555,72.57129639786365,49.97697891132057,130.8036559172693,0.42479833538981615,165.0,0.8875199999999999
rf_loss,63,1,457.19526752786624,1.3638193960889093,-2.502479619332184,False,False,34.85452139148399,74.59207476915059,50.07202524578875,132.1579626314486,0.41444016727219185,165.0,0.8875199999999999
rf_loss,63,2,459.37133101387025,1.6062911599550078,-1.388876041021523,False,False,34.88987863969195,68.31573613674684,49.70024012115137,128.79547061903833,0.5302437111885216,165.0,0.8875199999999999
rf_loss,63,3,465.2450674395829,1.4458169862739623,-1.6545587968521378,False,False,34.876681555239536,72.9045458187219,49.75936859940479,130.09411505599914,0.41535839039250844,165.0,0.8875199999999999
rf_loss,63,4,452.3884300371133,1.421127216924964,-1.478253819508882,False,False,35.20123552760016,73.24835223108767,49.921410899411846,129.0067564700052,0.5052474893606294,165.0,0.8875199999999999
rf_loss,64,0,461.6977061661235,1.5049619305658475,-1.805515114956484,False,False,34.93342383259202,71.31011816506084,50.08051476576724,130.1450145089955,0.5619115617847593,165.0,0.8875199999999999
rf_loss,64,1,464.5176228950803,1.6827001583722256,-0.6519862366936886,True,False,34.903610899407084,72.80734169078254,50.22364239635047,130.48356409593782,0.5955306229451356,165.0,0.8875199999999999
rf_loss,64,2,457.9181831263311,1.6881511453973033,-1.331883452771185,False,False,35.10465380238672,73.38253122542085,50.2221167398581,130.22496377442124,0.5438607635608596,165.0,0.8875199999999999
rf_loss,64,3,461.4388610637018,1.4653938137260143,-2.597145570607625,False,False,34.96624044981504,69.94183993451267,49.48093242188958,131.0895418983527,0.49973863205344543,165.0,0.8875199999999999
rf_loss,64,4,459.4524008201095,1.531610226973043,-2.786125405979969,False,False,35.11754837612682,70.64381399843067,50.073333618442916,130.74617748231944,0.37577251959388486,165.0,0.8875199999999999
rf_loss,65,0,461.0047135212957,1.3139781354391127,-1.0551994959766557,False,False,34.863266801364524,70.82186214141399,50.21630093586505,130.06781919801173,0.4197045604839775,165.0,0.8875199999999999
rf_loss,65,1,461.54738794654634,1.6050404540346837,-2.1439609577099286,False,False,34.984432490497966,79.23321539912081,50.484006586701646,131.35100847178091,0.624150559194497,165.0,0.8875199999999999
rf_loss,65,2,464.97936387894555,1.5039067681380804,-1.6264856943583357,False,False,35.03042085158603,74.0821202980896,50.67104469647756,130.0054543844438,0.32350752430239477,165.0,0.8875199999999999
rf_loss,65,3,457.8711887271787,1.4675951031654622,-2.5980624589355044,False,False,34.95040337907973,69.8613241908789,50.04430527658373,130.90643685647623,0.7860571148342113,165.0,0.8875199999999999
rf_loss,65,4,458.7493364851732,1.6896320601439931,-2.349981273320213,False,False,35.044275183762345,75.82148258025555,50.60159772374997,131.7019944602917,0.5240847833492461,165.0,0.8875199999999999
rf_loss,66,0,454.93723885915296,1.478570012502978,-2.300096208876974,False,False,34.89131014631725,70.61156274683795,50.03757614141817,131.2126051415476,0.4902416894047666,165.0,0.8875199999999999
rf_loss,66,1,469.16364524531645,1.4484449466954257,-1.6001427333272145,False,False,35.161884981442064,73.8910658577171,49.66751951931443,131.03139441909892,0.5229147993118879,165.0,0.8875199999999999
rf_loss,66,2,462.785637165352,1.538577858430346,-2.8366662047085294,False,False,35.08577185106655,67.91596469525915,50.21430318249584,130.90686135451762,0.6226202559795689,165.0,0.8875199999999999
rf_loss,66,3,461.18335009434475,1.6129054327839214,-2.1620746637267305,False,False,35.03333078830392,75.78356923417242,49.686820053687306,129.85380038056945,0.492675989177527,165.0,0.8875199999999999
rf_loss,66,4,463.50649650381087,1.6277484729135998,-1.1314036351780858,False,False,34.95276745375343,71.50159247563161,50.18186467086791,130.50498150020084,0.5464098954928245,165.0,0.8875199999999999
rf_loss,67,0,456.14570189849303,1.7803387912150856,-2.07786228682501,False,False,35.130705746491806,71.04634008893265,50.294955963984286,130.07109866381916,0.29003607970481526,165.0,0.8875199999999999
rf_loss,67,1,462.1342088309659,1.556324894581223,-1.33701707833277,False,False,35.09460947525118,69.58510359779012,50.394660688157636,131.11667478396706,0.3062329990988285,165.0,0.8875199999999999
rf_loss,67,2,460.63779907140366,1.6056291792787094,-0.9875158364337406,False,False,34.945392177068406,69.79969250041164,50.19204732303821,130.79485931079424,0.41781843492607446,165.0,0.8875199999999999
rf_loss,67,3,460.99473316609755,1.5506242349658401,-2.3723771077078317,False,False,34.90477288478819,78.70875473726926,49.87334546227962,130.67036190987272,0.38095085187454747,165.0,0.8875199999999999
rf_loss,67,4,458.4195828877131,1.6296892938933434,-1.8217158859713316,False,False,35.03227001034619,74.16030320822023,49.8525382525833,132.21154111926637,0.5775292743018557,165.0,0.8875199999999999
rf_loss,68,0,462.3460301343112,1.573957263627931,-2.2567809379563673,False,False,34.964459993267894,71.29044097540455,49.997665554657694,128.52686745531875,0.5159625117637298,165.0,0.8875199999999999
rf_loss,68,1,452.45577632811336,1.558195758047503,-2.080379982183537,False,False,35.08630061281117,69.88802749971194,49.77270565075103,130.0022779707256,0.3889382516941962,165.0,0.8875199999999999
rf_loss,68,2,465.28093428677073,1.5938302572097562,-1.7193883873331641,False,False,35.06573494535888,72.90925972243188,50.063851130353676,131.22996203750654,0.5412000251135201,165.0,0.8875199999999999
rf_loss,68,3,466.2744934610029,1.414707604163707,-2.374096559670917,False,False,35.096641342311734,77.2156859639877,50.130941087995,130.14277915169873,0.7387071655550135,165.0,0.8875199999999999
rf_loss,68,4,459.5078293064993,1.632853318626597,-1.3421024676505855,False,False,34.831839743219035,66.49766160118058,49.75584944327174,129.65501898199074,0.5226681244031789,165.0,0.8875199999999999
rf_loss,69,0,461.72472302415474,1.4774485755506315,-2.1577408918626033,False,False,35.08542336167532,73.35998685973884,49.64571644608159,130.46679114412953,0.49299639656052996,165.0,0.8875199999999999
rf_loss,69,1,461.28785571061167,1.568490952795139,-1.9333185092032412,False,False,34.97509027520083,71.06653367044859,50.45542223067046,129.12905215723436,0.5013550481432741,165.0,0.8875199999999999
rf_loss,69,2,457.8874263000161,1.4758594170996855,-3.030877885963026,False,False,35.207206708519045,70.76281370665058,49.96355960777053,129.38400236454186,0.5031410167981439,165.0,0.8875199999999999
rf_loss,69,3,458.6158764359975,1.6015180205796768,-1.4278375116855313,False,False,35.28567992108109,72.76138121160376,50.12127499009913,130.43268683297947,0.6901044084089687,165.0,0.8875199999999999
rf_loss,69,4,465.4781952728703,1.2808099667370354,-2.672317527687773,False,False,35.15004740258148,67.25940297990257,49.971421777873566,129.88888357772856,0.6539039467779135,165.0,0.8875199999999999
rf_loss,70,0,463.53038856705996,1.7004455357705164,-3.248822481880759,False,False,35.059904135006306,73.99261918602537,49.912019294388216,130.63713394815937,0.5189743784989362,165.0,0.8875199999999999
rf_loss,70,1,464.0899148767012,1.5441793056108657,-2.999604508798808,False,False,34.96926807785498,71.6317893458256,49.632904319637724,130.76528443189645,0.47286947901824355,165.0,0.8875199999999999
rf_loss,70,2,455.8083240853533,1.5432091658842422,-0.9881479672182274,False,False,35.07407088270299,73.46347855161,50.04746837424173,130.0937059632568,0.46407212425624006,165.0,0.8875199999999999
rf_loss,70,3,460.394452002143,1.5109257150895092,-0.8665974407975108,False,False,34.8317660713806,75.19655238412835,49.94374915201642,131.40002554865737,0.5806394284239051,165.0,0.8875199999999999
rf_loss,70,4,464.35043005637283,1.5211529361996705,-2.3116129458072456,False,False,34.96339765320819,71.03353487002889,50.16781476713337,129.4561194894371,0.7570821565519024,165.0,0.8875199999999999
rf_loss,71,0,456.3588480325768,1.5420194927961353,-1.6361430532046475,False,False,34.95569063649049,71.05187562640346,50.17659404093087,130.43037752695585,0.5009165935523499,165.0,0.8875199999999999
rf_loss,71,1,455.20703880040844,1.3594930729979748,-2.3607117833192066,False,False,34.93123845265738,75.61400615907432,50.134988216960735,131.43606466754045,0.4679129216557978,165.0,0.8875199999999999
rf_loss,71,2,462.9673518198917,1.4612343882414238,-1.5699704817555313,False,False,34.64627046857898,77.06000299143874,49.71452844909602,130.62234308501186,0.47030434514849784,165.0,0.8875199999999999
rf_loss,71,3,456.34601449473547,1.43568664303978,-1.904295894500461,False,False,35.028177401549726,71.91818067372128,49.622630660272314,129.99868477279466,0.6969097753987821,165.0,0.8875199999999999
rf_loss,71,4,456.34642143017743,1.5257220463979697,-2.12142451224639,False,False,34.8761646402471,68.67798432136789,49.940512210664046,131.56426086492095,0.43225916943750486,165.0,0.8875199999999999
rf_loss,72,0,461.80930574873804,1.5624056864988023,-2.3646197306041414,False,False,34.94278228408832,75.95794288646124,49.50198786740717,129.24587123545686,0.5560146962163829,165.0,0.8875199999999999
rf_loss,72,1,462.1299376545582,1.5729216160684296,-1.623008889088174,False,False,34.99083357279664,78.82529101094683,50.427173051483265,128.0646269791118,0.2239549634853309,165.0,0.8875199999999999
rf_loss,72,2,459.6571810202037,1.5288822783196263,-1.2716420905578976,False,False,34.884445261372456,75.75095894430595,50.2437611321236,131.19970327222066,0.6401318425323732,165.0,0.8875199999999999
rf_loss,72,3,458.3714282481294,1.4311173326900322,-1.8297554970495638,False,False,35.25066746589034,80.55910113010025,50.10349258041054,130.86598104689637,0.5693083524788604,165.0,0.8875199999999999
rf_loss,72,4,460.4137625183697,1.4825404360722372,-2.783282533418847,False,False,35.103047725986315,68.83713273945966,50.35774082580934,131.26422047226725,0.5961761364775875,165.0,0.8875199999999999
rf_loss,73,0,458.2790409353092,1.602360935022083,-2.4646900720219906,False,False,34.83804039609095,71.37004465461624,49.457586818266485,129.20379973215097,0.47853382715420556,165.0,0.8875199999999999
rf_loss,73,1,454.75494927872415,1.5198560576541222,-1.4876280087880969,False,False,35.13426580547282,75.02514385844066,50.300864991624266,130.31340429295886,0.5841143313644376,165.0,0.8875199999999999
rf_loss,73,2,459.92912926635245,1.5079506441007982,-2.649092780193603,False,False,34.96988289237918,72.03186446825852,49.72151043055925,130.61219510409927,0.33263818266961637,165.0,0.8875199999999999
rf_loss,73,3,465.50688171064854,1.4391994519883853,-1.961803426376305,False,False,35.0571891181262,70.4053395628563,49.87600171725972,131.48958106553366,0.6159096161406665,165.0,0.8875199999999999
rf_loss,73,4,462.3734047145247,1.4130428634571202,-1.9497058589711795,False,False,35.11876775281762,71.1975967523012,50.484542960849105,131.82018213031293,0.5162837260040914,165.0,0.8875199999999999
rf_loss,74,0,467.07621977030834,1.4499698542130584,-0.9268088814506319,False,False,34.98500465218423,79.18045528470078,49.77655972984193,129.98932245805395,0.5130190456420999,165.0,0.8875199999999999
rf_loss,74,1,459.87235498483443,1.5093461005407274,-2.3622917760399678,False,False,35.31898610082811,72.5652807284312,50.164047721794375,128.9779599881874,0.5472706615613643,165.0,0.8875199999999999
rf_loss,74,2,461.38379469599124,1.4755962378806853,-1.0360444027277609,False,False,34.998966838376205,70.99294261915193,49.81395127547344,130.13300587742654,0.6080261738464076,165.0,0.8875199999999999
rf_loss,74,3,459.0282142561739,1.6387848804170424,-1.290290943797877,False,False,34.83710054865608,78.56693695497302,49.75881974283053,129.5116508521126,0.4152461863417149,165.0,0.8875199999999999
rf_loss,74,4,464.4993705059475,1.419620979860448,-2.692894885825045,False,False,34.946816570696974,71.29672624599068,49.97812350064966,130.25280516415947,0.5307356851925432,165.0,0.8875199999999999
rf_loss,75,0,453.7975119274189,1.5495793668752234,-2.1714164579046744,False,False,35.07558480809568,75.4331546097337,49.94112151134069,132.00543910909352,0.5702418494959219,165.0,0.8875199999999999
rf_loss,75,1,459.6417510072969,1.4926100655321795,-1.2998590515141375,False,False,35.297984920636736,68.68723848637296,49.964290611232514,130.71586736559075,0.5516664103620598,165.0,0.8875199999999999
rf_loss,75,2,458.68923100107025,1.4761598393398092,-2.469497685266629,False,False,34.73618421135532,73.10375005370855,49.937960925005086,129.6341853977374,0.5461184467011734,165.0,0.8875199999999999
rf_loss,75,3,462.24099358281575,1.4709183192782735,-2.257541008779647,False,False,34.90485647195333,75.72952227935383,49.6643825006836,132.40557437825524,0.4407693062429155,165.0,0.8875199999999999
rf_loss,75,4,457.9945446381869,1.3516805712682631,-2.5911835700206867,False,False,34.95940561213858,66.90660241574174,50.01374165315631,129.06027242824487,0.41369332779320894,165.0,0.8875199999999999
rf_loss,76,0,460.7799275288992,1.519627173757273,-1.9200521902551437,False,False,34.86674270663349,74.58030504975008,50.48777430171099,132.63588175485924,0.456712577669067,165.0,0.8875199999999999
rf_loss,76,1,458.1080662528635,1.3613762425025246,-0.6910465157439072,False,False,34.99898170336113,67.92609943542708,49.57829966729941,129.77901432178618,0.35345340768949174,165.0,0.8875199999999999
rf_loss,76,2,464.51644434062644,1.530921005226844,-0.9679534114275479,False,False,35.27592390533748,72.98879568708269,50.03460044771364,132.5409971906486,0.5410821606483294,165.0,0.8875199999999999
rf_loss,76,3,468.0671325078738,1.5257882917575862,-2.5720805741104646,False,False,34.899148804052935,73.1797399644157,50.273704805548135,130.82824744541844,0.4236746640015041,165.0,0.8875199999999999
rf_loss,76,4,456.3105312666002,1.5096709389766945,-1.5565980977644427,False,False,35.22792886451273,74.34624169015872,50.11251263634265,129.30242485871682,0.5006303825985485,165.0,0.8875199999999999
rf_loss,77,0,455.5613761120901,1.476082330670252,-2.5747605266238724,False,False,35.03737263443695,72.23469052846573,50.492804298661675,131.57980695237498,0.5532343492316679,165.0,0.8875199999999999
rf_loss,77,1,463.87740449469953,1.484635958007678,-2.0700163289960205,False,False,34.786117443563036,75.70818810298695,50.3548470729407,129.8589073236796,0.7409876480617812,165.0,0.8875199999999999
rf_loss,77,2,459.88736532397314,1.4394441695584588,-1.8603095529190334,False,False,34.94960797454189,73.0690300586061,50.48164187376904,130.31659854825173,0.3805747443854192,165.0,0.8875199999999999
rf_loss,77,3,457.02343500102523,1.5043444775178867,-1.8286823273790278,False,False,34.80152824981811,72.918760589422,50.42471043397176,130.94971515433312,0.3538862994091376,165.0,0.8875199999999999
rf_loss,77,4,459.12505453224105,1.3994778444251992,-2.738691818551013,False,False,35.02783072855322,72.36894354165874,50.30485400613741,127.25615901846314,0.4451859229984451,165.0,0.8875199999999999
rf_loss,78,0,463.2013065640577,1.395637173325641,-2.193062590152017,False,False,35.00376988811164,74.1132698203484,49.951279228363276,130.26071979663251,0.34171829008773946,165.0,0.8875199999999999
rf_loss,78,1,463.2487769571537,1.3733301405760554,-0.8325431778424834,False,False,35.05085449245659,76.15759468880884,49.63223971981648,129.034495339805,0.6213591694420862,165.0,0.8875199999999999
rf_loss,78,2,466.2714281713608,1.6234483974446552,-1.9078576488190755,False,False,34.97654064521439,70.73257526620954,49.93578986748857,130.92592652774783,0.4303283533390001,165.0,0.8875199999999999
rf_loss,78,3,454.41389912477746,1.3716688931120735,-1.2471540884369037,False,False,34.89724543603442,79.79362373565111,50.178672350519726,130.36847501030698,0.18942206789681443,165.0,0.8875199999999999
rf_loss,78,4,457.06284198345264,1.4631165243458915,-2.1407647299609778,False,False,35.108345956333615,74.86811238299158,50.07551391323842,130.26211192402084,0.4700881577693873,165.0,0.8875199999999999
rf_loss,79,0,464.1571854686636,1.7113651126038767,-1.7489896590810938,False,False,34.8572656652862,72.72671192215539,50.09042866301096,131.38857681010842,0.23284987754610575,165.0,0.8875199999999999
rf_loss,79,1,458.6058182049791,1.415624955501241,-1.9247385608043783,False,False,35.291139676882494,70.5041429312648,49.96417308490683,130.77729059567477,0.44385311132784544,165.0,0.8875199999999999
rf_loss,79,2,454.35162052394963,1.5579694310475969,-3.2465475644657324,False,False,34.98709142356938,73.07739221592352,50.54154914827433,129.01147208931084,0.4098576665405069,165.0,0.8875199999999999
rf_loss,79,3,458.30698504567704,1.3262673789855772,-1.9097047922591508,False,False,34.83289035556513,72.35642145297606,49.82549956796187,131.02362834284335,0.49930377305475043,165.0,0.8875199999999999
rf_loss,79,4,458.22920484126684,1.267812737283584,-0.9482549671942129,False,False,34.74158609131491,73.4800177242294,49.65649486129649,129.5827748705308,0.39464743003862374,165.0,0.8875199999999999
rf_loss,80,0,458.235718049844,1.620544508332344,-2.52196613685049,False,False,34.95685193773236,77.85974209656196,49.746686127498926,130.28131131053865,0.25542206290087766,165.0,0.8875199999999999
rf_loss,80,1,456.0881195492603,1.618346858526076,-1.6157512793498738,False,False,35.004220678672034,74.11151491759203,49.60753549622371,130.89572965872128,0.6529619595130934,165.0,0.8875199999999999
rf_loss,80,2,460.08067200120934,1.415098973671362,-1.64699449602467,False,False,34.74246618154802,68.09368195772575,50.06614499912953,131.20167370512556,0.6757809304013194,165.0,0.8875199999999999
rf_loss,80,3,465.3306814193058,1.3582355140680114,-1.918186970851262,False,False,35.13815457689233,74.44070449412642,50.18468108552018,130.2476484951949,0.5261385556113353,165.0,0.8875199999999999
rf_loss,80,4,451.7638457961266,1.4548396065594429,-1.8257746150756937,False,False,34.85263180509796,75.26288822580761,49.91184651562548,130.4654599208123,0.40243264881768803,165.0,0.8875199999999999
rf_loss,81,0,456.7627110777342,1.6599661810468263,-1.6379930072318165,False,False,35.01977049682853,75.87646276734678,50.00212269775049,129.07974738420398,0.6426845306857072,165.0,0.8875199999999999
rf_loss,81,1,462.1167143409563,1.3928576503167611,-2.252816021151661,False,False,35.185627756433654,71.30439899350286,49.80907434577342,130.25731048736483,0.6711808692174784,165.0,0.8875199999999999
rf_loss,81,2,462.5341783483285,1.4702526207923776,-1.9782114009141873,False,False,35.16052757664487,67.61550573805128,50.0404905361635,130.518993075004,0.5517681817782641,165.0,0.8875199999999999
rf_loss,81,3,455.58688483707414,1.5920715483993686,-1.4808534268061713,False,False,34.900981399380015,70.83667410815994,50.05999534299166,130.6706175949464,0.31440697486812647,165.0,0.8875199999999999
rf_loss,81,4,462.64742980296535,1.5303902941652987,-1.169890343975176,False,False,35.115500719453834,76.96335420852978,49.919620132584406,130.21593523216873,0.5179544560804783,165.0,0.8875199999999999
rf_loss,82,0,460.38038901277815,1.7484757207523087,-2.0830003714228775,False,False,35.171175704498545,71.99356386865324,50.74195426761416,129.4025060710322,0.4328698195023522,165.0,0.8875199999999999
rf_loss,82,1,461.33841222380136,1.361386102632924,-2.1483885551784403,False,False,35.26427449868051,72.53665879438553,50.39935597504242,129.9170850405256,0.5081185834667021,165.0,0.8875199999999999
rf_loss,82,2,458.9542889953089,1.513581272155497,-2.4006876538583866,False,False,34.7250761943153,74.79394970890402,49.77574469090456,129.8615324593088,0.5832006618912422,165.0,0.8875199999999999
rf_loss,82,3,464.4166343969598,1.3652817965333852,-1.9633774970672992,False,False,35.16489255498736,75.34186280230895,50.25417933086024,129.89549010880984,0.22535057613381337,165.0,0.8875199999999999
rf_loss,82,4,465.46761295036384,1.5707916457299256,-1.6073598497709936,False,False,34.78319764773711,70.05855474640562,50.22010789644318,131.86090287554353,0.5278128050059796,165.0,0.8875199999999999
rf_loss,83,0,462.83856795379745,1.4427025463621244,-2.2655029714448864,False,False,34.99564965067951,74.06791391762022,49.81704340051404,130.07776571161648,0.36572474902616103,165.0,0.8875199999999999
rf_loss,83,1,461.2380249643378,1.540451878917683,-2.6938071400453296,False,False,35.14591321496898,74.91956286707854,49.1759178135466,131.58941993078554,0.2159307875396304,165.0,0.8875199999999999
rf_loss,83,2,459.5399794318891,1.365696559710171,-2.557802255972702,False,False,35.21400823339827,73.18826914220631,50.392371400156584,130.64947348722384,0.44316921933866793,165.0,0.8875199999999999
rf_loss,83,3,458.8010615671149,1.4997949845445517,-2.093788804873208,False,False,35.30524991147579,73.90088246790481,49.920367676792765,130.4888832124028,0.580141299498556,165.0,0.8875199999999999
rf_loss,83,4,461.12268124618294,1.4568472085054935,-2.983734057629846,False,False,35.203091515349996,71.45570845697361,49.81443195780285,129.49177765328048,0.4711400599389043,165.0,0.8875199999999999
rf_loss,84,0,456.9021843692596,1.3468105935005161,-4.2556898790399815,False,False,34.74422475982682,69.41826265805159,50.053156291960924,129.6171942458329,0.372196003997808,165.0,0.8875199999999999
rf_loss,84,1,451.31762624190736,1.462179878190548,-1.7879311125475543,False,False,34.93799375386992,70.98266472227397,50.32207186243046,130.60939225486268,0.6013368500488114,165.0,0.8875199999999999
rf_loss,84,2,462.08254310927026,1.5502943380937282,-1.1813595159389068,False,False,34.943009479028994,72.14658432109823,49.981837569085876,130.88245375898987,0.5126535413604084,165.0,0.8875199999999999
rf_loss,84,3,462.98618865864603,1.4588129815191082,-1.5460925318857206,False,False,34.89665458912923,67.99172006973032,49.90275332681245,130.14723604024064,0.44351566124328784,165.0,0.8875199999999999
rf_loss,84,4,458.3564902959795,1.595359138486469,-2.043352076894159,False,False,34.79029234410684,72.60119318636525,50.08415086819601,129.2718374686679,0.3868287913484791,165.0,0.8875199999999999
rf_loss,85,0,466.69471797072197,1.2613790894380859,-0.9922498422455893,False,False,34.77343377986201,76.12724616806858,49.96257535921586,130.7210244179892,0.24622790532643363,165.0,0.8875199999999999
rf_loss,85,1,460.7011684035362,1.748228773042321,-2.867196845444299,False,False,35.021960373686994,71.4740876524653,50.20081192839398,130.93141363678512,0.7202287767938584,165.0,0.8875199999999999
rf_loss,85,2,457.77073595155275,1.6214819687856636,-1.4003261854310833,False,False,35.16747465062408,71.36050695520686,50.14700684126817,130.37382449224918,0.37194654497474466,165.0,0.8875199999999999
rf_loss,85,3,458.2408503868028,1.3341370573449112,-1.4997339837092043,False,False,35.093299099080326,74.62507866656772,50.296060294227686,128.63457803785147,0.43943974212505565,165.0,0.8875199999999999
rf_loss,85,4,457.0034171708555,1.5954363039566952,-2.3273430245449056,False,False,35.15635810699933,68.44254329202141,49.53313392771986,130.1184372770963,0.4736598944417564,165.0,0.8875199999999999
rf_loss,86,0,462.883044863666,1.5726959560928433,-0.9138428459434332,False,False,34.917719932204456,76.58520119856885,50.482360428046455,130.32077821215492,0.28156907256859853,165.0,0.8875199999999999
rf_loss,86,1,464.0453458782486,1.2564834957564353,-1.8753055983722475,False,False,35.045344321404215,68.75675105462497,49.85781974144599,130.33853130797763,0.5819724905650745,165.0,0.8875199999999999
rf_loss,86,2,462.8147004655792,1.6461376396135754,-2.185455527101671,False,False,35.14570952362024,74.53167890875635,50.138744389141856,131.72326917008547,0.33544483341631787,165.0,0.8875199999999999
rf_loss,86,3,454.2333973602326,1.6382709288846329,-3.044888657638218,False,False,34.78801298209197,69.88481522753473,49.722161715171,131.8732384506019,0.5904044198312778,165.0,0.8875199999999999
rf_loss,86,4,459.60667042138954,1.4102412906435011,-1.6781043633624613,False,False,35.107415830065825,76.2984959270345,49.544767329044106,129.30799347832505,0.3778038349603186,165.0,0.8875199999999999
rf_loss,87,0,459.32444723198796,1.4384470915330179,-1.7288525224135365,False,False,34.89396323053428,68.61463158589288,50.30090915628846,130.2282720272156,0.4827283170777701,165.0,0.8875199999999999
rf_loss,87,1,460.95098942003887,1.4461183865515312,-1.9495109743901806,False,False,35.158496873302326,72.95993902918957,49.65397703416287,129.58672323674648,0.5050174602004492,165.0,0.8875199999999999
rf_loss,87,2,462.5038386730972,1.5188796681318333,-1.2432991348076041,False,False,34.77584944675925,71.26438341650592,50.35790961727255,128.56763464034069,0.5518531554186494,165.0,0.8875199999999999
rf_loss,87,3,452.44658041374703,1.561911803920715,-2.561558853767731,False,False,35.15822560293423,75.72793363872105,50.60493012577839,130.34172245606692,0.6114771416830851,165.0,0.8875199999999999
rf_loss,87,4,461.802679928631,1.5921241093807599,-2.243902882385571,False,False,34.92092598476709,73.9417721293124,49.72783241861646,129.48371978036204,0.452682858827158,165.0,0.8875199999999999
rf_loss,88,0,463.77226750288924,1.4382413162045347,-2.9177043282348105,False,False,35.06613551028594,68.58888647372041,49.75255950264465,129.5323645488315,0.6350408776496379,165.0,0.8875199999999999
rf_loss,88,1,457.45990010430944,1.458938579637671,-1.5654001640779358,False,False,34.99071493716721,72.81977402491049,50.39674051779827,130.48994451750787,0.2540492151706365,165.0,0.8875199999999999
rf_loss,88,2,465.2843306128417,1.58025735892007,-0.9521123718953974,False,False,35.10568512415043,71.95238591122668,49.48747804360884,129.19193184838696,0.5147218059493421,165.0,0.8875199999999999
rf_loss,88,3,461.6949838225005,1.548260856006855,-1.4533305731690525,False,False,34.86687910993322,74.85007883652784,50.28494494616733,130.04521055313515,0.5283767949145335,165.0,0.8875199999999999
rf_loss,88,4,458.16810699339635,1.564490761484789,-1.7266087225501157,False,False,35.141492368567164,69.77313385215066,49.959289522546946,130.88092671528855,0.7418218968009668,165.0,0.8875199999999999
rf_loss,89,0,457.974549005583,1.524495198281595,-2.199756099117391,False,False,35.09717770572444,72.88425150091462,50.1070033261288,129.96397462739904,0.45353140206472625,165.0,0.8875199999999999
rf_loss,89,1,456.181203268356,1.4678340982951543,-1.776321881120557,False,False,34.842761925387,72.0365494831901,50.205145391980636,130.6406272034035,0.6275629142010148,165.0,0.8875199999999999
rf_loss,89,2,462.3773751184295,1.296883366827233,-2.8869402444217505,False,False,34.95062724319684,70.17646223049248,49.5892928177183,129.3008032394821,0.6104613599901446,165.0,0.8875199999999999
rf_loss,89,3,450.7355907401177,1.2763777235173035,-1.6990087854447473,False,False,35.029300285626164,71.66982261075344,50.28888919162863,129.37105311603716,0.545263752981484,165.0,0.8875199999999999
rf_loss,89,4,465.26453874799284,1.5730514974152674,-1.2518360737533247,False,False,34.81890655419647,70.45136290653772,50.15523730481655,132.43014271786407,0.4397348179893918,165.0,0.8875199999999999
rf_loss,90,0,462.2699664535485,1.5853303408945125,-2.45966083759469,False,False,34.990759438379094,73.6242579936019,50.182018049022446,130.01240741459145,0.41858029518544254,165.0,0.8875199999999999
rf_loss,90,1,460.49714990162806,1.2997461101512964,-2.344063427726402,False,False,35.0945889095954,74.61864385645298,50.371564051862975,129.53578349765556,0.7576286591801423,165.0,0.8875199999999999
rf_loss,90,2,460.9749139403723,1.3697887530927706,-2.1060509819258852,False,False,35.09706497422745,77.38037392517393,50.43871217854597,131.37478829365472,0.5367564095800036,165.0,0.8875199999999999
rf_loss,90,3,458.1378226973974,1.5121305530636917,-1.4889264806655405,False,False,35.0184750048233,76.65413447385757,49.37696605263972,131.22676530546107,0.44107600697548455,165.0,0.8875199999999999
rf_loss,90,4,461.5391868561089,1.5140517285308601,-1.5615712791927776,False,False,35.24624637340462,68.10757649091377,50.48988946831801,130.302429425188,0.49830737349595694,165.0,0.8875199999999999
rf_loss,91,0,461.4506622010784,1.6002189580059543,-1.8373907452575722,False,False,35.13451687235874,75.90338804174931,50.07269189589192,127.98680262420994,0.5141981089379197,165.0,0.8875199999999999
rf_loss,91,1,459.0147538006241,1.3599183218015973,-2.4490239870091366,False,False,35.019516611925354,77.6181430075435,49.97163940178718,132.01979855884545,0.6196827361788402,165.0,0.8875199999999999
rf_loss,91,2,470.0405513209178,1.5222648190096761,-2.5610681962362314,False,False,35.37339640733052,69.0798383710531,50.35372109414332,131.00475767209596,0.7191050750690502,165.0,0.8875199999999999
rf_loss,91,3,457.401843503389,1.4384555915442314,-1.9905194477346286,False,False,35.045257481110745,72.71868714040686,49.81026409556805,131.65340486330646,0.6531026359034634,165.0,0.8875199999999999
rf_loss,91,4,463.82017207254194,1.4669771834093415,-3.522081442292735,False,False,34.98968024417935,68.43538574697837,49.343048345160284,130.88660242032876,0.37667371721979176,165.0,0.8875199999999999
rf_loss,92,0,463.9061573005449,1.2787081012537544,-1.1959450662528828,False,False,34.89831763819277,70.61633993747876,49.63664000767088,131.37725395699724,0.3638798475667485,165.0,0.8875199999999999
rf_loss,92,1,460.6202374698548,1.3551345844350613,-0.38009859639256605,False,False,35.24968425785414,73.9111931667113,49.605615656528784,129.33121306256174,0.621372777863995,165.0,0.8875199999999999
rf_loss,92,2,465.67826850395227,1.451164802788808,-2.480724091920093,False,False,34.70643967136498,69.06593263604833,49.57034807060592,130.59303144584544,0.6004597290590653,165.0,0.8875199999999999
rf_loss,92,3,459.6664741296376,1.5867258714709898,-1.1007812745234609,False,False,34.849695260736084,76.44680712758397,49.9021570938884,129.36765613039807,0.4916913470218017,165.0,0.8875199999999999
rf_loss,92,4,458.50325415769623,1.7123046931773356,-2.38756733448629,False,False,34.941159038244415,67.16032018113478,50.44920838745379,129.87644406250615,0.4874356822993597,165.0,0.8875199999999999
rf_loss,93,0,460.03322714100295,1.480551251269777,-2.777364822507789,False,False,34.989312771744935,72.80910562264081,49.27844117425104,129.7890481996456,0.5421324602743409,165.0,0.8875199999999999
rf_loss,93,1,460.83018720487644,1.5268527044390892,-2.5357907165548452,False,False,34.949949017374934,78.06647254015533,50.54345539231048,129.49130657688917,0.39572999692522526,165.0,0.8875199999999999
rf_loss,93,2,459.00650827506223,1.4667940032777296,-1.7719727047404346,False,False,35.21942204002265,75.12520273931284,50.25678824715135,131.42593996748144,0.26378925343228066,165.0,0.8875199999999999
rf_loss,93,3,459.3532248724565,1.406985370985946,-1.3175350892703916,False,False,34.98208841831117,70.34926136070615,50.42221544486477,130.03433291651123,0.38353262504647234,165.0,0.8875199999999999
rf_loss,93,4,462.45739645885857,1.4517017798438088,-1.4359882492257805,False,False,34.97390807943084,77.16416856381468,50.19423007811535,130.43067143916537,0.6165357947612232,165.0,0.8875199999999999
rf_loss,94,0,458.1412806700037,1.6886288382825911,-1.0802757290279723,False,False,35.35443919839841,68.0678822005125,49.871558052874384,131.45968325098818,0.29889324161802316,165.0,0.8875199999999999
rf_loss,94,1,455.6510695870621,1.661542316900419,-0.8792251072213662,False,False,35.12914056634499,69.4218863531795,50.48595099519221,129.1682396517678,0.5683032497844694,165.0,0.8875199999999999
rf_loss,94,2,461.8814961677167,1.6181032185814739,-1.7899290710372142,False,False,35.33077733034855,73.1168651693499,50.134517514494036,129.57775907155002,0.4219534610941249,165.0,0.8875199999999999
rf_loss,94,3,456.3097250097186,1.4565037737730162,-2.214478478170068,False,False,35.178322633423726,70.52694944067555,49.84605321250909,130.04480590448776,0.5044814085471327,165.0,0.8875199999999999
rf_loss,94,4,458.9209219443418,1.525343150177274,-2.2274318491665213,False,False,35.06925413158152,74.95009490408403,50.06748757272939,131.6682784583835,0.5163154916868342,165.0,0.8875199999999999
rf_loss,95,0,460.76157353250665,1.387381508245195,-2.3240246168596608,False,False,35.29347163253429,72.68813746360439,50.06104379838972,129.92180210504998,0.41102690416483195,165.0,0.8875199999999999
rf_loss,95,1,460.25004233233363,1.424798342846932,-2.6688226069267533,False,False,34.95143282327178,71.44542897494246,49.78273273649715,130.75861611437787,0.4172101586298217,165.0,0.8875199999999999
rf_loss,95,2,459.7590978638055,1.508180922170287,-1.2317479390274808,False,False,34.86457074511491,71.60731020951884,49.97546342090719,128.8208264568999,0.6289652588888723,165.0,0.8875199999999999
rf_loss,95,3,457.7664734475755,1.249699663955745,-1.6492090445516525,False,False,34.92151508164341,74.68889584113063,49.78334082807995,129.3845990759889,0.5111315678864148,165.0,0.8875199999999999
rf_loss,95,4,467.5053530955532,1.40339750990305,-1.4419978796589354,False,False,35.06087795895117,73.38809924374067,50.23116548690022,130.48205244845258,0.6013086556491829,165.0,0.8875199999999999
rf_loss,96,0,465.55881249147166,1.6334829959512471,-2.148570451614429,False,False,34.89449099309023,76.97258037985742,50.022171864679265,128.6809788579873,0.48570268827373114,165.0,0.8875199999999999
rf_loss,96,1,462.2109198216654,1.573657125940058,-2.865157931605758,False,False,35.03446476020131,73.30315444445978,50.47917691115083,130.64558519798192,0.5918858509697629,165.0,0.8875199999999999
rf_loss,96,2,462.0880054517882,1.4322381648353288,-1.7868380162372812,False,False,35.069837853500154,74.04470591208256,50.08769932275788,128.87245779384668,0.38490702580753416,165.0,0.8875199999999999
rf_loss,96,3,458.05823506448706,1.6220140622382435,-1.6170326868449327,False,False,34.805669433717995,68.55355398377634,50.12292556611315,130.60346965977735,0.43115334255988114,165.0,0.8875199999999999
rf_loss,96,4,461.19930717261326,1.6673222584763372,-0.8842180306346945,False,False,34.90636569913892,74.07916208815621,49.76584161870303,130.21643505448017,0.3760406754023454,165.0,0.8875199999999999
rf_loss,97,0,458.13045947283996,1.4284540920447104,-2.5370285936769372,False,False,35.08266899770555,74.8784965613304,50.354506639384866,130.9571387615904,0.37624440891339683,165.0,0.8875199999999999
rf_loss,97,1,459.56411002038965,1.5792062633258783,-1.0449343639168513,False,False,34.89023368288107,75.71045685572514,49.83977454995189,130.05409619645457,0.38071000571611313,165.0,0.8875199999999999
rf_loss,97,2,463.5771490634733,1.6317317719899638,-2.050750564939801,False,False,35.141150296648746,74.01472401806814,49.81199580964048,131.55120529673965,0.5623612484571991,165.0,0.8875199999999999
rf_loss,97,3,457.0007926771566,1.7474147662541635,-1.4214296814980094,False,False,34.952461200290706,75.30853176214131,49.341596705978546,129.68737039316986,0.5665847428592988,165.0,0.8875199999999999
rf_loss,97,4,455.3596775433,1.309854490766607,-2.207772300950543,False,False,35.01680205405712,68.72101265662164,50.03122998533589,129.37437867687802,0.3905373867328561,165.0,0.8875199999999999
rf_loss,98,0,460.4519126225091,1.5218736719636117,-2.5815587281460104,False,False,34.89098704583946,72.50744060684393,50.06806636167427,130.39483019058537,0.2926223919077424,165.0,0.8875199999999999
rf_loss,98,1,459.68711224331787,1.4598854051341874,-1.3862740410344394,False,False,35.18011160623638,73.60542213558959,50.040449293532426,130.98045562833715,0.40516884945100057,165.0,0.8875199999999999
rf_loss,98,2,460.76899371378585,1.5565031278909656,-2.043045465918734,False,False,35.19231569237184,75.31301941428798,50.135047357335175,131.26741570283687,0.40547777245229466,165.0,0.8875199999999999
rf_loss,98,3,464.5737039790995,1.6651266955826711,-2.295991241033452,False,False,34.76360444817903,73.25904651690367,49.88772166622133,129.3837716735417,0.4754160288953472,165.0,0.8875199999999999
rf_loss,98,4,455.20795247305006,1.5695235943007395,-1.5752988506640158,False,False,35.08478498551743,79.80400445893423,49.75844547289034,131.05223972525872,0.6122912037275063,165.0,0.8875199999999999
rf_loss,99,0,457.6424342732082,1.5083082610262772,-2.033193507447092,False,False,35.18314691212466,75.27021377127785,49.90610008930511,127.89698577773392,0.41505306405812376,165.0,0.8875199999999999
rf_loss,99,1,460.5769010095813,1.538037039886873,-1.8478440110301295,False,False,35.04718366936191,73.3971693252123,50.10639993664452,130.69234484751533,0.38252053391326235,165.0,0.8875199999999999
rf_loss,99,2,461.60927540677176,1.4946189908692085,-1.1306649446056167,False,False,35.2086580113935,63.03616638326197,50.01574670661331,130.37274775989937,0.4482472028750385,165.0,0.8875199999999999
rf_loss,99,3,463.7798529299233,1.455459929974373,-1.8867299944383618,False,False,34.89955646785567,70.24805377080423,50.401027231939466,131.1086558118472,0.33414196198999413,165.0,0.8875199999999999
rf_loss,99,4,460.1955180831822,1.6298612980713054,-0.8292979041719475,False,False,34.98336695397219,74.88928886433285,49.96876064994328,131.54858546800222,0.4427365074848741,165.0,0.8875199999999999
vacuum_leak,0,0,496.2380717945132,1.1732833659076096,0.07675024875458675,False,True,35.079836370795256,8.759340749590299,49.61165618684983,121.23719587097949,0.2631330392113785,165.0,1.2
vacuum_leak,0,1,497.5520948327456,1.2546685229599015,1.1852764708798296,False,True,35.06889089021266,13.760019300133393,50.43880068573425,120.61977026046068,0.39952338137076593,165.0,1.2
vacuum_leak,0,2,502.06613655158725,1.1212774799746805,-0.05096720091663627,False,True,34.751734375008,7.275312152530914,49.675777394905715,119.87718953668602,0.5023095890943021,165.0,1.2
vacuum_leak,0,3,497.029423860009,1.2186795794226986,0.3513392929393862,False,True,35.10465434729701,8.286631316644696,50.72723745778691,118.14804475514,0.411820172845343,165.0,1.2
vacuum_leak,0,4,500.23432022215275,1.1121416885038133,-0.03423992788799991,False,True,35.38769766915805,6.418142148858326,50.019022445281024,120.21649196350286,0.6177878909247582,165.0,1.2
vacuum_leak,1,0,499.1884637713895,1.1434899382399517,0.4470374051629738,False,True,34.99790191974097,5.53249957138881,50.434494384006726,118.54391988907906,0.6935098127015695,165.0,1.2
vacuum_leak,1,1,500.4973322436183,1.3825696729055086,0.17520019361298275,False,True,35.13042294755299,6.152927742134593,50.013266048374355,121.02980093864717,0.5387503725825324,165.0,1.2
vacuum_leak,1,2,506.02433850864276,1.4860317962996985,-0.29010553822777774,False,True,35.06820151945105,8.569204112276505,49.693472086079055,119.41205285276047,0.33333066042437565,165.0,1.2
vacuum_leak,1,3,498.21317576742695,1.3641476801617383,-0.4201827950215919,False,True,35.04493786832314,15.114552553725938,50.06482540045891,120.24595881984229,0.3853748648331462,165.0,1.2
vacuum_leak,1,4,507.7540714834641,1.3440352789737289,-0.32991585291799025,False,True,35.17927895141958,7.406953381077474,50.02200851249091,119.73991887311902,0.4736148997551205,165.0,1.2
vacuum_leak,2,0,497.67924519538775,1.3141465753968233,-1.3290650423670713,False,True,34.93051658961637,13.751596239683813,49.79885900227094,120.24242657749676,0.7189976025252366,165.0,1.2
vacuum_leak,2,1,500.89144987324056,1.2216878027656684,-0.3743459331410659,False,True,34.727934412433854,3.0914195014178727,49.50394213947465,118.51022304374798,0.40994797894181956,165.0,1.2
vacuum_leak,2,2,495.72657234753024,1.4777169273230706,0.5411615420633153,False,True,35.12585811918374,8.219336860736023,50.408695716802995,120.68141836680351,0.5220394489036039,165.0,1.2
vacuum_leak,2,3,496.36450553275404,1.4515328435287649,0.6122792828107166,False,True,35.08831373204683,5.521858540403215,49.94595395035,121.84680488091834,0.7392514522862511,165.0,1.2
vacuum_leak,2,4,499.64424112982135,1.6321923232346625,-0.34192386594560736,False,True,35.01477752303156,10.619370464892398,49.8062419267585,120.38652789819352,0.5001518620911231,165.0,1.2
vacuum_leak,3,0,494.2238691458555,1.2588280211739826,-0.10633753113246032,False,True,35.11058017639502,9.417909411433211,49.966951807374194,118.5377330723055,0.7116519762768887,165.0,1.2
vacuum_leak,3,1,501.8039156226599,1.505569601596538,0.5897918696930122,False,True,34.80197751803552,4.004484653688149,50.1880579430766,120.00732842017052,0.5800276761164554,165.0,1.2
vacuum_leak,3,2,500.75431819120735,1.225646842523499,-0.14286821718769563,False,True,34.957487957399515,14.07732767297008,50.049391874268274,121.04690472526293,0.5931406233534994,165.0,1.2
vacuum_leak,3,3,498.1258522184775,1.2334580457126927,0.08440420643712894,False,True,34.91549412632948,5.0005228155110135,49.85047037566032,120.5716485886013,0.3942244311712909,165.0,1.2
vacuum_leak,3,4,497.2582087170668,1.3276435107210174,0.13530635093544743,False,True,34.898911353843694,10.312385031551884,50.12430252393047,121.83321298967576,0.3354541011260599,165.0,1.2
vacuum_leak,4,0,506.2667194230625,1.4086369608107956,0.19398884201199623,False,True,34.84807688166187,3.511512532999075,49.82448042793748,120.68477171642733,0.5114735095438014,165.0,1.2
vacuum_leak,4,1,500.74640330752055,1.4638043330154933,-1.1966012220308635,False,True,35.06423361929997,6.5583917861936385,50.38972858707077,120.1131146301466,0.4836157135851331,165.0,1.2
vacuum_leak,4,2,504.301828638677,1.4589412848814298,-0.7560618994508524,False,True,35.09260288693135,6.273173085320557,49.726270276870196,120.07469248165114,0.528799779253718,165.0,1.2
vacuum_leak,4,3,501.57565379372403,1.37237734424679,0.5140853484997557,False,True,35.03339476397225,7.511100863189762,50.193881824972216,120.80069634446066,0.6966892872883937,165.0,1.2
vacuum_leak,4,4,496.25561673341105,1.3042019758956083,-0.6314274878846724,False,True,34.890545612398405,9.608150953113606,49.64243501149241,120.12003756415645,0.4660304139604214,165.0,1.2
vacuum_leak,5,0,504.6630986224282,1.5531300530993135,0.08285348113779481,False,True,35.070233549252855,6.148798597724529,49.815044584855784,120.33366749710062,0.5706789443079221,165.0,1.2
vacuum_leak,5,1,498.87882691496964,1.2755803596690112,0.8381195005992047,False,True,34.932865622373214,5.952281749967969,50.20300991466398,119.81511367178679,0.6941385588538656,165.0,1.2
vacuum_leak,5,2,502.7449150581336,1.313454773452597,0.973968471940369,False,True,34.873268146997674,9.655638502071849,49.844612217369146,119.63207747094053,0.6262943859588965,165.0,1.2
vacuum_leak,5,3,504.9438061976499,1.3977144347113302,-1.2597772783271757,False,True,35.098165904158535,9.838460876865444,50.27095896202645,117.8635902126764,0.38762483666920117,165.0,1.2
vacuum_leak,5,4,502.5114566049983,1.1747879199711235,-0.11481321696131272,False,True,34.826748685584654,10.477115193542009,49.86104933813904,120.63338584010152,0.5934999538295673,165.0,1.2
vacuum_leak,6,0,501.6402174956977,1.1384272070282742,-0.11779744100164972,False,True,34.76520411241794,5.68666851035834,50.13150949729145,120.92885332599747,0.6088694809080148,165.0,1.2
vacuum_leak,6,1,495.59927365633257,1.2623881682615188,0.7208212979330496,False,True,34.995314920654465,11.768341183056787,50.53723588594755,119.64795876182062,0.6752604197434103,165.0,1.2
vacuum_leak,6,2,501.6144938486389,1.4184662592912973,-0.24251126403696185,False,True,34.91313292587525,8.584356696072978,50.13227232849337,119.77373574970258,0.34784027224331326,165.0,1.2
vacuum_leak,6,3,502.10647233410793,1.206855591482176,-0.6183822023701192,False,True,35.024592584054176,9.554820740213202,50.14553021370231,121.45321465728655,0.26351909079702013,165.0,1.2
vacuum_leak,6,4,497.4795930211732,1.469507927862736,-0.9044671981063034,False,True,34.87852347394877,6.161799381379919,50.35141592571426,118.61716060470081,0.43898919460183583,165.0,1.2
vacuum_leak,7,0,502.0083007642487,1.1106808028913124,-0.4738450890287178,False,True,35.06808188323918,4.022901057982786,49.90618716721177,120.57029209340163,0.27272522727691517,165.0,1.2
vacuum_leak,7,1,503.18585500607855,1.2622438741419517,0.6641014851101957,False,True,35.175658406815,7.862092531304906,49.60719179824042,119.76349729147509,0.4267424003425642,165.0,1.2
vacuum_leak,7,2,500.5272221454271,1.2498788855437237,1.1700261911638148,False,True,34.913954670857485,9.923705505707826,49.95370085527526,120.72036665357528,0.37853165971649405,165.0,1.2
vacuum_leak,7,3,501.6567483183262,1.4105414204371374,-0.047554537302206996,False,True,35.095524253131096,7.665148390425289,50.6230677813308,121.12010197170895,0.4824493086081686,165.0,1.2
vacuum_leak,7,4,500.2178231732407,1.462395453870626,0.0009159849063341404,False,True,34.938874643174294,5.2422332506855005,50.28085620748244,119.97518145058775,0.5760399133616131,165.0,1.2
vacuum_leak,8,0,500.081959072409,1.0016345867789043,-0.46722208064794857,False,True,34.8952615430562,8.950133269659368,50.07686266752423,120.59849512108357,0.31242321583922916,165.0,1.2
vacuum_leak,8,1,501.9893550361018,1.1929153796204148,-0.048856959511371645,False,True,35.23305921988246,10.945306144598367,50.30886402094367,120.9265546367138,0.4271871338191563,165.0,1.2
vacuum_leak,8,2,497.91073693415797,1.17645201428817,-0.38175864152478994,False,True,35.03820696741415,1.9597522087785402,50.56764606092401,119.55391153517888,0.3691739699079674,165.0,1.2
vacuum_leak,8,3,498.49424619359536,1.4468057113587138,-0.9780962718913374,False,True,35.09151761737864,13.007011908415032,50.503336091603174,120.347394185812,0.5453766499049884,165.0,1.2
vacuum_leak,8,4,502.54502120183395,1.2600094867567049,-0.6967559136703362,False,True,34.9124997221652,4.933084806158414,49.79040754297395,119.44350739092656,0.34751365440505966,165.0,1.2
vacuum_leak,9,0,499.85580259354504,1.2825464870683534,0.18169488294147507,False,True,35.10043705846619,6.745215190563094,50.564948490149725,120.00224123989263,0.5248598747146204,165.0,1.2
vacuum_leak,9,1,499.1016682462189,1.361947970024267,1.3447040636530163,False,True,35.20095269166738,9.340405470559666,50.20558775630381,120.54232710211296,0.5538499281731165,165.0,1.2
vacuum_leak,9,2,499.3677545946218,1.2373894284874387,0.22877387101898944,False,True,35.12473685774084,9.205341699135051,50.56860464502118,118.98694763137641,0.7020483720922805,165.0,1.2
vacuum_leak,9,3,495.09112013652725,1.3679043278025562,0.5906449671728452,False,True,35.1077153783393,9.903174443264078,49.29023238281634,119.53248451541718,0.3984738737337265,165.0,1.2
vacuum_leak,9,4,499.58554476633014,1.3461548876888663,-0.3240714145123726,False,True,34.88824361984407,12.389966655621919,49.914269941929334,120.7600494442673,0.4977814905218601,165.0,1.2
vacuum_leak,10,0,498.60639532959584,1.4773471154108342,-0.10846408438549535,False,True,34.897665335278646,11.15069621521956,49.59712578880304,119.2847045324714,0.5165462050928772,165.0,1.2
vacuum_leak,10,1,498.0838976183951,1.260054913533934,-0.4226008250449385,False,True,35.07870718994598,9.382280107083272,49.8851607592664,120.30303600947721,0.4766668390367226,165.0,1.2
vacuum_leak,10,2,501.1274135824098,1.1762808602140837,-0.8142587559467496,False,True,34.95427134991145,6.699775892448561,49.4351543336007,120.90456777344048,0.4875728873150317,165.0,1.2
vacuum_leak,10,3,493.89497843441814,1.5917297863033308,0.7615074333616733,False,True,35.11118425909603,7.7861452207607735,50.069879532857755,119.69670106022602,0.38954744871356795,165.0,1.2
vacuum_leak,10,4,500.4763498580257,1.1183045970128394,-0.05161188120539171,False,True,35.012918769937976,5.724049415142381,50.03755608604772,119.47144592083836,0.5032411886535517,165.0,1.2
vacuum_leak,11,0,501.4139095143166,1.2688472497817436,0.5548830503455371,False,True,35.002402170071015,10.258975243417133,50.27991183077606,121.11352872357817,0.2946846487062201,165.0,1.2
vacuum_leak,11,1,494.245981054431,1.3238580806932638,-0.06257466921111089,False,True,34.98960091524011,7.292488761031018,49.59127565856198,119.3765088565479,0.5138242066102606,165.0,1.2
vacuum_leak,11,2,501.45703202386983,1.144596364613605,0.650376330453322,False,True,35.04529521828232,8.701885526062522,50.042214497846764,119.07705706226196,0.43319905280084386,165.0,1.2
vacuum_leak,11,3,497.3984032610309,1.1783633135933644,1.2108696974810875,False,True,34.95834270246908,16.125563864055266,49.694670771307365,120.16189545265392,0.4319014018531917,165.0,1.2
vacuum_leak,11,4,497.5072021033648,1.3882454103430466,0.5697098161700084,False,True,35.18664508081382,7.119798437254389,50.38093401572868,121.01015644418553,0.5047368472912814,165.0,1.2
vacuum_leak,12,0,496.757603647081,1.2166239160843662,-0.03508202224941359,False,True,34.81257727135081,7.333590029484511,49.921248010362824,119.3923727149023,0.5173757760510542,165.0,1.2
vacuum_leak,12,1,508.921205187026,1.4128628045739782,-0.3883165089421073,False,True,35.199043792634015,9.772813242285793,50.27160634579439,119.25766910501314,0.37185359481527347,165.0,1.2
vacuum_leak,12,2,507.06582633561965,1.437201441117148,-0.24565334445965142,False,True,34.967147122296204,10.257698854635036,50.09022922361765,119.65441146684181,0.5733421770900784,165.0,1.2
vacuum_leak,12,3,498.91655985921176,1.1725719710038176,0.06672712459488075,False,True,35.10541085322473,11.972035086362224,50.205708335809206,120.95810647477049,0.5214563416291023,165.0,1.2
vacuum_leak,12,4,498.39753196077277,1.1305241208944,0.1758198491598249,False,True,34.872511625372994,9.457738676340428,49.503199176468044,119.08239265537438,0.34289426364934544,165.0,1.2
vacuum_leak,13,0,500.23585029093175,1.2033808587914399,-0.8117479728907807,False,True,35.11197523952525,5.612097768070272,49.94228125897639,121.99643401462227,0.5108998615281088,165.0,1.2
vacuum_leak,13,1,503.319498709148,1.271480187267326,0.5325457505339232,False,True,35.13986871050858,7.471695767509809,49.50013819726589,120.5665597300825,0.6022899514897521,165.0,1.2
vacuum_leak,13,2,497.33061137050623,1.2453599195488316,0.13750438385195501,False,True,35.03999215141867,7.490519312568994,49.45141773877365,119.25859688269843,0.5474976204666413,165.0,1.2
vacuum_leak,13,3,498.29362452265485,1.6004270722593101,0.11775012936925322,False,True,34.87534714906443,11.212554561965218,50.0577285908323,121.5253324359699,0.5918571318980252,165.0,1.2
vacuum_leak,13,4,496.6744612496682,1.1123725472787644,0.17948061113270677,False,True,35.201252419786506,6.065190764673766,49.57577563706775,119.90125673558809,0.317978730072617,165.0,1.2
vacuum_leak,14,0,506.3555062062606,1.1731531383514575,1.6396381779367206,False,True,35.22695760698009,10.444814671170398,50.05699392471598,121.74490881184411,0.3847074646740236,165.0,1.2
vacuum_leak,14,1,496.16810897855663,1.2712527468902903,1.010487817146699,False,True,34.78616759761678,8.062386250759063,49.767619370912215,119.9495027768028,0.39320904635251086,165.0,1.2
vacuum_leak,14,2,503.96627304099354,1.4605432428690188,0.2536759149325585,False,True,34.785091153959456,13.971494928313273,49.72183801221725,121.1423216475795,0.7171437264699138,165.0,1.2
vacuum_leak,14,3,501.8987262409621,1.4094635816368544,0.14054590272318027,False,True,34.95273662413172,13.863010266424304,50.19421539317608,120.73546353962406,0.6253372903129969,165.0,1.2
vacuum_leak,14,4,502.7477489456357,1.237039458962681,-0.7111716817719704,False,True,35.015628598258864,11.619471957668964,49.9205855425373,119.0677033368425,0.5036618521837418,165.0,1.2
vacuum_leak,15,0,503.09046907522645,1.2314874789608854,0.05173337742747925,False,True,35.02729222252977,7.887814588469776,50.11118995130211,120.30177532951788,0.5816766151661638,165.0,1.2
vacuum_leak,15,1,497.230889417438,1.2382724881468998,-0.6994659482589408,False,True,35.04486631417148,7.207051108579212,49.735153340191,119.53494011041154,0.6973445075645612,165.0,1.2
vacuum_leak,15,2,500.18276852120556,1.3203423300584594,-0.0242024383907224,False,True,34.947333580214455,5.3685721746416935,50.461342156018794,120.22192585138197,0.494839386371773,165.0,1.2
vacuum_leak,15,3,502.8215938571589,1.2438990055250452,-0.40184500712386034,False,True,35.02881680777138,6.807874446768279,50.087937484889856,121.09490301355466,0.3805141567442184,165.0,1.2
vacuum_leak,15,4,501.3533429507832,1.3378053338412013,-0.5524621365744513,False,True,34.71104685927355,5.267407614044912,50.51228296910935,120.70733772589112,0.36168260896852245,165.0,1.2
vacuum_leak,16,0,495.7417457673332,1.2119147479647434,0.34422582675219654,False,True,35.05695689251972,8.431963659948984,49.76849843367244,118.73415613942855,0.3141244428943094,165.0,1.2
vacuum_leak,16,1,498.75408286222586,1.2522513643075999,-0.1716985297927525,False,True,34.73115370840375,4.781174836974836,49.602071440223085,120.35651587748997,0.5726283197908765,165.0,1.2
vacuum_leak,16,2,505.6333649884809,1.377835768152167,-0.2995073379772351,False,True,35.07466654636866,7.496692389537456,50.02512970917349,120.74365632756995,0.31885365126829956,165.0,1.2
vacuum_leak,16,3,496.56972830545106,1.4583818383880738,0.3618536669178228,False,True,34.90561928064105,8.113108035453864,50.49397304123723,121.07893545330046,0.5920974207121077,165.0,1.2
vacuum_leak,16,4,501.0876667972711,1.4574715609421705,0.450519170131662,False,True,35.12652224347822,8.432178582946388,49.91692978523499,120.5170482321892,0.6010185922923383,165.0,1.2
vacuum_leak,17,0,497.06736523323065,1.3328973447775734,-0.6382634263480659,False,True,34.96630740633022,3.7460334803821196,50.307635886592614,119.62352210274148,0.4227505266878941,165.0,1.2
vacuum_leak,17,1,498.95285828327684,1.2526395517648052,0.6604017575250342,False,True,34.87960987268476,7.275837210370179,50.18036230612778,119.17266186922443,0.6422963710108718,165.0,1.2
vacuum_leak,17,2,501.55917603791573,1.1952509940041582,0.214077760351513,False,True,34.64911423134063,10.994524927866046,49.986881689083845,119.69390129862867,0.5007319728649307,165.0,1.2
vacuum_leak,17,3,503.68001734308086,1.2991052675905226,-0.5355730671646862,False,True,35.22829859676765,5.988303534124276,49.85357357678723,119.97210900330654,0.5731142373216281,165.0,1.2
vacuum_leak,17,4,498.31667342529505,1.2758631239557876,-0.5697528271609354,False,True,34.81613474180436,6.67243544518195,49.94566974412584,119.57980747803785,0.4630912604334619,165.0,1.2
vacuum_leak,18,0,494.2142666955245,1.4361824428735261,-0.4122051620890917,False,True,34.951609533003165,7.1591031593276675,49.444015628894014,119.97266974163799,0.5107037504463076,165.0,1.2
vacuum_leak,18,1,499.8155175700307,1.2419034880588102,-0.7867452347470707,False,True,34.83889404988701,8.366164598335326,49.21640030677778,119.89674799891783,0.612489161217295,165.0,1.2
vacuum_leak,18,2,497.36568548888795,1.127667092219996,-0.1480863038231481,False,True,34.84666433220141,5.03869034060888,50.27497287826082,122.42496381476845,0.2946496845439455,165.0,1.2
vacuum_leak,18,3,502.7391673374795,1.3214013221066352,0.7912439558320993,False,True,35.04328598115705,8.14396908078562,50.071091017192316,118.85672442432731,0.5104584831598459,165.0,1.2
vacuum_leak,18,4,498.9228020989195,1.483194698174856,-0.8506157620012478,False,True,34.9686832791723,10.863715043633235,49.58323988026437,120.04810786612829,0.4798646613033833,165.0,1.2
vacuum_leak,19,0,494.1395917389439,1.4577357329248848,-0.03325594179887301,False,True,35.05123115476327,9.656069461606764,50.229933784462936,120.54570125363631,0.5295863901601701,165.0,1.2
vacuum_leak,19,1,495.89036989893253,1.2757186415652886,-0.8505366128930412,False,True,35.07875590805664,8.837568763421473,49.188356646486966,120.37764590314657,0.32011604425290374,165.0,1.2
vacuum_leak,19,2,498.2575645093687,1.1503318311914563,0.17564711892846943,False,True,35.01861534486074,6.987625652081525,49.56227388208006,120.35964143532829,0.618831036140713,165.0,1.2
vacuum_leak,19,3,500.1729545917984,1.388654909510187,1.2979051628505012,False,True,35.02671294591388,7.744043519293558,49.70022950549949,120.43441838575818,0.6285050082421357,165.0,1.2
vacuum_leak,19,4,504.47802053757766,1.1313306965156666,0.07652512208595443,False,True,35.18932213444704,10.740221334976358,50.036555114032815,121.31379818423669,0.49036485922199086,165.0,1.2
vacuum_leak,20,0,503.5039814919249,1.4753427156783916,-0.3251865516504577,False,True,35.125676357447304,9.395864722462575,49.788582772549866,121.56460967730577,0.38686180642136186,165.0,1.2
vacuum_leak,20,1,504.62446749140616,1.3200943834176824,-0.06641132816806194,False,True,35.170328737806166,10.447265819840458,49.8116991252279,120.6620240941636,0.5319222610890936,165.0,1.2
vacuum_leak,20,2,502.51611174934715,1.438558152155538,-0.4956207630614717,False,True,35.12268731337635,7.558132919623514,49.62195337375276,120.01628710500422,0.4923490566824022,165.0,1.2
vacuum_leak,20,3,497.0632548779074,1.1670566297448342,-0.28074022944147164,False,True,34.80652424869585,12.316258531549241,49.72997445902513,119.70109232757672,0.5081837505436873,165.0,1.2
vacuum_leak,20,4,499.3484719259691,1.239326643661433,-0.3890205810639334,False,True,34.96953065947816,9.151017092703842,50.19554142127625,118.92794420161745,0.5902914612881719,165.0,1.2
vacuum_leak,21,0,503.9792773112671,1.5958926478780708,-0.1410951489585812,False,True,34.998465888100775,12.007201000423093,49.88555386405275,119.40283648809121,0.4425431441538576,165.0,1.2
vacuum_leak,21,1,502.0610430848222,1.26457839854999,0.2935000601781907,False,True,34.876266789964546,4.608663415276625,49.63140036799736,119.47743404811574,0.5266475957709822,165.0,1.2
vacuum_leak,21,2,504.44988943057064,1.2752288978452537,-0.13521778114025654,False,True,35.20484125390872,4.866348964589645,50.16885464741971,120.29446991516436,0.5291767896010208,165.0,1.2
vacuum_leak,21,3,497.346249464945,1.5071664735891264,0.6864830286526206,False,True,34.774626267016984,11.761351446667266,49.84279799417363,120.80315017904775,0.36289425035624134,165.0,1.2
vacuum_leak,21,4,496.38162850752417,1.308998474892335,0.12576698356136204,False,True,34.87924425999909,10.710491332322563,49.97075496153882,120.9034145171892,0.7474862837073055,165.0,1.2
vacuum_leak,22,0,502.7032043368943,1.2591465703401554,0.3736290241636058,False,True,35.16595470680977,2.9911917549969447,49.5967850909288,119.49556229315444,0.6849024661945046,165.0,1.2
vacuum_leak,22,1,501.6784799591257,1.3524493925013854,-0.5604838070639165,False,True,35.177906329201015,12.71517766285779,50.206501462175815,120.27004488048323,0.7187239876983365,165.0,1.2
vacuum_leak,22,2,505.3373293154784,1.3913287252378543,-0.44090955349690775,False,True,34.900518096904726,13.341058032564186,49.65727343990637,119.84008886521751,0.6088822440862481,165.0,1.2
vacuum_leak,22,3,500.68481930992414,1.3334229356558485,-0.6359321411174018,False,True,35.153361222657374,9.757904680725215,50.33474867677744,120.6199666096694,0.41086015112183283,165.0,1.2
vacuum_leak,22,4,498.9709744487364,1.3612514932217896,-0.20084571888797534,False,True,34.97021672748417,4.310654034970581,49.98313578698203,120.87769679007724,0.5043278771077068,165.0,1.2
vacuum_leak,23,0,494.7566777318391,1.3576916405523511,0.10625735326345291,False,True,35.0268282022922,7.501847174800337,49.512609590248566,120.04123761115954,0.44608041513208013,165.0,1.2
vacuum_leak,23,1,502.7070122958381,1.1007047182285525,-0.6891061884067918,False,True,35.16508700369207,4.760851251153399,50.33931190302552,120.69075177549888,0.5231455576568391,165.0,1.2
vacuum_leak,23,2,497.26390430214224,1.5059120189992912,0.01658340077839554,False,True,35.212382758673044,9.479772834851032,49.74254799200364,120.21654668134752,0.5033356711487693,165.0,1.2
vacuum_leak,23,3,501.54238091225216,1.4749317418837529,0.5954137976284717,False,True,35.20022332022074,6.668314737102534,49.41468924852618,119.51642989352875,0.5615670770188617,165.0,1.2
vacuum_leak,23,4,499.3724443890029,1.2537470867211122,1.0798515289280999,False,True,35.10428292268258,9.763832289146523,50.14600271257054,120.99526503630426,0.9306420953797132,165.0,1.2
vacuum_leak,24,0,502.62653065838145,1.2956041677587151,-0.6529545466921255,False,True,34.9636573735984,8.38435011565014,50.34021113733767,119.3788110324456,0.47065681538310306,165.0,1.2
vacuum_leak,24,1,494.807479574144,1.4060524877746121,-0.8129997041191673,False,True,34.98772671620274,5.619374939502636,49.7086719091315,120.77053580162338,0.6554370376421256,165.0,1.2
vacuum_leak,24,2,500.81290703789415,1.5176396545150175,0.5321917670536266,False,True,34.92345291547094,6.108995914848491,49.831926070446976,118.83920289896236,0.5126058339922839,165.0,1.2
vacuum_leak,24,3,502.13095702443985,1.2493292245057699,-0.22830808216687,False,True,35.01334149635284,8.33071115539321,50.03826241072746,120.25125503316322,0.49594013333288506,165.0,1.2
vacuum_leak,24,4,496.3797101931516,1.3248253317316894,-0.34843215236923347,False,True,34.89333425467325,7.894900661488186,49.69316849239182,120.6867301882786,0.5923547687285704,165.0,1.2
vacuum_leak,25,0,497.2571728898515,1.2247013191828027,-0.17494350076230333,False,True,34.910867799017005,7.085880011539755,49.84626994758224,120.46408233361595,0.6237925210133441,165.0,1.2
vacuum_leak,25,1,499.43084141690986,1.2415880617332549,-0.3300174230448066,False,True,34.92801215517518,6.384363073315666,50.173570729706015,119.68212768588945,0.549474177627303,165.0,1.2
vacuum_leak,25,2,492.81115292380247,1.2934339463200508,0.4965226211841095,False,True,35.05546111774449,8.67870799755864,50.331392816996136,120.94254294953934,0.49989442880251894,165.0,1.2
vacuum_leak,25,3,501.4481160018512,1.2809327668393324,-1.323262133677521,False,True,34.976682223016844,10.095725896622133,50.10218681214408,121.30171279423361,0.19528760058247147,165.0,1.2
vacuum_leak,25,4,496.3254370330535,1.2656432532695263,0.6326092861562369,False,True,35.027678673852805,7.963747493644045,49.61796326168108,119.57937728776156,0.6207720365231117,165.0,1.2
vacuum_leak,26,0,497.0557507493646,1.3184152581265947,0.3363338693619831,False,True,35.056188941608184,7.493709391793378,50.27890518118963,119.76471792308172,0.43613998477891347,165.0,1.2
vacuum_leak,26,1,499.38272018145426,1.1913468109955465,0.018104478423812617,False,True,34.96498292005192,10.896406918084786,49.82148907881827,120.56552457325994,0.3922204588894864,165.0,1.2
vacuum_leak,26,2,498.72081615463986,1.3784927064731693,-1.0562724555867944,False,True,35.181546727012986,10.29636326008855,49.709369283000825,120.20937373414854,0.5346857658552445,165.0,1.2
vacuum_leak,26,3,499.3036837683591,1.2555870576538066,1.1451164341615498,False,True,34.87044410875625,8.981182160609977,50.15819838273168,120.02705368975934,0.20372514923226093,165.0,1.2
vacuum_leak,26,4,499.74288230828677,1.3833916819348924,-0.8415846996158496,False,True,34.85151201195319,1.7214921763184492,50.22816018103579,118.38927876766738,0.4291620028663603,165.0,1.2
vacuum_leak,27,0,504.56040977966705,1.3726997315861003,0.8355416221461968,False,True,34.86507839941069,12.115138612603882,49.96291192399504,119.89693645290917,0.5368315496737973,165.0,1.2
vacuum_leak,27,1,500.27761623101384,1.5207857151873254,-0.6542279186182194,False,True,35.08544295905799,8.075295826353434,50.15461420255695,120.81538231241983,0.48560970305934104,165.0,1.2
vacuum_leak,27,2,506.98370525798924,1.5470502161650734,0.9634394890419706,False,True,35.177328829889284,3.0839896567819043,50.16153678411379,119.78847869856999,0.5331202648477035,165.0,1.2
vacuum_leak,27,3,505.03413212069296,1.1205638289623459,0.328810438453713,False,True,35.372068929148725,10.278487924516963,49.91192502921842,119.69847699534718,0.34380527643348335,165.0,1.2
vacuum_leak,27,4,499.9399129172239,1.335623546496253,-0.40328109396546247,False,True,35.17529249355253,6.906589392931028,49.6912463730962,118.1218012430422,0.54275031950356,165.0,1.2
vacuum_leak,28,0,499.4086561168549,1.4850587140455163,-1.2763147751304063,False,True,34.9353259026409,9.279193662352867,49.61370639930893,121.75830415521317,0.6807271107474775,165.0,1.2
vacuum_leak,28,1,498.9519488250058,1.158771647659349,-0.8096293843617302,False,True,34.9622033426728,8.89588097883194,49.873935465375745,119.5668055711465,0.49726637836646603,165.0,1.2
vacuum_leak,28,2,499.72562930126173,1.2696038958009996,0.12259350126189027,False,True,35.00297309426464,8.356100882980332,49.9727633987043,120.49320696019886,0.605915015075095,165.0,1.2
vacuum_leak,28,3,500.7851733729322,1.3790749975257381,-0.31079232909203264,False,True,34.855814543761234,9.799597743700948,50.447597783784175,117.73289464585964,0.4267262808500476,165.0,1.2
vacuum_leak,28,4,503.6816906088976,1.3304950053264684,-0.49211878251707725,False,True,35.02850031350248,4.459443981865632,49.946162840471516,119.82386097839276,0.562332084188087,165.0,1.2
vacuum_leak,29,0,501.8611403460498,1.1202124511416296,-0.6367238889497377,False,True,35.128958794328085,9.750761253089873,49.90031371086375,119.99237022531311,0.3199373471355371,165.0,1.2
vacuum_leak,29,1,502.89107267603765,1.2984680235609742,0.16245928718995326,False,True,34.628234291001284,9.558579135570314,50.4623461477873,120.19976772623632,0.6831029776076336,165.0,1.2
vacuum_leak,29,2,495.48196297991024,1.2804478314697794,-0.8091551113668106,False,True,34.912930509737805,2.95722431057212,49.85734472501892,120.55793568153014,0.6695181502625214,165.0,1.2
vacuum_leak,29,3,501.7199388835622,1.3124519758609872,0.5694259576766905,False,True,34.772070845018845,5.512203937306328,49.85733123967854,119.07584697579611,0.4620736755141607,165.0,1.2
vacuum_leak,29,4,501.40811726441615,1.3334147966813767,-0.3247425047544401,False,True,35.09601908236694,8.620215453590395,50.27992150671865,121.73576948658493,0.47692765345374105,165.0,1.2
vacuum_leak,30,0,496.01301795318466,1.6093713427932446,1.8758110466128766,False,True,43.09426564732358,10.636726878962957,50.338548168878624,118.77500109617975,0.4077156386635931,165.0,1.2
vacuum_leak,30,1,502.4601560478791,1.4403577962125829,0.8499851811492898,False,True,43.15065198806898,9.47229057427156,49.91656325862898,120.34398762247498,0.5367142476294884,165.0,1.2
vacuum_leak,30,2,498.3970378269665,1.8470413065853732,0.07197696022713418,False,True,43.21897632658655,4.880944755776426,50.0491727418964,121.07113322375244,0.5114057573102012,165.0,1.2
vacuum_leak,30,3,500.461019942989,1.640864814554469,1.0478916274835923,False,True,42.99335614091995,4.0317230402851845,49.8732989950813,119.82900202326195,0.578467484707394,165.0,1.2
vacuum_leak,30,4,502.8233973013387,1.8121547808044367,1.7953974855084702,False,True,43.00326578930397,7.29410703352521,49.85549839038504,118.55507160260237,0.48905757522573673,165.0,1.2
vacuum_leak,31,0,500.59812550223074,1.5820782563941018,1.2019735201208817,False,True,43.23751806705081,6.433410496447511,49.62438593142385,118.54128303040761,0.6852272417928039,165.0,1.2
vacuum_leak,31,1,499.67065313209895,1.761503653414015,1.2258507489227988,False,True,42.950594687472055,2.349943197595838,50.18645300525065,118.60681915073285,0.4193014576584836,165.0,1.2
vacuum_leak,31,2,505.52500462912934,1.8478108144750467,0.9285837720642319,False,True,42.86445785734889,5.3310883521732215,50.18109009314513,119.2011427072042,0.5391697309290918,165.0,1.2
vacuum_leak,31,3,501.59930309326654,1.7267205934391,0.5428800230849389,False,True,42.926372005718164,8.730599529260532,50.13353157633816,119.05882428460913,0.3752077804207293,165.0,1.2
vacuum_leak,31,4,500.8059534989615,1.606328797131182,0.22249569671178382,False,True,43.16761390428515,10.84914402478638,50.232552676232096,119.86249759474428,0.6680570467485406,165.0,1.2
vacuum_leak,32,0,503.57428006997384,1.687364193153059,0.8875323849779856,False,True,43.018760693852236,6.121813830660703,50.37561442882492,119.88179601740737,0.6469514656586988,165.0,1.2
vacuum_leak,32,1,501.45379183341777,1.5628964587009981,1.467929592615007,False,True,42.86591339733009,8.269369320672038,50.263349150075925,119.56556167534947,0.42491105446429117,165.0,1.2
vacuum_leak,32,2,496.0566786489205,1.3480513603234663,0.2727031831303399,False,True,42.857261266907216,7.951934184974449,49.63252587542361,120.008982699337,0.5417632966338944,165.0,1.2
vacuum_leak,32,3,497.65048701894995,1.5765036595666642,1.3398790385781734,False,True,43.138670116658474,8.429647724832428,50.33061857925268,118.17586881259444,0.43517578784812716,165.0,1.2
vacuum_leak,32,4,497.07025032799817,1.5841405351735822,1.395116433425446,False,True,43.00651264466278,4.83633661098727,50.461944154259996,121.22220629521816,0.4386338471042558,165.0,1.2
vacuum_leak,33,0,498.58275366607967,1.7822811411850628,1.0168097519614174,False,True,43.05749065142864,4.812252876441878,50.17719859387301,120.51702199524583,0.4329053981816224,165.0,1.2
vacuum_leak,33,1,500.7768402585571,1.6073288139361774,0.8141172778219392,False,True,43.09129317544262,11.726613664033454,50.38653559229763,118.89345654558439,0.33063444229530087,165.0,1.2
vacuum_leak,33,2,503.00839186778995,1.7632340156097617,0.9560964028184208,False,True,43.197877521423486,6.561897167727927,49.986561041761476,119.90338749326204,0.4408350734408382,165.0,1.2
vacuum_leak,33,3,500.64904392198775,1.555880928265051,0.14938151878054096,False,True,43.16739587545755,6.635980322280523,50.65036611477711,120.77437063100298,0.5396984024110273,165.0,1.2
vacuum_leak,33,4,499.8137796699877,1.712655019308026,-0.05310206357210845,False,True,42.927582618925584,8.392603333751989,50.06254105808309,118.94960069336983,0.3979400861945448,165.0,1.2
vacuum_leak,34,0,501.55437493478735,1.6441554675147874,0.18079570776294107,False,True,43.09323327384065,12.983242875772287,49.9979154707668,119.6188686444193,0.7130918199482598,165.0,1.2
vacuum_leak,34,1,497.2648689371833,1.615959058737409,1.5453831905240496,False,True,42.97214979461497,11.048510923393035,49.85309724503062,119.64500186153823,0.613475040767097,165.0,1.2
vacuum_leak,34,2,497.5158649053062,1.5750086562945018,-0.048643652824139294,False,True,43.13880552924273,7.411251311413686,49.77939558378347,120.03917487570206,0.34552476308784597,165.0,1.2
vacuum_leak,34,3,501.23761345355547,1.4785006171875625,0.527467881470221,False,True,43.014009582169464,13.080287869198099,49.74891262972532,119.94519064434031,0.3346113707901789,165.0,1.2
vacuum_leak,34,4,506.26863477110203,1.6885417392651254,1.349855935440445,False,True,43.05992826925504,7.481386802045599,49.82810167390762,118.47806893329931,0.370348771746702,165.0,1.2
vacuum_leak,35,0,502.9000283133332,1.7018342477847368,1.7454401333734635,False,True,43.14911867181065,4.9060428973015835,50.43820880239882,119.34308906376953,0.4393189822154296,165.0,1.2
vacuum_leak,35,1,508.800415849926,1.688151006841476,0.8983107877941288,False,True,42.94848675790106,7.715299825265245,50.11467746596842,121.30831400770487,0.6321718184019963,165.0,1.2
vacuum_leak,35,2,502.8704290650965,1.5977339782477802,1.1545439378262188,False,True,42.96813751881806,5.495878027235417,50.18280209892593,118.80112915674295,0.4582289852883254,165.0,1.2
vacuum_leak,35,3,505.10313332032075,1.4883034730584996,1.7010200881602127,False,True,43.07934013366436,4.853701336717517,49.69730844503304,119.83155804493047,0.6563644537201723,165.0,1.2
vacuum_leak,35,4,497.821431058504,1.5489497520363358,0.3881388468299282,False,True,43.31373721729541,4.189922537020218,49.24025470046959,121.41033296427906,0.3840200469856446,165.0,1.2
vacuum_leak,36,0,507.20734827424656,1.776493965748962,1.766967904407698,False,True,42.928453519035585,9.496631650918976,50.04687792565484,118.31960044939407,0.6225319798936793,165.0,1.2
vacuum_leak,36,1,503.55699875750946,1.5176774226674463,1.8441586012239515,False,True,42.955441805283634,13.330178716959406,50.06041651762607,119.23967452566231,0.4459228655324394,165.0,1.2
vacuum_leak,36,2,499.4268283434128,1.829443752608125,0.3958061399635013,False,True,43.090138795304576,4.442219733828653,49.94468994044528,118.51949434326423,0.4963155246548966,165.0,1.2
vacuum_leak,36,3,497.62288515704785,1.5130135838732197,0.8194003860081578,False,True,43.06892333265615,12.03407666166622,50.41855673140525,118.64382947924165,0.2713634370605389,165.0,1.2
vacuum_leak,36,4,510.3924677434437,1.503878205996684,0.8202946903107424,False,True,43.03258737022791,2.329794092333305,50.198542176334556,118.12289154027324,0.3636537821118755,165.0,1.2
vacuum_leak,37,0,497.8342578853391,1.6620964806992122,0.2042602755097599,False,True,42.95290528229837,6.03377739878011,50.396389465213645,117.75143258615972,0.5050488793517541,165.0,1.2
vacuum_leak,37,1,500.3508586898836,1.5476843861259115,1.3380855416268689,False,True,43.138670457279844,10.149561964886946,50.30135922581482,120.63263102711753,0.4254352443265458,165.0,1.2
vacuum_leak,37,2,499.79105733041746,1.4567069014628462,0.10690280113103423,False,True,42.87418872835904,5.6738845717482045,49.95477126889764,118.75209749531568,0.5545159053300388,165.0,1.2
vacuum_leak,37,3,502.71342354230046,1.6054903953950788,1.731189742520887,False,True,43.1962637256588,7.221646794451525,49.98603768161881,119.52487903835603,0.6341157140004049,165.0,1.2
vacuum_leak,37,4,497.5496778791878,1.6034899040928512,1.6340739271093483,False,True,42.835601937183334,6.638697561892785,50.11735826355686,119.01173890825967,0.4618728652441746,165.0,1.2
vacuum_leak,38,0,508.1810403452721,1.7126977936397434,0.5909171698163488,False,True,43.224181682321785,8.502440455459054,50.54581249226465,118.79627808535825,0.3522661563440366,165.0,1.2
vacuum_leak,38,1,499.0240676608199,1.7100575938362756,1.1399190852724892,False,True,43.07296944685343,8.436187900703167,50.18137393244557,120.33890364911339,0.49043458424844527,165.0,1.2
vacuum_leak,38,2,493.6282491555969,1.720906652053388,0.9058504470254279,False,True,43.194093157637944,3.9664219560822174,49.57406203121895,118.9283586441025,0.4321140161252047,165.0,1.2
vacuum_leak,38,3,505.8263750132311,1.4081191247046225,0.6177237560619867,False,True,43.0500733814226,7.778830305646298,50.294893568796084,119.72949655957002,0.4318178881563632,165.0,1.2
vacuum_leak,38,4,501.6260429058043,1.5949500792024445,0.6355885973797983,False,True,43.21631830548221,8.745537225181543,49.81211494264077,119.641747649579,0.40385225221274784,165.0,1.2
vacuum_leak,39,0,501.87224202991484,1.494508600009015,1.336034665572607,False,True,43.19439703757507,8.641099948583973,50.240674671064774,119.76761614157444,0.469562214410621,165.0,1.2
vacuum_leak,39,1,501.1902298406102,1.5022313793855113,0.02851724928285515,False,True,43.09903616923805,3.3161116306740137,50.044305559358754,117.95868884232188,0.550201107484099,165.0,1.2
vacuum_leak,39,2,497.42266727945616,1.429912834820472,0.9182931873415886,False,True,42.993098263415206,2.766965887129209,49.80922873885988,119.94458284480302,0.23199290346654877,165.0,1.2
vacuum_leak,39,3,503.820105818597,1.7317230899627862,0.3383531408648707,False,True,43.087931977014385,1.1461602399359636,50.67394378389447,118.1965793183814,0.45620297840940965,165.0,1.2
vacuum_leak,39,4,503.2008316220609,1.4671255227940367,1.5017324856529846,False,True,42.99368320730744,7.745035942124093,50.42231959740901,119.44288125088481,0.6665371400407331,165.0,1.2
vacuum_leak,40,0,501.63698827755707,1.7801651142041806,0.7457123625265328,False,True,43.215074264608255,3.279051203238277,49.495166248638654,119.64447022362873,0.43160746917386816,165.0,1.2
vacuum_leak,40,1,501.30739383607863,1.630899361149531,0.7861790104455828,False,True,42.81886421488445,10.925449580973716,50.06462713362749,118.74949941722247,0.308311969442836,165.0,1.2
vacuum_leak,40,2,498.69176790070395,1.5736512041911292,1.7432024265360417,False,True,42.83622326818556,11.171990981088127,49.40041267546499,121.27606872928787,0.6446164055236479,165.0,1.2
vacuum_leak,40,3,503.29691673481113,1.681884433303867,0.5780336316130599,False,True,42.877161085739786,3.4679136149102137,49.96587104759162,119.4617165585972,0.6411316391551646,165.0,1.2
vacuum_leak,40,4,498.79775695225135,1.4114934756467197,-0.10051698114133267,False,True,43.290344665262246,13.23226763396634,50.31015160422612,119.580376372442,0.3118369828119475,165.0,1.2
vacuum_leak,41,0,503.7847831929288,1.6449935681921855,1.066270375525393,False,True,43.107136654481074,7.9109968655998895,49.97886362039682,118.00742836129349,0.28091134343502366,165.0,1.2
vacuum_leak,41,1,501.3210805828198,1.6240559310559557,0.20317268142430656,False,True,43.08884914106146,9.428893282906083,49.770398383614825,121.14362277745984,0.32593340845054,165.0,1.2
vacuum_leak,41,2,503.62021625953645,1.7100343096151178,1.159679047698758,False,True,43.12582725350045,9.901450416243632,50.01556624766911,119.93196901317312,0.580835915522575,165.0,1.2
vacuum_leak,41,3,502.0596233180578,1.6307611016970291,0.5433603093317729,False,True,43.0696502150391,11.014300389804454,49.71115300526969,118.952371536283,0.478209735576735,165.0,1.2
vacuum_leak,41,4,497.6344638459593,1.53979912156219,0.941102004055966,False,True,43.11987123763787,3.8987816967287605,49.96442804341247,118.11758450171155,0.5847593871080986,165.0,1.2
vacuum_leak,42,0,499.1177703791302,1.5765379799828914,1.47421321527391,False,True,42.99515021926046,5.447306583695212,50.33692202709178,120.29166828310197,0.510558848500399,165.0,1.2
vacuum_leak,42,1,504.15783658760284,1.7786648550054833,2.2159317538350436,False,True,42.909347257774456,3.157837582643266,50.31496249337538,119.32971859603778,0.357581422430205,165.0,1.2
vacuum_leak,42,2,500.7952514886152,1.575056731134544,0.9542507164797183,False,True,42.9435663296023,6.95609491090171,49.83307040217235,119.22483652092271,0.4847058990846536,165.0,1.2
vacuum_leak,42,3,501.38463170215897,1.5408188337787647,0.7794967247620908,False,True,43.04475961160583,9.4746248025461,50.13813291649851,120.06266785612794,0.6120867164032132,165.0,1.2
vacuum_leak,42,4,495.56649315664424,1.633409206312952,0.24623905268950108,False,True,42.7993798323143,6.202531373227901,49.964302059687995,120.03847050738665,0.5542847885785783,165.0,1.2
vacuum_leak,43,0,500.60978275366216,1.7562099335518098,0.20697526651479925,False,True,43.15280272995226,10.851799219889264,50.58869804406241,120.00239001092358,0.6715751528845366,165.0,1.2
vacuum_leak,43,1,502.84895637663135,1.4008970989559157,1.029599102896491,False,True,42.943191706896584,2.248973740276493,49.73682058197458,120.81040383943143,0.5795345370815612,165.0,1.2
vacuum_leak,43,2,499.0357048520423,1.5419544252056652,1.3955512364355132,False,True,43.04210562965525,9.490835085146701,49.85286171745187,119.38302397743486,0.6223505957838762,165.0,1.2
vacuum_leak,43,3,501.93056507856164,1.6423666937448183,0.8971919451134415,False,True,43.23387855658423,7.576223691008892,50.26997452141406,119.94676723876019,0.5779345953875971,165.0,1.2
vacuum_leak,43,4,501.9944725048547,1.6258819219520644,0.47822486066249165,False,True,42.96191131642524,4.306776073492479,49.75365789128611,117.525105421862,0.49782684830727814,165.0,1.2
vacuum_leak,44,0,509.5096395439495,1.5387497990218006,0.5190706438674217,False,True,43.103976489750764,8.785934364607455,50.028154773622184,120.73337991396122,0.2721029258503517,165.0,1.2
vacuum_leak,44,1,504.161211339791,1.8681065382142488,0.3463451431105699,False,True,42.763253251357085,3.477662376908481,50.221339845054764,120.54188393396082,0.5104840710240606,165.0,1.2
vacuum_leak,44,2,500.6797745076267,1.5585399191619305,0.18266517600234244,False,True,43.0204616761358,1.7233665525314699,50.13384921438113,120.6997797497578,0.5639841802036119,165.0,1.2
vacuum_leak,44,3,504.34996514616506,1.3504668451156538,0.5708498672932523,False,True,42.895502654569604,5.211156646190259,49.861693008099365,121.13808285453655,0.45049506835109143,165.0,1.2
vacuum_leak,44,4,501.5423752607026,1.6907430794983715,0.5881462790509935,False,True,42.88265674056077,2.058633859938774,50.24755146644836,118.92949328126214,0.5142136032781366,165.0,1.2
vacuum_leak,45,0,505.0827070421363,1.5635685641761845,0.8793741841517789,False,True,42.941342595654596,3.438006338793418,49.631443902696226,120.02650909090283,0.41056873027625884,165.0,1.2
vacuum_leak,45,1,501.23941554701565,1.564049507503686,1.2403786244858894,False,True,42.85875902782047,8.68321219199121,50.73030927864286,120.0131743817136,0.7213000513866582,165.0,1.2
vacuum_leak,45,2,499.83717533289933,1.7171997620450157,1.1428120428761126,False,True,42.971780866704265,11.07935866899336,49.404835810604666,119.69685871342811,0.3452254327768587,165.0,1.2
vacuum_leak,45,3,503.7930382944977,1.705909783694275,0.2482021234588424,False,True,43.12818990654878,9.134191842016744,50.03187535711462,119.67744573234229,0.5221434222015491,165.0,1.2
vacuum_leak,45,4,502.69743154984593,1.4845453520233451,2.1440641481106346,False,True,43.22543085587968,0.672557631418373,50.057813262551754,119.80580047329119,0.3930599403820134,165.0,1.2
vacuum_leak,46,0,505.7823593690801,1.7731509222842514,0.5757059697360387,False,True,43.184399434592365,8.11161738969473,50.0578412187555,118.65688280943546,0.4477790520557218,165.0,1.2
vacuum_leak,46,1,499.568891245841,1.6385223905339417,1.2337502280581791,False,True,43.04600746409917,5.4285505357242805,50.34991958402644,119.94813925255853,0.4833359872167332,165.0,1.2
vacuum_leak,46,2,499.7434294146067,1.7223563401778954,0.84456713619137,False,True,43.047042729239166,11.108416568418317,50.10622445784644,120.7925948171175,0.405569472979317,165.0,1.2
vacuum_leak,46,3,502.13199495351904,1.7422880747412,1.564030189762947,False,True,42.80351620607286,6.7205623440015945,50.51728347984515,117.77595349023916,0.5537159998242331,165.0,1.2
vacuum_leak,46,4,502.1991600755971,1.6102354951122797,0.4248074145680719,False,True,43.40874726158816,10.753686537075785,50.00533190332461,119.00937140288536,0.5378923748183818,165.0,1.2
vacuum_leak,47,0,496.15370019080814,1.5970407199656216,0.7411988025148764,False,True,43.15706720319352,3.0660035252144224,49.77669545859891,119.88702446378014,0.42348238829238966,165.0,1.2
vacuum_leak,47,1,497.21965002360736,1.684880205237844,0.42230615953794165,False,True,42.939458847608584,8.305346630594483,49.891794983985356,118.91286018993246,0.8364327899572421,165.0,1.2
vacuum_leak,47,2,500.9411810190472,1.5631996601970517,0.7382953725578717,False,True,42.988502894712724,8.40324920513768,50.45344114641449,120.3479722468043,0.6919632480264388,165.0,1.2
vacuum_leak,47,3,505.99333891530836,1.5314651919916007,1.1912290466663982,False,True,42.93947112853228,13.848265066478985,49.95526343949371,119.86710303885651,0.5256136285775413,165.0,1.2
vacuum_leak,47,4,508.12620846074617,1.7448078336006425,0.5793426942491157,False,True,42.944653871631154,6.086508576321782,49.688106259860035,120.63536817797689,0.5689498631720339,165.0,1.2
vacuum_leak,48,0,500.17398904305156,1.8407182202831702,1.9365042361985025,False,True,43.03298277577952,14.758928786060894,50.391730975260316,119.41013495761227,0.7633704061133681,165.0,1.2
vacuum_leak,48,1,500.2001573388654,1.5590980364800586,-0.1867762778137534,False,True,42.99781010828359,12.09245737890041,50.28359284802856,118.45100594786919,0.503652849417133,165.0,1.2
vacuum_leak,48,2,499.2891019778128,1.6083972789882086,1.47062668969638,False,True,43.02059150750462,8.106647067884165,49.690278344485385,121.12563535533084,0.34588491071486277,165.0,1.2
vacuum_leak,48,3,505.9315062139916,1.4877176642860488,0.23128968593521781,False,True,43.309681660444134,3.2075155478888036,50.05050729235445,121.13580731835465,0.6468223391320999,165.0,1.2
vacuum_leak,48,4,500.3144089522364,1.6467535290943434,1.2323064148752867,False,True,43.1146209485936,9.35638909239834,50.118597628198444,119.90745450237954,0.5098500886621181,165.0,1.2
vacuum_leak,49,0,500.2131865770091,1.5884930118810625,-1.1282724354207214,False,True,43.097208114378866,6.83148918009895,50.099141526829655,121.56783626577766,0.6298204072013297,165.0,1.2
vacuum_leak,49,1,496.9080925545016,1.540632757164938,0.45743299390323594,False,True,43.103613428314475,9.735031506800965,49.99688812804741,119.5174464658637,0.3670749649377001,165.0,1.2
vacuum_leak,49,2,503.24187276126037,1.5323949777130061,1.5302221039215,False,True,43.214543413124105,6.496582276290965,49.72318657809431,118.9852014113101,0.4348962570048496,165.0,1.2
vacuum_leak,49,3,502.11236436378795,1.6492445481987557,0.9081400048818253,False,True,43.07134031216122,5.1887450962301,49.81048136927587,117.82008767834716,0.4609147089240205,165.0,1.2
vacuum_leak,49,4,501.09849830728507,1.5431459924719286,0.2336635312112726,False,True,43.24945222515703,5.868444892696914,49.865741891736164,120.14699256177032,0.3057837939340171,165.0,1.2
vacuum_leak,50,0,499.7940616274205,1.3845082872511703,1.1608689253516191,False,True,43.01446358216108,5.2536275981593255,50.12204894275355,119.01326113622537,0.36092823848771416,165.0,1.2
vacuum_leak,50,1,508.5721748236723,1.585254879537025,0.9458562851430747,False,True,43.11485297216151,10.287976946926879,49.716308306899926,120.89812842893463,0.7831653415918445,165.0,1.2
vacuum_leak,50,2,508.9867178765771,1.724522045712855,1.1829722361051962,False,True,42.82648765670775,11.162416038287212,50.1149021524436,120.30994826523437,0.43793384472316654,165.0,1.2
vacuum_leak,50,3,505.2964161400543,1.5188621120768808,0.33431365409832764,False,True,42.911688052118905,2.9018363629064954,49.77958560956086,120.33675628162551,0.7499263738979578,165.0,1.2
vacuum_leak,50,4,506.9602849085617,1.4544678143487522,0.36707281826350735,False,True,42.905255990054584,5.731712265087507,49.785855046416565,119.86891194816846,0.3803992842791879,165.0,1.2
vacuum_leak,51,0,497.98716219170325,1.8521593846198783,-0.04421572719188005,False,True,43.121214100109434,11.402906081015447,49.815933899175775,120.2753364377617,0.6205844639778111,165.0,1.2
vacuum_leak,51,1,505.78457167706904,1.6600101813329162,1.3219449807511365,False,True,42.96857894020627,10.210134829243668,50.102992536611644,119.59486217341127,0.5087508165948378,165.0,1.2
vacuum_leak,51,2,498.3386572244305,1.7087413130225553,0.5530665842973612,False,True,42.77212401889649,6.155684249908564,49.8835896977149,120.78474029536609,0.5151899992453479,165.0,1.2
vacuum_leak,51,3,506.5788100145798,1.8468253634589336,1.7521887778993848,False,True,43.03111273306303,9.205428202163564,49.82531821859299,120.32464486650197,0.6267526658419722,165.0,1.2
vacuum_leak,51,4,507.16412771878555,1.5330380271149302,0.8688298604842059,False,True,42.8906145766563,10.860271552523153,50.08008781531369,119.84511371019615,0.4456544378966643,165.0,1.2
vacuum_leak,52,0,501.64528366486456,1.7918287243641695,0.9015740799447587,False,True,43.000740938923364,10.367428958916602,49.53455524051274,118.1775840057206,0.5963176378406913,165.0,1.2
vacuum_leak,52,1,504.7145537865715,1.7672546394529822,-0.22449991337732422,False,True,42.982444842061426,7.23047796465746,49.57506767203422,118.81617194062629,0.5024991128218023,165.0,1.2
vacuum_leak,52,2,501.0182261491049,1.777692901859472,0.695715889850321,False,True,43.25172342687797,8.893890588384734,50.15940124825474,118.9323135629977,0.5430064491192865,165.0,1.2
vacuum_leak,52,3,500.87604782412654,1.6039132445713735,0.8270127392278698,False,True,42.83001701451304,5.195732400159956,49.52384274114762,118.73323113352764,0.3308179251772968,165.0,1.2
vacuum_leak,52,4,503.03385041663927,1.8222826361916749,0.6578979123168364,False,True,43.180353944977334,6.2088296718157565,50.10261249640869,120.56311514970167,0.6361139888795126,165.0,1.2
vacuum_leak,53,0,502.0045896886981,1.642132331783843,0.7231406923112116,False,True,43.21916163666942,11.77595715862257,49.849630597498006,119.41801231624878,0.45222938920280864,165.0,1.2
vacuum_leak,53,1,497.4711233406826,1.619651339277218,0.08381976065699903,False,True,43.01604304147804,3.8562120438018948,50.62826889885128,118.3838578526968,0.34038302214904514,165.0,1.2
vacuum_leak,53,2,507.99544234148374,1.592901594799439,0.6827842475323485,False,True,43.09963167744234,8.967381162273362,50.221889287219426,120.6233129024503,0.5197460947764584,165.0,1.2
vacuum_leak,53,3,511.8685809466658,1.6745733280603983,1.3717241528357758,False,True,42.91276760591006,5.263793802720556,50.043967111579896,120.26218286603738,0.6478415555449469,165.0,1.2
vacuum_leak,53,4,499.68142813308293,1.6407672081982132,0.3830183038173608,False,True,43.017027578072536,6.059562059766817,50.026674498963786,119.97893134016692,0.5370634733239399,165.0,1.2
vacuum_leak,54,0,497.7380271260059,1.6398874734075841,1.4976337966167432,False,True,42.830026396080534,9.802269042902951,50.0632751760452,119.18869179338364,0.5472252849584776,165.0,1.2
vacuum_leak,54,1,506.7773175191922,1.6814738283808666,1.0912087330572862,False,True,43.22640176546934,6.420769050808913,50.28210837115752,119.18945425599743,0.5428197539003542,165.0,1.2
vacuum_leak,54,2,504.74555506461746,1.5485687950659863,0.11786019118736035,False,True,42.97695015152949,5.5244496412391,49.76853317363387,120.41493051914529,0.3851007243864226,165.0,1.2
vacuum_leak,54,3,497.63513237928544,1.757231569930832,-0.7038511494763793,False,True,42.93063590432792,6.618235020277844,50.35130692997379,120.25475460921365,0.3111777131788178,165.0,1.2
vacuum_leak,54,4,499.135888499462,1.6354874155386645,0.5724943650881097,False,True,43.229031330609,9.208644766942959,50.09765463584959,119.87109781085316,0.6555119776055289,165.0,1.2
vacuum_leak,55,0,506.42355515807947,1.6625468325438635,-0.15026065626123186,False,True,42.9571761031588,1.9750764386209685,49.27039370028059,120.52960185441242,0.45048693287863045,165.0,1.2
vacuum_leak,55,1,499.28834717385297,1.7548725556108904,0.24522145023928077,False,True,43.164507520932695,8.185843953889636,50.18681773527677,121.02258864651681,0.5984583135644025,165.0,1.2
vacuum_leak,55,2,505.79306470408375,1.7235871277707933,1.1541820880087226,False,True,43.14050445009195,9.188604306310552,50.27796022228175,119.45359401938036,0.5404563501768499,165.0,1.2
vacuum_leak,55,3,498.9876917767811,1.728063979354234,0.46954233467254464,False,True,42.98362039542723,6.4939881555082355,50.01752383701592,119.64329391034106,0.5573279277621861,165.0,1.2
vacuum_leak,55,4,502.77543698113453,1.702902576647017,1.440933785189494,False,True,43.25843183931618,11.59537391689025,49.94208240335505,120.96128998656565,0.35363964801473863,165.0,1.2
vacuum_leak,56,0,504.21409037345285,1.658424651036035,0.7993214801757149,False,True,43.14089290812627,8.847234361885125,49.4802280017413,119.29197093299777,0.5698363503379513,165.0,1.2
vacuum_leak,56,1,503.2909300377096,1.689535232335223,1.0858246870389947,False,True,43.18246082621346,0.6227886069900421,50.10135508845082,119.29032456002784,0.5858700806123378,165.0,1.2
vacuum_leak,56,2,493.181780511306,1.4583578634814858,0.9005038438465284,False,True,43.18433219392258,5.4203771706571136,49.61820826942881,119.60414116092768,0.5013330604783849,165.0,1.2
vacuum_leak,56,3,502.8783229684329,1.5059375081768043,0.7522678002638654,False,True,42.78732477448317,9.604247200524672,50.23158918809967,119.76058859276712,0.4416626836083128,165.0,1.2
vacuum_leak,56,4,504.82081112774836,1.5093213469976057,0.26042596805341434,False,True,43.11188850112499,1.795642297827163,49.7765164653528,120.69883893799889,0.7018311919140225,165.0,1.2
vacuum_leak,57,0,503.50072872896243,1.3764497750006577,0.7668377973171568,False,True,42.99119036768709,6.415446626115383,49.807072478452966,117.99365427182929,0.4216673892223901,165.0,1.2
vacuum_leak,57,1,497.9011638073219,1.6409431477759435,0.6397842726950846,False,True,43.271517596359914,7.878222199717412,50.18135501576066,120.11725616926543,0.4827458714861342,165.0,1.2
vacuum_leak,57,2,500.82224783686183,1.6035151370225424,0.3639449173155127,False,True,42.92951626231997,10.519481343272375,49.978267808026075,119.0097570702576,0.46757486520930697,165.0,1.2
vacuum_leak,57,3,503.31116607962207,1.6503447164730056,0.9937670545733499,False,True,43.221883176102324,0.09344334257540687,49.887432386430994,119.41003051498446,0.3520019338643213,165.0,1.2
vacuum_leak,57,4,500.5075021903889,1.7645850320204362,0.7568295266577529,False,True,43.03113331905986,10.65766230710506,49.866088367572765,120.47008569032421,0.5738015254601326,165.0,1.2
vacuum_leak,58,0,505.8840424609497,1.5963616656925164,2.442590776500822,False,True,42.84676288486054,6.155897094584866,49.35543884150788,119.87508120375507,0.4420493352174408,165.0,1.2
vacuum_leak,58,1,503.1468928947974,1.664398863769034,1.0607742225299157,False,True,43.03672179538054,8.081577115538483,50.22546159522407,118.36840357164574,0.4430373019567798,165.0,1.2
vacuum_leak,58,2,506.6874816045254,1.6112818931864206,1.1217861404308114,False,True,43.19904742091111,12.097731157285079,50.011948717360944,117.83746663219932,0.5312812376973921,165.0,1.2
vacuum_leak,58,3,502.2734851985136,1.5147312186322808,1.0664514146303172,False,True,43.057865052408545,6.688619068108434,50.15872959826726,119.957619526486,0.4568418732796521,165.0,1.2
vacuum_leak,58,4,510.4390946736976,1.5177435149991367,-0.10307905248939464,False,True,42.99481797488582,12.34324542219313,50.17414632862644,119.18714442306043,0.45854942193963233,165.0,1.2
vacuum_leak,59,0,509.54231464179514,1.50418865162932,0.7965761832099898,False,True,43.07597779563758,10.1188271417899,49.68395449665745,119.11518638498194,0.6023447836982985,165.0,1.2
vacuum_leak,59,1,498.8192690013515,1.794407381476657,0.7064461742625521,False,True,42.83354581072491,10.562989028627795,50.4007269617719,119.70069301830254,0.43647314690425126,165.0,1.2
vacuum_leak,59,2,506.0885083751376,1.6815124448666257,1.5052008583472478,False,True,42.79867533930681,7.031994104190131,50.08710293472692,120.86816201080788,0.6359723241233287,165.0,1.2
vacuum_leak,59,3,496.6447080313435,1.5594025753924692,0.12820386008297613,False,True,43.163907972438345,8.003201868309286,50.44014708160185,120.19423499701387,0.579973954192177,165.0,1.2
vacuum_leak,59,4,501.8148290951417,1.827507026475143,0.4252953010428007,False,True,43.0068026543185,3.7234127362317544,49.82524264728303,117.72785682821986,0.4044374531318491,165.0,1.2
vacuum_leak,60,0,503.3488589283612,1.3129097926306343,0.5819143292583169,False,True,43.03239843182575,6.0355788538993345,49.7261212152634,117.43970083341357,0.650321393147109,165.0,1.2
vacuum_leak,60,1,504.4239765244451,1.6124114744109526,1.8447706159369561,False,True,43.06480056601496,8.704760636458648,50.07891194733881,118.36123667018433,0.6101486106661838,165.0,1.2
vacuum_leak,60,2,502.36018821063266,1.6770756496061499,1.5834867555075203,False,True,42.88767678241057,8.412787162030403,49.93218905584582,118.57382204917273,0.3505440109525386,165.0,1.2
vacuum_leak,60,3,502.90132133436833,1.7077494526180392,0.5985878048078555,False,True,42.94876454266943,10.994623331221204,49.75474296685609,117.59233731635237,0.6324851315387902,165.0,1.2
vacuum_leak,60,4,498.3048209680956,1.6634942333662948,0.061198347932911124,False,True,43.12963018667874,12.021397735431307,50.069635090257094,119.05685159286443,0.7771193997242825,165.0,1.2
vacuum_leak,61,0,505.3802812870819,1.7824115394202598,1.4925504388615538,False,True,43.168722031262504,3.784548652010473,50.205708201888726,119.454161416454,0.5152001073225527,165.0,1.2
vacuum_leak,61,1,503.6927426098383,1.6468455792119994,0.8168196527326792,False,True,43.0817430204864,4.5471126589784205,50.15349962880183,119.86774212951431,0.501010371288758,165.0,1.2
vacuum_leak,61,2,502.7285409926111,1.4394937936753982,0.8636437300645109,False,True,43.119713468579526,10.04743398053603,50.73230566936242,119.99369922538384,0.3956412204396176,165.0,1.2
vacuum_leak,61,3,504.43834528708413,1.7189526755683149,-0.6574893660041714,False,True,42.84625324239989,9.452830536781448,49.666133336641515,118.47026264847125,0.4680330295267495,165.0,1.2
vacuum_leak,61,4,496.5085743919006,1.4272709948230782,1.105410928508734,False,True,42.983019442350916,6.125770367625719,49.942711982611655,120.12936822244038,0.46998034754563234,165.0,1.2
vacuum_leak,62,0,504.44571127945414,1.768015601253742,0.5173766951960991,False,True,43.122506821343904,5.424342878870132,50.35327967220156,117.30939328180037,0.4530157571492091,165.0,1.2
vacuum_leak,62,1,503.3261522011145,1.694166559832105,0.9731543840364998,False,True,43.229228885826096,9.124411810965322,49.99182834854164,120.3078317160233,0.23045583342353865,165.0,1.2
vacuum_leak,62,2,505.62018024637104,1.6535258966430657,0.3799366757284715,False,True,42.87626608163816,11.274277498059593,49.9126678511958,120.06837051808562,0.6255645641459247,165.0,1.2
vacuum_leak,62,3,498.6768680078528,1.690480402564679,0.08019878609916342,False,True,43.081959641337825,6.021228272082549,50.32112622731888,119.5022836004386,0.3459208671688202,165.0,1.2
vacuum_leak,62,4,501.4770397728362,1.5453641130036715,1.8705061897664348,False,True,43.31294686600708,8.317281382395723,50.317023220123694,119.47638902455083,0.6189932400766806,165.0,1.2
vacuum_leak,63,0,501.143477457323,1.8374273226531272,1.7883487400155669,False,True,42.683322305463555,7.571296397863648,49.97697891132057,119.93398108505747,0.42479833538981615,165.0,1.2
vacuum_leak,63,1,499.0514396672848,1.4811943960889093,0.18752038066781596,False,True,42.85452139148399,9.592074769150589,50.07202524578875,121.28828779923677,0.41444016727219185,165.0,1.2
vacuum_leak,63,2,501.2275031532888,1.7236661599550078,1.3011239589784769,False,True,42.88987863969195,3.315736136746837,49.70024012115137,117.92579578682648,0.5302437111885216,165.0,1.2
vacuum_leak,63,3,507.10123957900146,1.5631919862739623,1.0354412031478621,False,True,42.876681555239536,7.904545818721893,49.75936859940479,119.22444022378731,0.41535839039250844,165.0,1.2
vacuum_leak,63,4,494.2446021765319,1.538502216924964,1.211746180491118,False,True,43.20123552760016,8.248352231087662,49.921410899411846,118.13708163779336,0.5052474893606294,165.0,1.2
vacuum_leak,64,0,503.55387830554207,1.6223369305658475,0.8844848850435157,False,True,42.93342383259202,6.310118165060848,50.08051476576724,119.27533967678367,0.5619115617847593,165.0,1.2
vacuum_leak,64,1,506.37379503449887,1.8000751583722256,2.0380137633063113,True,False,42.903610899407084,7.807341690782535,50.22364239635047,119.613889263726,0.5955306229451356,165.0,1.2
vacuum_leak,64,2,499.77435526574965,1.8055261453973033,1.358116547228815,False,True,43.10465380238672,8.382531225420843,50.2221167398581,119.35528894220941,0.5438607635608596,165.0,1.2
vacuum_leak,64,3,503.29503320312034,1.5827688137260143,0.09285442939237498,False,True,42.96624044981504,4.941839934512679,49.48093242188958,120.21986706614086,0.49973863205344543,165.0,1.2
vacuum_leak,64,4,501.3085729595281,1.648985226973043,-0.09612540597996899,False,True,43.11754837612682,5.643813998430675,50.073333618442916,119.8765026501076,0.37577251959388486,165.0,1.2
vacuum_leak,65,0,502.86088566071425,1.4313531354391127,1.6348005040233442,False,True,42.863266801364524,5.821862141413991,50.21630093586505,119.1981443657999,0.4197045604839775,165.0,1.2
vacuum_leak,65,1,503.4035600859649,1.7224154540346837,0.5460390422900714,False,True,42.984432490497966,14.233215399120805,50.484006586701646,120.48133363956909,0.624150559194497,165.0,1.2
vacuum_leak,65,2,506.8355360183641,1.6212817681380804,1.0635143056416643,False,True,43.03042085158603,9.0821202980896,50.67104469647756,119.13577955223195,0.32350752430239477,165.0,1.2
vacuum_leak,65,3,499.7273608665973,1.5849701031654622,0.0919375410644957,False,True,42.95040337907973,4.8613241908789036,50.04430527658373,120.03676202426438,0.7860571148342113,165.0,1.2
vacuum_leak,65,4,500.6055086245918,1.8070070601439931,0.34001872667978705,False,True,43.044275183762345,10.821482580255548,50.60159772374997,120.83231962807984,0.5240847833492461,165.0,1.2
vacuum_leak,66,0,496.7934109985715,1.595945012502978,0.38990379112302603,False,True,42.89131014631725,5.611562746837948,50.03757614141817,120.34293030933577,0.4902416894047666,165.0,1.2
vacuum_leak,66,1,511.019817384735,1.5658199466954257,1.0898572666727855,False,True,43.161884981442064,8.891065857717102,49.66751951931443,120.16171958688707,0.5229147993118879,165.0,1.2
vacuum_leak,66,2,504.64180930477056,1.655952858430346,-0.14666620470852942,False,True,43.08577185106655,2.915964695259155,50.21430318249584,120.03718652230579,0.6226202559795689,165.0,1.2
vacuum_leak,66,3,503.0395222337633,1.7302804327839214,0.5279253362732694,False,True,43.03333078830392,10.783569234172411,49.686820053687306,118.9841255483576,0.492675989177527,165.0,1.2
vacuum_leak,66,4,505.3626686432294,1.7451234729135998,1.558596364821914,False,True,42.95276745375343,6.501592475631613,50.18186467086791,119.635306667989,0.5464098954928245,165.0,1.2
vacuum_leak,67,0,498.0018740379116,1.8977137912150857,0.61213771317499,False,True,43.130705746491806,6.046340088932656,50.294955963984286,119.20142383160731,0.29003607970481526,165.0,1.2
vacuum_leak,67,1,503.9903809703845,1.673699894581223,1.35298292166723,False,True,43.09460947525118,4.58510359779012,50.394660688157636,120.2469999517552,0.3062329990988285,165.0,1.2
vacuum_leak,67,2,502.4939712108222,1.7230041792787094,1.7024841635662593,False,True,42.945392177068406,4.799692500411639,50.19204732303821,119.92518447858238,0.41781843492607446,165.0,1.2
vacuum_leak,67,3,502.8509053055161,1.6679992349658401,0.3176228922921683,False,True,42.90477288478819,13.708754737269267,49.87334546227962,119.80068707766087,0.38095085187454747,165.0,1.2
vacuum_leak,67,4,500.27575502713165,1.7470642938933434,0.8682841140286683,False,True,43.03227001034619,9.160303208220233,49.8525382525833,121.34186628705453,0.5775292743018557,165.0,1.2
vacuum_leak,68,0,504.20220227372977,1.691332263627931,0.4332190620436326,False,True,42.964459993267894,6.2904409754045485,49.997665554657694,117.65719262310691,0.5159625117637298,165.0,1.2
vacuum_leak,68,1,494.3119484675319,1.675570758047503,0.6096200178164629,False,True,43.08630061281117,4.888027499711942,49.77270565075103,119.13260313851376,0.3889382516941962,165.0,1.2
vacuum_leak,68,2,507.1371064261893,1.7112052572097562,0.9706116126668358,False,True,43.06573494535888,7.909259722431881,50.063851130353676,120.36028720529471,0.5412000251135201,165.0,1.2
vacuum_leak,68,3,508.1306656004215,1.532082604163707,0.3159034403290829,False,True,43.096641342311734,12.21568596398769,50.130941087995,119.27310431948689,0.7387071655550135,165.0,1.2
vacuum_leak,68,4,501.36400144591784,1.750228318626597,1.3478975323494145,False,True,42.831839743219035,1.4976616011805817,49.75584944327174,118.78534414977891,0.5226681244031789,165.0,1.2
vacuum_leak,69,0,503.5808951635733,1.5948235755506315,0.5322591081373966,False,True,43.08542336167532,8.359986859738832,49.64571644608159,119.59711631191767,0.49299639656052996,165.0,1.2
vacuum_leak,69,1,503.1440278500302,1.685865952795139,0.7566814907967587,False,True,42.97509027520083,6.066533670448592,50.45542223067046,118.2593773250225,0.5013550481432741,165.0,1.2
vacuum_leak,69,2,499.74359843943466,1.5932344170996855,-0.34087788596302593,False,True,43.207206708519045,5.762813706650571,49.96355960777053,118.51432753233001,0.5031410167981439,165.0,1.2
vacuum_leak,69,3,500.47204857541607,1.7188930205796769,1.2621624883144686,False,True,43.28567992108109,7.761381211603766,50.12127499009913,119.56301200076761,0.6901044084089687,165.0,1.2
vacuum_leak,69,4,507.3343674122889,1.3981849667370354,0.017682472312227082,False,True,43.15004740258148,2.259402979902574,49.971421777873566,119.01920874551672,0.6539039467779135,165.0,1.2
vacuum_leak,70,0,505.3865607064785,1.8178205357705164,-0.558822481880759,False,True,43.059904135006306,8.992619186025372,49.912019294388216,119.76745911594753,0.5189743784989362,165.0,1.2
vacuum_leak,70,1,505.94608701611975,1.6615543056108657,-0.3096045087988084,False,True,42.96926807785498,6.631789345825594,49.632904319637724,119.8956095996846,0.47286947901824355,165.0,1.2
vacuum_leak,70,2,497.6644962247719,1.6605841658842422,1.7018520327817726,False,True,43.07407088270299,8.463478551609992,50.04746837424173,119.22403113104497,0.46407212425624006,165.0,1.2
vacuum_leak,70,3,502.25062414156156,1.6283007150895092,1.8234025592024892,False,True,42.8317660713806,10.19655238412835,49.94374915201642,120.53035071644553,0.5806394284239051,165.0,1.2
vacuum_leak,70,4,506.2066021957914,1.6385279361996705,0.37838705419275437,False,True,42.96339765320819,6.033534870028881,50.16781476713337,118.58644465722527,0.7570821565519024,165.0,1.2
vacuum_leak,71,0,498.2150201719954,1.6593944927961353,1.0538569467953525,False,True,42.95569063649049,6.051875626403456,50.17659404093087,119.56070269474402,0.5009165935523499,165.0,1.2
vacuum_leak,71,1,497.063210939827,1.4768680729979748,0.32928821668079317,False,True,42.93123845265738,10.614006159074325,50.134988216960735,120.56638983532862,0.4679129216557978,165.0,1.2
vacuum_leak,71,2,504.82352395931025,1.5786093882414238,1.1200295182444686,False,True,42.64627046857898,12.060002991438733,49.71452844909602,119.75266825280004,0.47030434514849784,165.0,1.2
vacuum_leak,71,3,498.20218663415403,1.5530616430397801,0.785704105499539,False,True,43.028177401549726,6.918180673721276,49.622630660272314,119.12900994058282,0.6969097753987821,165.0,1.2
vacuum_leak,71,4,498.202593569596,1.6430970463979697,0.5685754877536098,False,True,42.8761646402471,3.677984321367881,49.940512210664046,120.69458603270911,0.43225916943750486,165.0,1.2
vacuum_leak,72,0,503.6654778881566,1.6797806864988023,0.32538026939585846,False,True,42.94278228408832,10.95794288646124,49.50198786740717,118.37619640324502,0.5560146962163829,165.0,1.2
vacuum_leak,72,1,503.98610979397677,1.6902966160684296,1.066991110911826,False,True,42.99083357279664,13.825291010946824,50.427173051483265,117.19495214689998,0.2239549634853309,165.0,1.2
vacuum_leak,72,2,501.5133531596223,1.6462572783196263,1.4183579094421024,False,True,42.884445261372456,10.750958944305946,50.2437611321236,120.33002844000883,0.6401318425323732,165.0,1.2
vacuum_leak,72,3,500.22760038754797,1.5484923326900322,0.8602445029504362,False,True,43.25066746589034,15.559101130100245,50.10349258041054,119.99630621468451,0.5693083524788604,165.0,1.2
vacuum_leak,72,4,502.26993465778827,1.5999154360722372,-0.09328253341884729,False,True,43.103047725986315,3.8371327394596566,50.35774082580934,120.39454564005541,0.5961761364775875,165.0,1.2
vacuum_leak,73,0,500.13521307472774,1.719735935022083,0.22530992797800942,False,True,42.83804039609095,6.370044654616234,49.457586818266485,118.33412489993914,0.47853382715420556,165.0,1.2
vacuum_leak,73,1,496.6111214181427,1.6372310576541222,1.202371991211903,False,True,43.13426580547282,10.02514385844066,50.300864991624266,119.44372946074701,0.5841143313644376,165.0,1.2
vacuum_leak,73,2,501.785301405771,1.6253256441007982,0.04090721980639689,False,True,42.96988289237918,7.0318644682585205,49.72151043055925,119.74252027188741,0.33263818266961637,165.0,1.2
vacuum_leak,73,3,507.3630538500671,1.5565744519883853,0.7281965736236949,False,True,43.0571891181262,5.4053395628563035,49.87600171725972,120.61990623332181,0.6159096161406665,165.0,1.2
vacuum_leak,73,4,504.2295768539433,1.5304178634571202,0.7402941410288203,False,True,43.11876775281762,6.19759675230119,50.484542960849105,120.95050729810109,0.5162837260040914,165.0,1.2
vacuum_leak,74,0,508.9323919097269,1.5673448542130584,1.763191118549368,False,True,42.98500465218423,14.180455284700784,49.77655972984193,119.11964762584209,0.5130190456420999,165.0,1.2
vacuum_leak,74,1,501.728527124253,1.6267211005407274,0.3277082239600323,False,True,43.31898610082811,7.5652807284312065,50.164047721794375,118.10828515597555,0.5472706615613643,165.0,1.2
vacuum_leak,74,2,503.2399668354098,1.5929712378806853,1.653955597272239,False,True,42.998966838376205,5.992942619151933,49.81395127547344,119.26333104521468,0.6080261738464076,165.0,1.2
vacuum_leak,74,3,500.88438639559246,1.7561598804170424,1.399709056202123,False,True,42.83710054865608,13.56693695497301,49.75881974283053,118.64197601990077,0.4152461863417149,165.0,1.2
vacuum_leak,74,4,506.3555426453661,1.536995979860448,-0.00289488582504549,False,True,42.946816570696974,6.29672624599068,49.97812350064966,119.38313033194764,0.5307356851925432,165.0,1.2
vacuum_leak,75,0,495.65368406683746,1.6669543668752234,0.5185835420953255,False,True,43.07558480809568,10.43315460973371,49.94112151134069,121.13576427688167,0.5702418494959219,165.0,1.2
vacuum_leak,75,1,501.49792314671544,1.6099850655321795,1.3901409484858624,False,True,43.297984920636736,3.687238486372963,49.964290611232514,119.8461925333789,0.5516664103620598,165.0,1.2
vacuum_leak,75,2,500.5454031404888,1.5935348393398092,0.22050231473337123,False,True,42.73618421135532,8.103750053708556,49.937960925005086,118.76451056552557,0.5461184467011734,165.0,1.2
vacuum_leak,75,3,504.0971657222343,1.5882933192782736,0.432458991220353,False,True,42.90485647195333,10.729522279353823,49.6643825006836,121.5358995460434,0.4407693062429155,165.0,1.2
vacuum_leak,75,4,499.85071677760544,1.4690555712682631,0.09881642997931306,False,True,42.95940561213858,1.906602415741749,50.01374165315631,118.19059759603304,0.41369332779320894,165.0,1.2
vacuum_leak,76,0,502.63609966831774,1.637002173757273,0.7699478097448562,False,True,42.86674270663349,9.580305049750082,50.48777430171099,121.7662069226474,0.456712577669067,165.0,1.2
vacuum_leak,76,1,499.9642383922821,1.4787512425025247,1.9989534842560928,False,True,42.99898170336113,2.9260994354270826,49.57829966729941,118.90933948957435,0.35345340768949174,165.0,1.2
vacuum_leak,76,2,506.372616480045,1.648296005226844,1.722046588572452,False,True,43.27592390533748,7.988795687082678,50.03460044771364,121.67132235843675,0.5410821606483294,165.0,1.2
vacuum_leak,76,3,509.92330464729235,1.6431632917575862,0.11791942588953541,False,True,42.899148804052935,8.179739964415697,50.273704805548135,119.9585726132066,0.4236746640015041,165.0,1.2
vacuum_leak,76,4,498.16670340601877,1.6270459389766945,1.1334019022355573,False,True,43.22792886451273,9.346241690158717,50.11251263634265,118.43275002650498,0.5006303825985485,165.0,1.2
vacuum_leak,77,0,497.41754825150866,1.593457330670252,0.11523947337612739,False,True,43.03737263443695,7.234690528465727,50.492804298661675,120.71013212016314,0.5532343492316679,165.0,1.2
vacuum_leak,77,1,505.7335766341181,1.602010958007678,0.6199836710039794,False,True,42.786117443563036,10.708188102986956,50.3548470729407,118.98923249146775,0.7409876480617812,165.0,1.2
vacuum_leak,77,2,501.7435374633917,1.5568191695584588,0.8296904470809665,False,True,42.94960797454189,8.069030058606106,50.48164187376904,119.44692371603989,0.3805747443854192,165.0,1.2
vacuum_leak,77,3,498.8796071404438,1.6217194775178867,0.8613176726209721,False,True,42.80152824981811,7.91876058942201,50.42471043397176,120.08004032212126,0.3538862994091376,165.0,1.2
vacuum_leak,77,4,500.9812266716596,1.5168528444251992,-0.04869181855101301,False,True,43.02783072855322,7.368943541658735,50.30485400613741,116.3864841862513,0.4451859229984451,165.0,1.2
vacuum_leak,78,0,505.05747870347625,1.513012173325641,0.49693740984798307,False,True,43.00376988811164,9.113269820348405,49.951279228363276,119.39104496442067,0.34171829008773946,165.0,1.2
vacuum_leak,78,1,505.1049490965723,1.4907051405760554,1.8574568221575165,False,True,43.05085449245659,11.157594688808835,49.63223971981648,118.16482050759316,0.6213591694420862,165.0,1.2
vacuum_leak,78,2,508.12760031077937,1.7408233974446552,0.7821423511809245,False,True,42.97654064521439,5.732575266209543,49.93578986748857,120.05625169553598,0.4303283533390001,165.0,1.2
vacuum_leak,78,3,496.270071264196,1.4890438931120735,1.4428459115630963,False,True,42.89724543603442,14.793623735651108,50.178672350519726,119.49880017809514,0.18942206789681443,165.0,1.2
vacuum_leak,78,4,498.9190141228712,1.5804915243458915,0.5492352700390223,False,True,43.108345956333615,9.868112382991585,50.07551391323842,119.392437091809,0.4700881577693873,165.0,1.2
vacuum_leak,79,0,506.0133576080822,1.8287401126038767,0.9410103409189061,True,False,42.8572656652862,7.726711922155392,50.09042866301096,120.51890197789658,0.23284987754610575,165.0,1.2
vacuum_leak,79,1,500.46199034439763,1.532999955501241,0.7652614391956216,False,True,43.291139676882494,5.504142931264789,49.96417308490683,119.90761576346291,0.44385311132784544,165.0,1.2
vacuum_leak,79,2,496.2077926633682,1.675344431047597,-0.5565475644657325,False,True,42.98709142356938,8.077392215923526,50.54154914827433,118.141797257099,0.4098576665405069,165.0,1.2
vacuum_leak,79,3,500.1631571850956,1.4436423789855772,0.780295207740849,False,True,42.83289035556513,7.356421452976063,49.82549956796187,120.1539535106315,0.49930377305475043,165.0,1.2
vacuum_leak,79,4,500.0853769806854,1.385187737283584,1.741745032805787,False,True,42.74158609131491,8.480017724229391,49.65649486129649,118.71310003831898,0.39464743003862374,165.0,1.2
vacuum_leak,80,0,500.0918901892626,1.737919508332344,0.16803386314951008,False,True,42.95685193773236,12.859742096561964,49.746686127498926,119.41163647832681,0.25542206290087766,165.0,1.2
vacuum_leak,80,1,497.94429168867885,1.735721858526076,1.074248720650126,False,True,43.004220678672034,9.111514917592029,49.60753549622371,120.02605482650942,0.6529619595130934,165.0,1.2
vacuum_leak,80,2,501.9368441406279,1.532473973671362,1.0430055039753299,False,True,42.74246618154802,3.0936819577257433,50.06614499912953,120.33199887291372,0.6757809304013194,165.0,1.2
vacuum_leak,80,3,507.18685355872435,1.4756105140680114,0.7718130291487381,False,True,43.13815457689233,9.440704494126425,50.18468108552018,119.37797366298307,0.5261385556113353,165.0,1.2
vacuum_leak,80,4,493.62001793554515,1.572214606559443,0.8642253849243062,False,True,42.85263180509796,10.262888225807616,49.91184651562548,119.59578508860045,0.40243264881768803,165.0,1.2
vacuum_leak,81,0,498.61888321715276,1.7773411810468263,1.0520069927681834,False,True,43.01977049682853,10.87646276734678,50.00212269775049,118.21007255199214,0.6426845306857072,165.0,1.2
vacuum_leak,81,1,503.9728864803749,1.5102326503167611,0.43718397884833876,False,True,43.185627756433654,6.304398993502852,49.80907434577342,119.38763565515298,0.6711808692174784,165.0,1.2
vacuum_leak,81,2,504.39035048774707,1.5876276207923776,0.7117885990858126,False,True,43.16052757664487,2.6155057380512776,50.0404905361635,119.64931824279218,0.5517681817782641,165.0,1.2
vacuum_leak,81,3,497.4430569764927,1.7094465483993686,1.2091465731938287,False,True,42.900981399380015,5.836674108159938,50.05999534299166,119.80094276273456,0.31440697486812647,165.0,1.2
vacuum_leak,81,4,504.5036019423839,1.6477652941652987,1.520109656024824,False,True,43.115500719453834,11.963354208529779,49.919620132584406,119.3462603999569,0.5179544560804783,165.0,1.2
vacuum_leak,82,0,502.2365611521967,1.8658507207523087,0.6069996285771223,False,True,43.171175704498545,6.993563868653235,50.74195426761416,118.53283123882038,0.4328698195023522,165.0,1.2
vacuum_leak,82,1,503.1945843632199,1.478761102632924,0.5416114448215597,False,True,43.26427449868051,7.536658794385528,50.39935597504242,119.04741020831375,0.5081185834667021,165.0,1.2
vacuum_leak,82,2,500.81046113472746,1.630956272155497,0.2893123461416134,False,True,42.7250761943153,9.793949708904023,49.77574469090456,118.99185762709693,0.5832006618912422,165.0,1.2
vacuum_leak,82,3,506.27280653637837,1.4826567965333852,0.7266225029327007,False,True,43.16489255498736,10.341862802308952,50.25417933086024,119.02581527659801,0.22535057613381337,165.0,1.2
vacuum_leak,82,4,507.3237850897824,1.6881666457299256,1.0826401502290064,False,True,42.78319764773711,5.0585547464056155,50.22010789644318,120.99122804333167,0.5278128050059796,165.0,1.2
vacuum_leak,83,0,504.694740093216,1.5600775463621244,0.4244970285551135,False,True,42.99564965067951,9.06791391762022,49.81704340051404,119.20809087940464,0.36572474902616103,165.0,1.2
vacuum_leak,83,1,503.09419710375636,1.657826878917683,-0.003807140045329893,False,True,43.14591321496898,9.919562867078534,49.1759178135466,120.71974509857368,0.2159307875396304,165.0,1.2
vacuum_leak,83,2,501.39615157130766,1.483071559710171,0.13219774402729811,False,True,43.21400823339827,8.188269142206307,50.392371400156584,119.779798655012,0.44316921933866793,165.0,1.2
vacuum_leak,83,3,500.6572337065335,1.6171699845445517,0.5962111951267919,False,True,43.30524991147579,8.900882467904811,49.920367676792765,119.61920838019097,0.580141299498556,165.0,1.2
vacuum_leak,83,4,502.9788533856015,1.5742222085054935,-0.29373405762984595,False,True,43.203091515349996,6.455708456973605,49.81443195780285,118.62210282106862,0.4711400599389043,165.0,1.2
vacuum_leak,84,0,498.75835650867816,1.4641855935005161,-1.5656898790399814,False,True,42.74422475982682,4.418262658051594,50.053156291960924,118.74751941362106,0.372196003997808,165.0,1.2
vacuum_leak,84,1,493.1737983813259,1.579554878190548,0.9020688874524455,False,True,42.93799375386992,5.9826647222739595,50.32207186243046,119.73971742265083,0.6013368500488114,165.0,1.2
vacuum_leak,84,2,503.9387152486888,1.6676693380937282,1.5086404840610932,False,True,42.943009479028994,7.146584321098235,49.981837569085876,120.01277892677801,0.5126535413604084,165.0,1.2
vacuum_leak,84,3,504.8423607980646,1.5761879815191082,1.1439074681142793,False,True,42.89665458912923,2.991720069730315,49.90275332681245,119.27756120802879,0.44351566124328784,165.0,1.2
vacuum_leak,84,4,500.21266243539804,1.712734138486469,0.6466479231058408,False,True,42.79029234410684,7.601193186365255,50.08415086819601,118.40216263645605,0.3868287913484791,165.0,1.2
vacuum_leak,85,0,508.55089011014053,1.3787540894380859,1.6977501577544105,False,True,42.77343377986201,11.127246168068583,49.96257535921586,119.85134958577736,0.24622790532643363,165.0,1.2
vacuum_leak,85,1,502.55734054295476,1.865603773042321,-0.17719684544429903,False,True,43.021960373686994,6.474087652465299,50.20081192839398,120.06173880457328,0.7202287767938584,165.0,1.2
vacuum_leak,85,2,499.6269080909713,1.7388569687856636,1.2896738145689166,False,True,43.16747465062408,6.360506955206862,50.14700684126817,119.50414966003733,0.37194654497474466,165.0,1.2
vacuum_leak,85,3,500.09702252622134,1.4515120573449112,1.1902660162907956,False,True,43.093299099080326,9.625078666567713,50.296060294227686,117.76490320563963,0.43943974212505565,165.0,1.2
vacuum_leak,85,4,498.8595893102741,1.7128113039566952,0.3626569754550945,False,True,43.15635810699933,3.4425432920214156,49.53313392771986,119.24876244488443,0.4736598944417564,165.0,1.2
vacuum_leak,86,0,504.73921700308455,1.6900709560928433,1.7761571540565666,False,True,42.917719932204456,11.585201198568855,50.482360428046455,119.45110337994308,0.28156907256859853,165.0,1.2
vacuum_leak,86,1,505.9015180176672,1.3738584957564353,0.8146944016277523,False,True,43.045344321404215,3.756751054624978,49.85781974144599,119.46885647576578,0.5819724905650745,165.0,1.2
vacuum_leak,86,2,504.6708726049978,1.7635126396135754,0.5045444728983293,False,True,43.14570952362024,9.531678908756353,50.138744389141856,120.85359433787363,0.33544483341631787,165.0,1.2
vacuum_leak,86,3,496.08956949965113,1.755645928884633,-0.354888657638218,False,True,42.78801298209197,4.884815227534725,49.722161715171,121.00356361839006,0.5904044198312778,165.0,1.2
vacuum_leak,86,4,501.4628425608081,1.5276162906435011,1.0118956366375387,False,True,43.107415830065825,11.298495927034494,49.544767329044106,118.4383186461132,0.3778038349603186,165.0,1.2
vacuum_leak,87,0,501.1806193714065,1.5558220915330179,0.9611474775864636,False,True,42.89396323053428,3.6146315858928837,50.30090915628846,119.35859719500378,0.4827283170777701,165.0,1.2
vacuum_leak,87,1,502.8071615594574,1.5634933865515313,0.7404890256098194,False,True,43.158496873302326,7.959939029189567,49.65397703416287,118.71704840453464,0.5050174602004492,165.0,1.2
vacuum_leak,87,2,504.3600108125158,1.6362546681318333,1.4467008651923958,False,True,42.77584944675925,6.264383416505922,50.35790961727255,117.69795980812884,0.5518531554186494,165.0,1.2
vacuum_leak,87,3,494.3027525531656,1.679286803920715,0.12844114623226888,False,True,43.15822560293423,10.727933638721051,50.60493012577839,119.47204762385508,0.6114771416830851,165.0,1.2
vacuum_leak,87,4,503.65885206804955,1.7094991093807599,0.44609711761442905,False,True,42.92092598476709,8.9417721293124,49.72783241861646,118.6140449481502,0.452682858827158,165.0,1.2
vacuum_leak,88,0,505.6284396423078,1.5556163162045347,-0.22770432823481057,False,True,43.06613551028594,3.5888864737204074,49.75255950264465,118.66268971661968,0.6350408776496379,165.0,1.2
vacuum_leak,88,1,499.316072243728,1.576313579637671,1.1245998359220641,False,True,42.99071493716721,7.8197740249104895,50.39674051779827,119.62026968529604,0.2540492151706365,165.0,1.2
vacuum_leak,88,2,507.14050275226026,1.69763235892007,1.7378876281046025,False,True,43.10568512415043,6.952385911226678,49.48747804360884,118.32225701617513,0.5147218059493421,165.0,1.2
vacuum_leak,88,3,503.55115596191905,1.665635856006855,1.2366694268309475,False,True,42.86687910993322,9.850078836527846,50.28494494616733,119.1755357209233,0.5283767949145335,165.0,1.2
vacuum_leak,88,4,500.0242791328149,1.681865761484789,0.9633912774498843,False,True,43.141492368567164,4.773133852150659,49.959289522546946,120.0112518830767,0.7418218968009668,165.0,1.2
vacuum_leak,89,0,499.8307211450016,1.641870198281595,0.490243900882609,False,True,43.09717770572444,7.884251500914621,50.1070033261288,119.0942997951872,0.45353140206472625,165.0,1.2
vacuum_leak,89,1,498.03737540777456,1.5852090982951543,0.913678118879443,False,True,42.842761925387,7.036549483190104,50.205145391980636,119.77095237119167,0.6275629142010148,165.0,1.2
vacuum_leak,89,2,504.23354725784804,1.414258366827233,-0.1969402444217503,False,True,42.95062724319684,5.176462230492475,49.5892928177183,118.43112840727025,0.6104613599901446,165.0,1.2
vacuum_leak,89,3,492.59176287953625,1.3937527235173035,0.9909912145552526,False,True,43.029300285626164,6.6698226107534415,50.28888919162863,118.5013782838253,0.545263752981484,165.0,1.2
vacuum_leak,89,4,507.1207108874114,1.6904264974152674,1.4381639262466752,False,True,42.81890655419647,5.451362906537717,50.15523730481655,121.56046788565223,0.4397348179893918,165.0,1.2
vacuum_leak,90,0,504.12613859296704,1.7027053408945125,0.23033916240531016,False,True,42.990759438379094,8.624257993601898,50.182018049022446,119.14273258237961,0.41858029518544254,165.0,1.2
vacuum_leak,90,1,502.3533220410466,1.4171211101512964,0.34593657227359775,False,True,43.0945889095954,9.61864385645298,50.371564051862975,118.66610866544372,0.7576286591801423,165.0,1.2
vacuum_leak,90,2,502.83108607979085,1.4871637530927706,0.5839490180741149,False,True,43.09706497422745,12.380373925173924,50.43871217854597,120.50511346144287,0.5367564095800036,165.0,1.2
vacuum_leak,90,3,499.99399483681594,1.6295055530636917,1.2010735193344595,False,True,43.0184750048233,11.654134473857564,49.37696605263972,120.35709047324924,0.44107600697548455,165.0,1.2
vacuum_leak,90,4,503.3953589955275,1.6314267285308601,1.1284287208072223,False,True,43.24624637340462,3.10757649091377,50.48988946831801,119.43275459297617,0.49830737349595694,165.0,1.2
vacuum_leak,91,0,503.30683434049695,1.7175939580059543,0.8526092547424278,False,True,43.13451687235874,10.903388041749302,50.07269189589192,117.1171277919981,0.5141981089379197,165.0,1.2
vacuum_leak,91,1,500.87092594004264,1.4772933218015973,0.24097601299086346,False,True,43.019516611925354,12.6181430075435,49.97163940178718,121.15012372663361,0.6196827361788402,165.0,1.2
vacuum_leak,91,2,511.8967234603364,1.6396398190096761,0.12893180376376856,False,True,43.37339640733052,4.079838371053101,50.35372109414332,120.13508283988412,0.7191050750690502,165.0,1.2
vacuum_leak,91,3,499.25801564280755,1.5558305915442314,0.6994805522653714,False,True,43.045257481110745,7.71868714040686,49.81026409556805,120.78373003109463,0.6531026359034634,165.0,1.2
vacuum_leak,91,4,505.6763442119605,1.5843521834093415,-0.8320814422927352,False,True,42.98968024417935,3.435385746978376,49.343048345160284,120.01692758811693,0.37667371721979176,165.0,1.2
vacuum_leak,92,0,505.7623294399635,1.3960831012537545,1.4940549337471172,False,True,42.89831763819277,5.61633993747876,49.63664000767088,120.50757912478541,0.3638798475667485,165.0,1.2
vacuum_leak,92,1,502.4764096092734,1.4725095844350613,2.3099014036074337,False,True,43.24968425785414,8.911193166711293,49.605615656528784,118.46153823034992,0.621372777863995,165.0,1.2
vacuum_leak,92,2,507.53444064337083,1.568539802788808,0.20927590807990715,False,True,42.70643967136498,4.0659326360483306,49.57034807060592,119.7233566136336,0.6004597290590653,165.0,1.2
vacuum_leak,92,3,501.52264626905617,1.7041008714709898,1.589218725476539,False,True,42.849695260736084,11.446807127583963,49.9021570938884,118.49798129818623,0.4916913470218017,165.0,1.2
vacuum_leak,92,4,500.3594262971148,1.8296796931773356,0.30243266551370995,False,True,42.941159038244415,2.1603201811347814,50.44920838745379,119.00676923029431,0.4874356822993597,165.0,1.2
vacuum_leak,93,0,501.8893992804215,1.597926251269777,-0.0873648225077891,False,True,42.989312771744935,7.8091056226408115,49.27844117425104,118.91937336743376,0.5421324602743409,165.0,1.2
vacuum_leak,93,1,502.686359344295,1.6442277044390892,0.15420928344515494,False,True,42.949949017374934,13.066472540155324,50.54345539231048,118.62163174467732,0.39572999692522526,165.0,1.2
vacuum_leak,93,2,500.8626804144808,1.5841690032777296,0.9180272952595655,False,True,43.21942204002265,10.125202739312844,50.25678824715135,120.55626513526961,0.26378925343228066,165.0,1.2
vacuum_leak,93,3,501.20939701187507,1.524360370985946,1.3724649107296083,False,True,42.98208841831117,5.349261360706151,50.42221544486477,119.16465808429939,0.38353262504647234,165.0,1.2
vacuum_leak,93,4,504.31356859827713,1.5690767798438088,1.2540117507742194,False,True,42.97390807943084,12.16416856381469,50.19423007811535,119.56099660695354,0.6165357947612232,165.0,1.2
vacuum_leak,94,0,499.99745280942227,1.8060038382825911,1.6097242709720276,False,True,43.35443919839841,3.0678822005125,49.871558052874384,120.59000841877632,0.29889324161802316,165.0,1.2
vacuum_leak,94,1,497.5072417264807,1.778917316900419,1.8107748927786338,False,True,43.12914056634499,4.421886353179508,50.48595099519221,118.29856481955598,0.5683032497844694,165.0,1.2
vacuum_leak,94,2,503.73766830713527,1.7354782185814739,0.9000709289627857,False,True,43.33077733034855,8.116865169349895,50.134517514494036,118.70808423933816,0.4219534610941249,165.0,1.2
vacuum_leak,94,3,498.16589714913715,1.5738787737730162,0.4755215218299317,False,True,43.178322633423726,5.526949440675548,49.84605321250909,119.1751310722759,0.5044814085471327,165.0,1.2
vacuum_leak,94,4,500.77709408376035,1.642718150177274,0.46256815083347874,False,True,43.06925413158152,9.950094904084024,50.06748757272939,120.79860362617165,0.5163154916868342,165.0,1.2
vacuum_leak,95,0,502.6177456719252,1.504756508245195,0.365975383140339,False,True,43.29347163253429,7.6881374636043915,50.06104379838972,119.05212727283812,0.41102690416483195,165.0,1.2
vacuum_leak,95,1,502.1062144717522,1.542173342846932,0.02117739307324673,False,True,42.95143282327178,6.445428974942464,49.78273273649715,119.88894128216602,0.4172101586298217,165.0,1.2
vacuum_leak,95,2,501.61527000322405,1.625555922170287,1.4582520609725191,False,True,42.86457074511491,6.607310209518836,49.97546342090719,117.95115162468805,0.6289652588888723,165.0,1.2
vacuum_leak,95,3,499.62264558699405,1.367074663955745,1.0407909554483474,False,True,42.92151508164341,9.688895841130629,49.78334082807995,118.51492424377705,0.5111315678864148,165.0,1.2
vacuum_leak,95,4,509.36152523497174,1.52077250990305,1.2480021203410645,False,True,43.06087795895117,8.38809924374067,50.23116548690022,119.61237761624072,0.6013086556491829,165.0,1.2
vacuum_leak,96,0,507.4149846308902,1.7508579959512471,0.5414295483855711,False,True,42.89449099309023,11.972580379857423,50.022171864679265,117.81130402577546,0.48570268827373114,165.0,1.2
vacuum_leak,96,1,504.067091961084,1.691032125940058,-0.1751579316057581,False,True,43.03446476020131,8.303154444459784,50.47917691115083,119.77591036577009,0.5918858509697629,165.0,1.2
vacuum_leak,96,2,503.94417759120677,1.5496131648353288,0.9031619837627188,False,True,43.069837853500154,9.044705912082563,50.08769932275788,118.00278296163485,0.38490702580753416,165.0,1.2
vacuum_leak,96,3,499.9144072039056,1.7393890622382435,1.0729673131550672,False,True,42.805669433717995,3.5535539837763404,50.12292556611315,119.73379482756552,0.43115334255988114,165.0,1.2
vacuum_leak,96,4,503.0554793120318,1.7846972584763372,1.8057819693653054,False,True,42.90636569913892,9.079162088156206,49.76584161870303,119.34676022226832,0.3760406754023454,165.0,1.2
vacuum_leak,97,0,499.9866316122585,1.5458290920447104,0.15297140632306283,False,True,43.08266899770555,9.8784965613304,50.354506639384866,120.08746392937854,0.37624440891339683,165.0,1.2
vacuum_leak,97,1,501.4202821598082,1.6965812633258783,1.6450656360831486,False,True,42.89023368288107,10.710456855725134,49.83977454995189,119.18442136424272,0.38071000571611313,165.0,1.2
vacuum_leak,97,2,505.4333212028919,1.7491067719899638,0.639249435060199,False,True,43.141150296648746,9.014724018068133,49.81199580964048,120.68153046452781,0.5623612484571991,165.0,1.2
vacuum_leak,97,3,498.85696481657516,1.8647897662541635,1.2685703185019905,False,True,42.952461200290706,10.30853176214131,49.341596705978546,118.817695560958,0.5665847428592988,165.0,1.2
vacuum_leak,97,4,497.21584968271856,1.427229490766607,0.4822276990494571,False,True,43.01680205405712,3.721012656621639,50.03122998533589,118.50470384466618,0.3905373867328561,165.0,1.2
vacuum_leak,98,0,502.30808476192766,1.6392486719636117,0.10844127185398977,False,True,42.89098704583946,7.507440606843931,50.06806636167427,119.52515535837352,0.2926223919077424,165.0,1.2
vacuum_leak,98,1,501.54328438273643,1.5772604051341874,1.3037259589655605,False,True,43.18011160623638,8.605422135589594,50.040449293532426,120.1107807961253,0.40516884945100057,165.0,1.2
vacuum_leak,98,2,502.6251658532044,1.6738781278909656,0.6469545340812658,False,True,43.19231569237184,10.313019414287979,50.135047357335175,120.39774087062504,0.40547777245229466,165.0,1.2
vacuum_leak,98,3,506.42987611851805,1.7825016955826711,0.39400875896654775,False,True,42.76360444817903,8.259046516903666,49.88772166622133,118.51409684132986,0.4754160288953472,165.0,1.2
vacuum_leak,98,4,497.0641246124686,1.6868985943007395,1.1147011493359842,False,True,43.08478498551743,14.804004458934232,49.75844547289034,120.18256489304689,0.6122912037275063,165.0,1.2
vacuum_leak,99,0,499.49860641262677,1.6256832610262772,0.6568064925529078,False,True,43.18314691212466,10.270213771277856,49.90610008930511,117.02731094552207,0.41505306405812376,165.0,1.2
vacuum_leak,99,1,502.4330731489999,1.655412039886873,0.8421559889698704,False,True,43.04718366936191,8.397169325212305,50.10639993664452,119.82267001530349,0.38252053391326235,165.0,1.2
vacuum_leak,99,2,503.4654475461903,1.6119939908692085,1.5593350553943832,False,True,43.2086580113935,-1.9638336167380253,50.01574670661331,119.50307292768753,0.4482472028750385,165.0,1.2
vacuum_leak,99,3,505.6360250693419,1.572834929974373,0.8032700055616382,False,True,42.89955646785567,5.248053770804233,50.401027231939466,120.23898097963537,0.33414196198999413,165.0,1.2
vacuum_leak,99,4,502.05169022260077,1.7472362980713054,1.8607020958280525,False,True,42.98336695397219,9.889288864332851,49.96876064994328,120.67891063579036,0.4427365074848741,165.0,1.2
flow_restriction,0,0,496.2380717945132,1.1732833659076096,0.07675024875458675,False,True,35.079836370795256,8.759340749590299,49.61165618684983,121.23719587097949,0.2631330392113785,165.0,1.2
flow_restriction,0,1,497.5520948327456,1.2546685229599015,1.1852764708798296,False,True,35.06889089021266,13.760019300133393,50.43880068573425,120.61977026046068,0.39952338137076593,165.0,1.2
flow_restriction,0,2,502.06613655158725,1.1212774799746805,-0.05096720091663627,False,True,34.751734375008,7.275312152530914,49.675777394905715,119.87718953668602,0.5023095890943021,165.0,1.2
flow_restriction,0,3,497.029423860009,1.2186795794226986,0.3513392929393862,False,True,35.10465434729701,8.286631316644696,50.72723745778691,118.14804475514,0.411820172845343,165.0,1.2
flow_restriction,0,4,500.23432022215275,1.1121416885038133,-0.03423992788799991,False,True,35.38769766915805,6.418142148858326,50.019022445281024,120.21649196350286,0.6177878909247582,165.0,1.2
flow_restriction,1,0,499.1884637713895,1.1434899382399517,0.4470374051629738,False,True,34.99790191974097,5.53249957138881,50.434494384006726,118.54391988907906,0.6935098127015695,165.0,1.2
flow_restriction,1,1,500.4973322436183,1.3825696729055086,0.17520019361298275,False,True,35.13042294755299,6.152927742134593,50.013266048374355,121.02980093864717,0.5387503725825324,165.0,1.2
flow_restriction,1,2,506.02433850864276,1.4860317962996985,-0.29010553822777774,False,True,35.06820151945105,8.569204112276505,49.693472086079055,119.41205285276047,0.33333066042437565,165.0,1.2
flow_restriction,1,3,498.21317576742695,1.3641476801617383,-0.4201827950215919,False,True,35.04493786832314,15.114552553725938,50.06482540045891,120.24595881984229,0.3853748648331462,165.0,1.2
flow_restriction,1,4,507.7540714834641,1.3440352789737289,-0.32991585291799025,False,True,35.17927895141958,7.406953381077474,50.02200851249091,119.73991887311902,0.4736148997551205,165.0,1.2
flow_restriction,2,0,497.67924519538775,1.3141465753968233,-1.3290650423670713,False,True,34.93051658961637,13.751596239683813,49.79885900227094,120.24242657749676,0.7189976025252366,165.0,1.2
flow_restriction,2,1,500.89144987324056,1.2216878027656684,-0.3743459331410659,False,True,34.727934412433854,3.0914195014178727,49.50394213947465,118.51022304374798,0.40994797894181956,165.0,1.2
flow_restriction,2,2,495.72657234753024,1.4777169273230706,0.5411615420633153,False,True,35.12585811918374,8.219336860736023,50.408695716802995,120.68141836680351,0.5220394489036039,165.0,1.2
flow_restriction,2,3,496.36450553275404,1.4515328435287649,0.6122792828107166,False,True,35.08831373204683,5.521858540403215,49.94595395035,121.84680488091834,0.7392514522862511,165.0,1.2
flow_restriction,2,4,499.64424112982135,1.6321923232346625,-0.34192386594560736,False,True,35.01477752303156,10.619370464892398,49.8062419267585,120.38652789819352,0.5001518620911231,165.0,1.2
flow_restriction,3,0,494.2238691458555,1.2588280211739826,-0.10633753113246032,False,True,35.11058017639502,9.417909411433211,49.966951807374194,118.5377330723055,0.7116519762768887,165.0,1.2
flow_restriction,3,1,501.8039156226599,1.505569601596538,0.5897918696930122,False,True,34.80197751803552,4.004484653688149,50.1880579430766,120.00732842017052,0.5800276761164554,165.0,1.2
flow_restriction,3,2,500.75431819120735,1.225646842523499,-0.14286821718769563,False,True,34.957487957399515,14.07732767297008,50.049391874268274,121.04690472526293,0.5931406233534994,165.0,1.2
flow_restriction,3,3,498.1258522184775,1.2334580457126927,0.08440420643712894,False,True,34.91549412632948,5.0005228155110135,49.85047037566032,120.5716485886013,0.3942244311712909,165.0,1.2
flow_restriction,3,4,497.2582087170668,1.3276435107210174,0.13530635093544743,False,True,34.898911353843694,10.312385031551884,50.12430252393047,121.83321298967576,0.3354541011260599,165.0,1.2
flow_restriction,4,0,506.2667194230625,1.4086369608107956,0.19398884201199623,False,True,34.84807688166187,3.511512532999075,49.82448042793748,120.68477171642733,0.5114735095438014,165.0,1.2
flow_restriction,4,1,500.74640330752055,1.4638043330154933,-1.1966012220308635,False,True,35.06423361929997,6.5583917861936385,50.38972858707077,120.1131146301466,0.4836157135851331,165.0,1.2
flow_restriction,4,2,504.301828638677,1.4589412848814298,-0.7560618994508524,False,True,35.09260288693135,6.273173085320557,49.726270276870196,120.07469248165114,0.528799779253718,165.0,1.2
flow_restriction,4,3,501.57565379372403,1.37237734424679,0.5140853484997557,False,True,35.03339476397225,7.511100863189762,50.193881824972216,120.80069634446066,0.6966892872883937,165.0,1.2
flow_restriction,4,4,496.25561673341105,1.3042019758956083,-0.6314274878846724,False,True,34.890545612398405,9.608150953113606,49.64243501149241,120.12003756415645,0.4660304139604214,165.0,1.2
flow_restriction,5,0,504.6630986224282,1.5531300530993135,0.08285348113779481,False,True,35.070233549252855,6.148798597724529,49.815044584855784,120.33366749710062,0.5706789443079221,165.0,1.2
flow_restriction,5,1,498.87882691496964,1.2755803596690112,0.8381195005992047,False,True,34.932865622373214,5.952281749967969,50.20300991466398,119.81511367178679,0.6941385588538656,165.0,1.2
flow_restriction,5,2,502.7449150581336,1.313454773452597,0.973968471940369,False,True,34.873268146997674,9.655638502071849,49.844612217369146,119.63207747094053,0.6262943859588965,165.0,1.2
flow_restriction,5,3,504.9438061976499,1.3977144347113302,-1.2597772783271757,False,True,35.098165904158535,9.838460876865444,50.27095896202645,117.8635902126764,0.38762483666920117,165.0,1.2
flow_restriction,5,4,502.5114566049983,1.1747879199711235,-0.11481321696131272,False,True,34.826748685584654,10.477115193542009,49.86104933813904,120.63338584010152,0.5934999538295673,165.0,1.2
flow_restriction,6,0,501.6402174956977,1.1384272070282742,-0.11779744100164972,False,True,34.76520411241794,5.68666851035834,50.13150949729145,120.92885332599747,0.6088694809080148,165.0,1.2
flow_restriction,6,1,495.59927365633257,1.2623881682615188,0.7208212979330496,False,True,34.995314920654465,11.768341183056787,50.53723588594755,119.64795876182062,0.6752604197434103,165.0,1.2
flow_restriction,6,2,501.6144938486389,1.4184662592912973,-0.24251126403696185,False,True,34.91313292587525,8.584356696072978,50.13227232849337,119.77373574970258,0.34784027224331326,165.0,1.2
flow_restriction,6,3,502.10647233410793,1.206855591482176,-0.6183822023701192,False,True,35.024592584054176,9.554820740213202,50.14553021370231,121.45321465728655,0.26351909079702013,165.0,1.2
flow_restriction,6,4,497.4795930211732,1.469507927862736,-0.9044671981063034,False,True,34.87852347394877,6.161799381379919,50.35141592571426,118.61716060470081,0.43898919460183583,165.0,1.2
flow_restriction,7,0,502.0083007642487,1.1106808028913124,-0.4738450890287178,False,True,35.06808188323918,4.022901057982786,49.90618716721177,120.57029209340163,0.27272522727691517,165.0,1.2
flow_restriction,7,1,503.18585500607855,1.2622438741419517,0.6641014851101957,False,True,35.175658406815,7.862092531304906,49.60719179824042,119.76349729147509,0.4267424003425642,165.0,1.2
flow_restriction,7,2,500.5272221454271,1.2498788855437237,1.1700261911638148,False,True,34.913954670857485,9.923705505707826,49.95370085527526,120.72036665357528,0.37853165971649405,165.0,1.2
flow_restriction,7,3,501.6567483183262,1.4105414204371374,-0.047554537302206996,False,True,35.095524253131096,7.665148390425289,50.6230677813308,121.12010197170895,0.4824493086081686,165.0,1.2
flow_restriction,7,4,500.2178231732407,1.462395453870626,0.0009159849063341404,False,True,34.938874643174294,5.2422332506855005,50.28085620748244,119.97518145058775,0.5760399133616131,165.0,1.2
flow_restriction,8,0,500.081959072409,1.0016345867789043,-0.46722208064794857,False,True,34.8952615430562,8.950133269659368,50.07686266752423,120.59849512108357,0.31242321583922916,165.0,1.2
flow_restriction,8,1,501.9893550361018,1.1929153796204148,-0.048856959511371645,False,True,35.23305921988246,10.945306144598367,50.30886402094367,120.9265546367138,0.4271871338191563,165.0,1.2
flow_restriction,8,2,497.91073693415797,1.17645201428817,-0.38175864152478994,False,True,35.03820696741415,1.9597522087785402,50.56764606092401,119.55391153517888,0.3691739699079674,165.0,1.2
flow_restriction,8,3,498.49424619359536,1.4468057113587138,-0.9780962718913374,False,True,35.09151761737864,13.007011908415032,50.503336091603174,120.347394185812,0.5453766499049884,165.0,1.2
flow_restriction,8,4,502.54502120183395,1.2600094867567049,-0.6967559136703362,False,True,34.9124997221652,4.933084806158414,49.79040754297395,119.44350739092656,0.34751365440505966,165.0,1.2
flow_restriction,9,0,499.85580259354504,1.2825464870683534,0.18169488294147507,False,True,35.10043705846619,6.745215190563094,50.564948490149725,120.00224123989263,0.5248598747146204,165.0,1.2
flow_restriction,9,1,499.1016682462189,1.361947970024267,1.3447040636530163,False,True,35.20095269166738,9.340405470559666,50.20558775630381,120.54232710211296,0.5538499281731165,165.0,1.2
flow_restriction,9,2,499.3677545946218,1.2373894284874387,0.22877387101898944,False,True,35.12473685774084,9.205341699135051,50.56860464502118,118.98694763137641,0.7020483720922805,165.0,1.2
flow_restriction,9,3,495.09112013652725,1.3679043278025562,0.5906449671728452,False,True,35.1077153783393,9.903174443264078,49.29023238281634,119.53248451541718,0.3984738737337265,165.0,1.2
flow_restriction,9,4,499.58554476633014,1.3461548876888663,-0.3240714145123726,False,True,34.88824361984407,12.389966655621919,49.914269941929334,120.7600494442673,0.4977814905218601,165.0,1.2
flow_restriction,10,0,498.60639532959584,1.4773471154108342,-0.10846408438549535,False,True,34.897665335278646,11.15069621521956,49.59712578880304,119.2847045324714,0.5165462050928772,165.0,1.2
flow_restriction,10,1,498.0838976183951,1.260054913533934,-0.4226008250449385,False,True,35.07870718994598,9.382280107083272,49.8851607592664,120.30303600947721,0.4766668390367226,165.0,1.2
flow_restriction,10,2,501.1274135824098,1.1762808602140837,-0.8142587559467496,False,True,34.95427134991145,6.699775892448561,49.4351543336007,120.90456777344048,0.4875728873150317,165.0,1.2
flow_restriction,10,3,493.89497843441814,1.5917297863033308,0.7615074333616733,False,True,35.11118425909603,7.7861452207607735,50.069879532857755,119.69670106022602,0.38954744871356795,165.0,1.2
flow_restriction,10,4,500.4763498580257,1.1183045970128394,-0.05161188120539171,False,True,35.012918769937976,5.724049415142381,50.03755608604772,119.47144592083836,0.5032411886535517,165.0,1.2
flow_restriction,11,0,501.4139095143166,1.2688472497817436,0.5548830503455371,False,True,35.002402170071015,10.258975243417133,50.27991183077606,121.11352872357817,0.2946846487062201,165.0,1.2
flow_restriction,11,1,494.245981054431,1.3238580806932638,-0.06257466921111089,False,True,34.98960091524011,7.292488761031018,49.59127565856198,119.3765088565479,0.5138242066102606,165.0,1.2
flow_restriction,11,2,501.45703202386983,1.144596364613605,0.650376330453322,False,True,35.04529521828232,8.701885526062522,50.042214497846764,119.07705706226196,0.43319905280084386,165.0,1.2
flow_restriction,11,3,497.3984032610309,1.1783633135933644,1.2108696974810875,False,True,34.95834270246908,16.125563864055266,49.694670771307365,120.16189545265392,0.4319014018531917,165.0,1.2
flow_restriction,11,4,497.5072021033648,1.3882454103430466,0.5697098161700084,False,True,35.18664508081382,7.119798437254389,50.38093401572868,121.01015644418553,0.5047368472912814,165.0,1.2
flow_restriction,12,0,496.757603647081,1.2166239160843662,-0.03508202224941359,False,True,34.81257727135081,7.333590029484511,49.921248010362824,119.3923727149023,0.5173757760510542,165.0,1.2
flow_restriction,12,1,508.921205187026,1.4128628045739782,-0.3883165089421073,False,True,35.199043792634015,9.772813242285793,50.27160634579439,119.25766910501314,0.37185359481527347,165.0,1.2
flow_restriction,12,2,507.06582633561965,1.437201441117148,-0.24565334445965142,False,True,34.967147122296204,10.257698854635036,50.09022922361765,119.65441146684181,0.5733421770900784,165.0,1.2
flow_restriction,12,3,498.91655985921176,1.1725719710038176,0.06672712459488075,False,True,35.10541085322473,11.972035086362224,50.205708335809206,120.95810647477049,0.5214563416291023,165.0,1.2
flow_restriction,12,4,498.39753196077277,1.1305241208944,0.1758198491598249,False,True,34.872511625372994,9.457738676340428,49.503199176468044,119.08239265537438,0.34289426364934544,165.0,1.2
flow_restriction,13,0,500.23585029093175,1.2033808587914399,-0.8117479728907807,False,True,35.11197523952525,5.612097768070272,49.94228125897639,121.99643401462227,0.5108998615281088,165.0,1.2
flow_restriction,13,1,503.319498709148,1.271480187267326,0.5325457505339232,False,True,35.13986871050858,7.471695767509809,49.50013819726589,120.5665597300825,0.6022899514897521,165.0,1.2
flow_restriction,13,2,497.33061137050623,1.2453599195488316,0.13750438385195501,False,True,35.03999215141867,7.490519312568994,49.45141773877365,119.25859688269843,0.5474976204666413,165.0,1.2
flow_restriction,13,3,498.29362452265485,1.6004270722593101,0.11775012936925322,False,True,34.87534714906443,11.212554561965218,50.0577285908323,121.5253324359699,0.5918571318980252,165.0,1.2
flow_restriction,13,4,496.6744612496682,1.1123725472787644,0.17948061113270677,False,True,35.201252419786506,6.065190764673766,49.57577563706775,119.90125673558809,0.317978730072617,165.0,1.2
flow_restriction,14,0,506.3555062062606,1.1731531383514575,1.6396381779367206,False,True,35.22695760698009,10.444814671170398,50.05699392471598,121.74490881184411,0.3847074646740236,165.0,1.2
flow_restriction,14,1,496.16810897855663,1.2712527468902903,1.010487817146699,False,True,34.78616759761678,8.062386250759063,49.767619370912215,119.9495027768028,0.39320904635251086,165.0,1.2
flow_restriction,14,2,503.96627304099354,1.4605432428690188,0.2536759149325585,False,True,34.785091153959456,13.971494928313273,49.72183801221725,121.1423216475795,0.7171437264699138,165.0,1.2
flow_restriction,14,3,501.8987262409621,1.4094635816368544,0.14054590272318027,False,True,34.95273662413172,13.863010266424304,50.19421539317608,120.73546353962406,0.6253372903129969,165.0,1.2
flow_restriction,14,4,502.7477489456357,1.237039458962681,-0.7111716817719704,False,True,35.015628598258864,11.619471957668964,49.9205855425373,119.0677033368425,0.5036618521837418,165.0,1.2
flow_restriction,15,0,503.09046907522645,1.2314874789608854,0.05173337742747925,False,True,35.02729222252977,7.887814588469776,50.11118995130211,120.30177532951788,0.5816766151661638,165.0,1.2
flow_restriction,15,1,497.230889417438,1.2382724881468998,-0.6994659482589408,False,True,35.04486631417148,7.207051108579212,49.735153340191,119.53494011041154,0.6973445075645612,165.0,1.2
flow_restriction,15,2,500.18276852120556,1.3203423300584594,-0.0242024383907224,False,True,34.947333580214455,5.3685721746416935,50.461342156018794,120.22192585138197,0.494839386371773,165.0,1.2
flow_restriction,15,3,502.8215938571589,1.2438990055250452,-0.40184500712386034,False,True,35.02881680777138,6.807874446768279,50.087937484889856,121.09490301355466,0.3805141567442184,165.0,1.2
flow_restriction,15,4,501.3533429507832,1.3378053338412013,-0.5524621365744513,False,True,34.71104685927355,5.267407614044912,50.51228296910935,120.70733772589112,0.36168260896852245,165.0,1.2
flow_restriction,16,0,495.7417457673332,1.2119147479647434,0.34422582675219654,False,True,35.05695689251972,8.431963659948984,49.76849843367244,118.73415613942855,0.3141244428943094,165.0,1.2
flow_restriction,16,1,498.75408286222586,1.2522513643075999,-0.1716985297927525,False,True,34.73115370840375,4.781174836974836,49.602071440223085,120.35651587748997,0.5726283197908765,165.0,1.2
flow_restriction,16,2,505.6333649884809,1.377835768152167,-0.2995073379772351,False,True,35.07466654636866,7.496692389537456,50.02512970917349,120.74365632756995,0.31885365126829956,165.0,1.2
flow_restriction,16,3,496.56972830545106,1.4583818383880738,0.3618536669178228,False,True,34.90561928064105,8.113108035453864,50.49397304123723,121.07893545330046,0.5920974207121077,165.0,1.2
flow_restriction,16,4,501.0876667972711,1.4574715609421705,0.450519170131662,False,True,35.12652224347822,8.432178582946388,49.91692978523499,120.5170482321892,0.6010185922923383,165.0,1.2
flow_restriction,17,0,497.06736523323065,1.3328973447775734,-0.6382634263480659,False,True,34.96630740633022,3.7460334803821196,50.307635886592614,119.62352210274148,0.4227505266878941,165.0,1.2
flow_restriction,17,1,498.95285828327684,1.2526395517648052,0.6604017575250342,False,True,34.87960987268476,7.275837210370179,50.18036230612778,119.17266186922443,0.6422963710108718,165.0,1.2
flow_restriction,17,2,501.55917603791573,1.1952509940041582,0.214077760351513,False,True,34.64911423134063,10.994524927866046,49.986881689083845,119.69390129862867,0.5007319728649307,165.0,1.2
flow_restriction,17,3,503.68001734308086,1.2991052675905226,-0.5355730671646862,False,True,35.22829859676765,5.988303534124276,49.85357357678723,119.97210900330654,0.5731142373216281,165.0,1.2
flow_restriction,17,4,498.31667342529505,1.2758631239557876,-0.5697528271609354,False,True,34.81613474180436,6.67243544518195,49.94566974412584,119.57980747803785,0.4630912604334619,165.0,1.2
flow_restriction,18,0,494.2142666955245,1.4361824428735261,-0.4122051620890917,False,True,34.951609533003165,7.1591031593276675,49.444015628894014,119.97266974163799,0.5107037504463076,165.0,1.2
flow_restriction,18,1,499.8155175700307,1.2419034880588102,-0.7867452347470707,False,True,34.83889404988701,8.366164598335326,49.21640030677778,119.89674799891783,0.612489161217295,165.0,1.2
flow_restriction,18,2,497.36568548888795,1.127667092219996,-0.1480863038231481,False,True,34.84666433220141,5.03869034060888,50.27497287826082,122.42496381476845,0.2946496845439455,165.0,1.2
flow_restriction,18,3,502.7391673374795,1.3214013221066352,0.7912439558320993,False,True,35.04328598115705,8.14396908078562,50.071091017192316,118.85672442432731,0.5104584831598459,165.0,1.2
flow_restriction,18,4,498.9228020989195,1.483194698174856,-0.8506157620012478,False,True,34.9686832791723,10.863715043633235,49.58323988026437,120.04810786612829,0.4798646613033833,165.0,1.2
flow_restriction,19,0,494.1395917389439,1.4577357329248848,-0.03325594179887301,False,True,35.05123115476327,9.656069461606764,50.229933784462936,120.54570125363631,0.5295863901601701,165.0,1.2
flow_restriction,19,1,495.89036989893253,1.2757186415652886,-0.8505366128930412,False,True,35.07875590805664,8.837568763421473,49.188356646486966,120.37764590314657,0.32011604425290374,165.0,1.2
flow_restriction,19,2,498.2575645093687,1.1503318311914563,0.17564711892846943,False,True,35.01861534486074,6.987625652081525,49.56227388208006,120.35964143532829,0.618831036140713,165.0,1.2
flow_restriction,19,3,500.1729545917984,1.388654909510187,1.2979051628505012,False,True,35.02671294591388,7.744043519293558,49.70022950549949,120.43441838575818,0.6285050082421357,165.0,1.2
flow_restriction,19,4,504.47802053757766,1.1313306965156666,0.07652512208595443,False,True,35.18932213444704,10.740221334976358,50.036555114032815,121.31379818423669,0.49036485922199086,165.0,1.2
flow_restriction,20,0,503.5039814919249,1.4753427156783916,-0.3251865516504577,False,True,35.125676357447304,9.395864722462575,49.788582772549866,121.56460967730577,0.38686180642136186,165.0,1.2
flow_restriction,20,1,504.62446749140616,1.3200943834176824,-0.06641132816806194,False,True,35.170328737806166,10.447265819840458,49.8116991252279,120.6620240941636,0.5319222610890936,165.0,1.2
flow_restriction,20,2,502.51611174934715,1.438558152155538,-0.4956207630614717,False,True,35.12268731337635,7.558132919623514,49.62195337375276,120.01628710500422,0.4923490566824022,165.0,1.2
flow_restriction,20,3,497.0632548779074,1.1670566297448342,-0.28074022944147164,False,True,34.80652424869585,12.316258531549241,49.72997445902513,119.70109232757672,0.5081837505436873,165.0,1.2
flow_restriction,20,4,499.3484719259691,1.239326643661433,-0.3890205810639334,False,True,34.96953065947816,9.151017092703842,50.19554142127625,118.92794420161745,0.5902914612881719,165.0,1.2
flow_restriction,21,0,503.9792773112671,1.5958926478780708,-0.1410951489585812,False,True,34.998465888100775,12.007201000423093,49.88555386405275,119.40283648809121,0.4425431441538576,165.0,1.2
flow_restriction,21,1,502.0610430848222,1.26457839854999,0.2935000601781907,False,True,34.876266789964546,4.608663415276625,49.63140036799736,119.47743404811574,0.5266475957709822,165.0,1.2
flow_restriction,21,2,504.44988943057064,1.2752288978452537,-0.13521778114025654,False,True,35.20484125390872,4.866348964589645,50.16885464741971,120.29446991516436,0.5291767896010208,165.0,1.2
flow_restriction,21,3,497.346249464945,1.5071664735891264,0.6864830286526206,False,True,34.774626267016984,11.761351446667266,49.84279799417363,120.80315017904775,0.36289425035624134,165.0,1.2
flow_restriction,21,4,496.38162850752417,1.308998474892335,0.12576698356136204,False,True,34.87924425999909,10.710491332322563,49.97075496153882,120.9034145171892,0.7474862837073055,165.0,1.2
flow_restriction,22,0,502.7032043368943,1.2591465703401554,0.3736290241636058,False,True,35.16595470680977,2.9911917549969447,49.5967850909288,119.49556229315444,0.6849024661945046,165.0,1.2
flow_restriction,22,1,501.6784799591257,1.3524493925013854,-0.5604838070639165,False,True,35.177906329201015,12.71517766285779,50.206501462175815,120.27004488048323,0.7187239876983365,165.0,1.2
flow_restriction,22,2,505.3373293154784,1.3913287252378543,-0.44090955349690775,False,True,34.900518096904726,13.341058032564186,49.65727343990637,119.84008886521751,0.6088822440862481,165.0,1.2
flow_restriction,22,3,500.68481930992414,1.3334229356558485,-0.6359321411174018,False,True,35.153361222657374,9.757904680725215,50.33474867677744,120.6199666096694,0.41086015112183283,165.0,1.2
flow_restriction,22,4,498.9709744487364,1.3612514932217896,-0.20084571888797534,False,True,34.97021672748417,4.310654034970581,49.98313578698203,120.87769679007724,0.5043278771077068,165.0,1.2
flow_restriction,23,0,494.7566777318391,1.3576916405523511,0.10625735326345291,False,True,35.0268282022922,7.501847174800337,49.512609590248566,120.04123761115954,0.44608041513208013,165.0,1.2
flow_restriction,23,1,502.7070122958381,1.1007047182285525,-0.6891061884067918,False,True,35.16508700369207,4.760851251153399,50.33931190302552,120.69075177549888,0.5231455576568391,165.0,1.2
flow_restriction,23,2,497.26390430214224,1.5059120189992912,0.01658340077839554,False,True,35.212382758673044,9.479772834851032,49.74254799200364,120.21654668134752,0.5033356711487693,165.0,1.2
flow_restriction,23,3,501.54238091225216,1.4749317418837529,0.5954137976284717,False,True,35.20022332022074,6.668314737102534,49.41468924852618,119.51642989352875,0.5615670770188617,165.0,1.2
flow_restriction,23,4,499.3724443890029,1.2537470867211122,1.0798515289280999,False,True,35.10428292268258,9.763832289146523,50.14600271257054,120.99526503630426,0.9306420953797132,165.0,1.2
flow_restriction,24,0,502.62653065838145,1.2956041677587151,-0.6529545466921255,False,True,34.9636573735984,8.38435011565014,50.34021113733767,119.3788110324456,0.47065681538310306,165.0,1.2
flow_restriction,24,1,494.807479574144,1.4060524877746121,-0.8129997041191673,False,True,34.98772671620274,5.619374939502636,49.7086719091315,120.77053580162338,0.6554370376421256,165.0,1.2
flow_restriction,24,2,500.81290703789415,1.5176396545150175,0.5321917670536266,False,True,34.92345291547094,6.108995914848491,49.831926070446976,118.83920289896236,0.5126058339922839,165.0,1.2
flow_restriction,24,3,502.13095702443985,1.2493292245057699,-0.22830808216687,False,True,35.01334149635284,8.33071115539321,50.03826241072746,120.25125503316322,0.49594013333288506,165.0,1.2
flow_restriction,24,4,496.3797101931516,1.3248253317316894,-0.34843215236923347,False,True,34.89333425467325,7.894900661488186,49.69316849239182,120.6867301882786,0.5923547687285704,165.0,1.2
flow_restriction,25,0,497.2571728898515,1.2247013191828027,-0.17494350076230333,False,True,34.910867799017005,7.085880011539755,49.84626994758224,120.46408233361595,0.6237925210133441,165.0,1.2
flow_restriction,25,1,499.43084141690986,1.2415880617332549,-0.3300174230448066,False,True,34.92801215517518,6.384363073315666,50.173570729706015,119.68212768588945,0.549474177627303,165.0,1.2
flow_restriction,25,2,492.81115292380247,1.2934339463200508,0.4965226211841095,False,True,35.05546111774449,8.67870799755864,50.331392816996136,120.94254294953934,0.49989442880251894,165.0,1.2
flow_restriction,25,3,501.4481160018512,1.2809327668393324,-1.323262133677521,False,True,34.976682223016844,10.095725896622133,50.10218681214408,121.30171279423361,0.19528760058247147,165.0,1.2
flow_restriction,25,4,496.3254370330535,1.2656432532695263,0.6326092861562369,False,True,35.027678673852805,7.963747493644045,49.61796326168108,119.57937728776156,0.6207720365231117,165.0,1.2
flow_restriction,26,0,497.0557507493646,1.3184152581265947,0.3363338693619831,False,True,35.056188941608184,7.493709391793378,50.27890518118963,119.76471792308172,0.43613998477891347,165.0,1.2
flow_restriction,26,1,499.38272018145426,1.1913468109955465,0.018104478423812617,False,True,34.96498292005192,10.896406918084786,49.82148907881827,120.56552457325994,0.3922204588894864,165.0,1.2
flow_restriction,26,2,498.72081615463986,1.3784927064731693,-1.0562724555867944,False,True,35.181546727012986,10.29636326008855,49.709369283000825,120.20937373414854,0.5346857658552445,165.0,1.2
flow_restriction,26,3,499.3036837683591,1.2555870576538066,1.1451164341615498,False,True,34.87044410875625,8.981182160609977,50.15819838273168,120.02705368975934,0.20372514923226093,165.0,1.2
flow_restriction,26,4,499.74288230828677,1.3833916819348924,-0.8415846996158496,False,True,34.85151201195319,1.7214921763184492,50.22816018103579,118.38927876766738,0.4291620028663603,165.0,1.2
flow_restriction,27,0,504.56040977966705,1.3726997315861003,0.8355416221461968,False,True,34.86507839941069,12.115138612603882,49.96291192399504,119.89693645290917,0.5368315496737973,165.0,1.2
flow_restriction,27,1,500.27761623101384,1.5207857151873254,-0.6542279186182194,False,True,35.08544295905799,8.075295826353434,50.15461420255695,120.81538231241983,0.48560970305934104,165.0,1.2
flow_restriction,27,2,506.98370525798924,1.5470502161650734,0.9634394890419706,False,True,35.177328829889284,3.0839896567819043,50.16153678411379,119.78847869856999,0.5331202648477035,165.0,1.2
flow_restriction,27,3,505.03413212069296,1.1205638289623459,0.328810438453713,False,True,35.372068929148725,10.278487924516963,49.91192502921842,119.69847699534718,0.34380527643348335,165.0,1.2
flow_restriction,27,4,499.9399129172239,1.335623546496253,-0.40328109396546247,False,True,35.17529249355253,6.906589392931028,49.6912463730962,118.1218012430422,0.54275031950356,165.0,1.2
flow_restriction,28,0,499.4086561168549,1.4850587140455163,-1.2763147751304063,False,True,34.9353259026409,9.279193662352867,49.61370639930893,121.75830415521317,0.6807271107474775,165.0,1.2
flow_restriction,28,1,498.9519488250058,1.158771647659349,-0.8096293843617302,False,True,34.9622033426728,8.89588097883194,49.873935465375745,119.5668055711465,0.49726637836646603,165.0,1.2
flow_restriction,28,2,499.72562930126173,1.2696038958009996,0.12259350126189027,False,True,35.00297309426464,8.356100882980332,49.9727633987043,120.49320696019886,0.605915015075095,165.0,1.2
flow_restriction,28,3,500.7851733729322,1.3790749975257381,-0.31079232909203264,False,True,34.855814543761234,9.799597743700948,50.447597783784175,117.73289464585964,0.4267262808500476,165.0,1.2
flow_restriction,28,4,503.6816906088976,1.3304950053264684,-0.49211878251707725,False,True,35.02850031350248,4.459443981865632,49.946162840471516,119.82386097839276,0.562332084188087,165.0,1.2
flow_restriction,29,0,501.8611403460498,1.1202124511416296,-0.6367238889497377,False,True,35.128958794328085,9.750761253089873,49.90031371086375,119.99237022531311,0.3199373471355371,165.0,1.2
flow_restriction,29,1,502.89107267603765,1.2984680235609742,0.16245928718995326,False,True,34.628234291001284,9.558579135570314,50.4623461477873,120.19976772623632,0.6831029776076336,165.0,1.2
flow_restriction,29,2,495.48196297991024,1.2804478314697794,-0.8091551113668106,False,True,34.912930509737805,2.95722431057212,49.85734472501892,120.55793568153014,0.6695181502625214,165.0,1.2
flow_restriction,29,3,501.7199388835622,1.3124519758609872,0.5694259576766905,False,True,34.772070845018845,5.512203937306328,49.85733123967854,119.07584697579611,0.4620736755141607,165.0,1.2
flow_restriction,29,4,501.40811726441615,1.3334147966813767,-0.3247425047544401,False,True,35.09601908236694,8.620215453590395,50.27992150671865,121.73576948658493,0.47692765345374105,165.0,1.2
flow_restriction,30,0,455.49791600376426,1.4613713427932447,1.0758110466128765,False,False,35.09426564732358,10.636726878962957,40.338548168878624,129.26584039395078,0.4077156386635931,165.0,1.1846153846153846
flow_restriction,30,1,461.9450540984587,1.292357796212583,0.04998518114928979,False,False,35.15065198806898,9.47229057427156,39.91656325862898,130.83482692024603,0.5367142476294884,165.0,1.1846153846153846
flow_restriction,30,2,457.8819358775461,1.6990413065853733,-0.7280230397728659,False,False,35.21897632658655,4.880944755776426,40.0491727418964,131.56197252152347,0.5114057573102012,165.0,1.1846153846153846
flow_restriction,30,3,459.9459179935686,1.4928648145544692,0.24789162748359234,False,False,34.99335614091995,4.0317230402851845,39.8732989950813,130.31984132103298,0.578467484707394,165.0,1.1846153846153846
flow_restriction,30,4,462.3082953519183,1.6641547808044368,0.9953974855084703,False,False,35.00326578930397,7.29410703352521,39.85549839038504,129.0459109003734,0.48905757522573673,165.0,1.1846153846153846
flow_restriction,31,0,460.08302355281035,1.434078256394102,0.40197352012088167,False,False,35.23751806705081,6.433410496447511,39.62438593142385,129.03212232817864,0.6852272417928039,165.0,1.1846153846153846
flow_restriction,31,1,459.15555118267855,1.613503653414015,0.4258507489227986,False,False,34.950594687472055,2.349943197595838,40.18645300525065,129.09765844850386,0.4193014576584836,165.0,1.1846153846153846
flow_restriction,31,2,465.00990267970894,1.6998108144750468,0.1285837720642319,False,False,34.86445785734889,5.3310883521732215,40.18109009314513,129.69198200497522,0.5391697309290918,165.0,1.1846153846153846
flow_restriction,31,3,461.08420114384614,1.5787205934391,-0.2571199769150611,False,False,34.926372005718164,8.730599529260532,40.13353157633816,129.54966358238016,0.3752077804207293,165.0,1.1846153846153846
flow_restriction,31,4,460.2908515495411,1.458328797131182,-0.5775043032882162,False,False,35.16761390428515,10.84914402478638,40.232552676232096,130.3533368925153,0.6680570467485406,165.0,1.1846153846153846
flow_restriction,32,0,463.05917812055344,1.539364193153059,0.08753238497798557,False,False,35.018760693852236,6.121813830660703,40.37561442882492,130.3726353151784,0.6469514656586988,165.0,1.1846153846153846
flow_restriction,32,1,460.93868988399737,1.4148964587009982,0.667929592615007,False,False,34.86591339733009,8.269369320672038,40.263349150075925,130.0564009731205,0.42491105446429117,165.0,1.1846153846153846
flow_restriction,32,2,455.5415766995001,1.2000513603234664,-0.5272968168696601,False,False,34.857261266907216,7.951934184974449,39.63252587542361,130.49982199710803,0.5417632966338944,165.0,1.1846153846153846
flow_restriction,32,3,457.13538506952955,1.4285036595666643,0.5398790385781734,False,False,35.138670116658474,8.429647724832428,40.33061857925268,128.66670811036548,0.43517578784812716,165.0,1.1846153846153846
flow_restriction,32,4,456.55514837857777,1.4361405351735823,0.595116433425446,False,False,35.00651264466278,4.83633661098727,40.461944154259996,131.71304559298918,0.4386338471042558,165.0,1.1846153846153846
flow_restriction,33,0,458.06765171665927,1.6342811411850628,0.21680975196141747,False,False,35.05749065142864,4.812252876441878,40.17719859387301,131.00786129301687,0.4329053981816224,165.0,1.1846153846153846
flow_restriction,33,1,460.2617383091367,1.4593288139361775,0.014117277821939118,False,False,35.09129317544262,11.726613664033454,40.38653559229763,129.38429584335543,0.33063444229530087,165.0,1.1846153846153846
flow_restriction,33,2,462.49328991836956,1.615234015609762,0.15609640281842072,False,False,35.197877521423486,6.561897167727927,39.986561041761476,130.39422679103308,0.4408350734408382,165.0,1.1846153846153846
flow_restriction,33,3,460.13394197256736,1.407880928265051,-0.6506184812194591,False,False,35.16739587545755,6.635980322280523,40.65036611477711,131.265209928774,0.5396984024110273,165.0,1.1846153846153846
flow_restriction,33,4,459.2986777205673,1.5646550193080262,-0.8531020635721085,False,False,34.927582618925584,8.392603333751989,40.06254105808309,129.44043999114086,0.3979400861945448,165.0,1.1846153846153846
flow_restriction,34,0,461.03927298536695,1.4961554675147875,-0.619204292237059,False,False,35.09323327384065,12.983242875772287,39.9979154707668,130.10970794219034,0.7130918199482598,165.0,1.1846153846153846
flow_restriction,34,1,456.7497669877629,1.4679590587374092,0.7453831905240494,False,False,34.97214979461497,11.048510923393035,39.85309724503062,130.13584115930928,0.613475040767097,165.0,1.1846153846153846
flow_restriction,34,2,457.0007629558858,1.427008656294502,-0.8486436528241393,False,False,35.13880552924273,7.411251311413686,39.77939558378347,130.5300141734731,0.34552476308784597,165.0,1.1846153846153846
flow_restriction,34,3,460.72251150413507,1.3305006171875626,-0.27253211852977904,False,False,35.014009582169464,13.080287869198099,39.74891262972532,130.43602994211136,0.3346113707901789,165.0,1.1846153846153846
flow_restriction,34,4,465.75353282168163,1.5405417392651257,0.549855935440445,False,False,35.05992826925504,7.481386802045599,39.82810167390762,128.96890823107034,0.370348771746702,165.0,1.1846153846153846
flow_restriction,35,0,462.3849263639128,1.5538342477847369,0.9454401333734634,False,False,35.14911867181065,4.9060428973015835,40.43820880239882,129.83392836154056,0.4393189822154296,165.0,1.1846153846153846
flow_restriction,35,1,468.28531390050557,1.540151006841476,0.09831078779412866,False,False,34.94848675790106,7.715299825265245,40.11467746596842,131.7991533054759,0.6321718184019963,165.0,1.1846153846153846
flow_restriction,35,2,462.3553271156761,1.4497339782477803,0.3545439378262187,False,False,34.96813751881806,5.495878027235417,40.18280209892593,129.29196845451398,0.4582289852883254,165.0,1.1846153846153846
flow_restriction,35,3,464.58803137090035,1.3403034730585,0.9010200881602126,False,False,35.07934013366436,4.853701336717517,39.69730844503304,130.32239734270152,0.6563644537201723,165.0,1.1846153846153846
flow_restriction,35,4,457.3063291090836,1.4009497520363356,-0.4118611531700718,False,False,35.31373721729541,4.189922537020218,39.24025470046959,131.9011722620501,0.3840200469856446,165.0,1.1846153846153846
flow_restriction,36,0,466.69224632482616,1.628493965748962,0.966967904407698,False,False,34.928453519035585,9.496631650918976,40.04687792565484,128.8104397471651,0.6225319798936793,165.0,1.1846153846153846
flow_restriction,36,1,463.04189680808906,1.3696774226674464,1.0441586012239514,False,False,34.955441805283634,13.330178716959406,40.06041651762607,129.73051382343334,0.4459228655324394,165.0,1.1846153846153846
flow_restriction,36,2,458.9117263939924,1.6814437526081252,-0.40419386003649876,False,False,35.090138795304576,4.442219733828653,39.94468994044528,129.01033364103526,0.4963155246548966,165.0,1.1846153846153846
flow_restriction,36,3,457.10778320762745,1.3650135838732198,0.0194003860081578,False,False,35.06892333265615,12.03407666166622,40.41855673140525,129.13466877701268,0.2713634370605389,165.0,1.1846153846153846
flow_restriction,36,4,469.8773657940233,1.355878205996684,0.020294690310742387,False,False,35.03258737022791,2.329794092333305,40.198542176334556,128.6137308380443,0.3636537821118755,165.0,1.1846153846153846
flow_restriction,37,0,457.31915593591873,1.5140964806992123,-0.5957397244902402,False,False,34.95290528229837,6.03377739878011,40.396389465213645,128.24227188393075,0.5050488793517541,165.0,1.1846153846153846
flow_restriction,37,1,459.8357567404632,1.3996843861259118,0.5380855416268688,False,False,35.138670457279844,10.149561964886946,40.30135922581482,131.12347032488856,0.4254352443265458,165.0,1.1846153846153846
flow_restriction,37,2,459.27595538099706,1.3087069014628463,-0.6930971988689658,False,False,34.87418872835904,5.6738845717482045,39.95477126889764,129.2429367930867,0.5545159053300388,165.0,1.1846153846153846
flow_restriction,37,3,462.19832159288006,1.4574903953950789,0.931189742520887,False,False,35.1962637256588,7.221646794451525,39.98603768161881,130.01571833612707,0.6341157140004049,165.0,1.1846153846153846
flow_restriction,37,4,457.0345759297674,1.4554899040928513,0.8340739271093484,False,False,34.835601937183334,6.638697561892785,40.11735826355686,129.5025782060307,0.4618728652441746,165.0,1.1846153846153846
flow_restriction,38,0,467.6659383958517,1.5646977936397435,-0.20908283018365126,False,False,35.224181682321785,8.502440455459054,40.54581249226465,129.2871173831293,0.3522661563440366,165.0,1.1846153846153846
flow_restriction,38,1,458.5089657113995,1.5620575938362757,0.3399190852724891,False,False,35.07296944685343,8.436187900703167,40.18137393244557,130.82974294688444,0.49043458424844527,165.0,1.1846153846153846
flow_restriction,38,2,453.1131472061765,1.572906652053388,0.10585044702542785,False,False,35.194093157637944,3.9664219560822174,39.57406203121895,129.41919794187353,0.4321140161252047,165.0,1.1846153846153846
flow_restriction,38,3,465.3112730638107,1.2601191247046226,-0.18227624393801337,False,False,35.0500733814226,7.778830305646298,40.294893568796084,130.22033585734104,0.4318178881563632,165.0,1.1846153846153846
flow_restriction,38,4,461.1109409563839,1.4469500792024446,-0.16441140262020168,False,False,35.21631830548221,8.745537225181543,39.81211494264077,130.13258694735003,0.40385225221274784,165.0,1.1846153846153846
flow_restriction,39,0,461.35714008049445,1.3465086000090152,0.536034665572607,False,False,35.19439703757507,8.641099948583973,40.240674671064774,130.25845543934545,0.469562214410621,165.0,1.1846153846153846
flow_restriction,39,1,460.6751278911898,1.3542313793855114,-0.7714827507171449,False,False,35.09903616923805,3.3161116306740137,40.044305559358754,128.44952814009292,0.550201107484099,165.0,1.1846153846153846
flow_restriction,39,2,456.90756533003577,1.281912834820472,0.1182931873415886,False,False,34.993098263415206,2.766965887129209,39.80922873885988,130.43542214257405,0.23199290346654877,165.0,1.1846153846153846
flow_restriction,39,3,463.30500386917663,1.5837230899627865,-0.4616468591351293,False,False,35.087931977014385,1.1461602399359636,40.67394378389447,128.68741861615243,0.45620297840940965,165.0,1.1846153846153846
flow_restriction,39,4,462.6857296726405,1.3191255227940368,0.7017324856529844,False,False,34.99368320730744,7.745035942124093,40.42231959740901,129.93372054865586,0.6665371400407331,165.0,1.1846153846153846
flow_restriction,40,0,461.12188632813667,1.6321651142041806,-0.05428763747346721,False,False,35.215074264608255,3.279051203238277,39.495166248638654,130.13530952139976,0.43160746917386816,165.0,1.1846153846153846
flow_restriction,40,1,460.79229188665823,1.4828993611495311,-0.013820989554417271,False,False,34.81886421488445,10.925449580973716,40.06462713362749,129.2403387149935,0.308311969442836,165.0,1.1846153846153846
flow_restriction,40,2,458.17666595128355,1.4256512041911291,0.9432024265360418,False,False,34.83622326818556,11.171990981088127,39.40041267546499,131.7669080270589,0.6446164055236479,165.0,1.1846153846153846
flow_restriction,40,3,462.78181478539074,1.533884433303867,-0.22196636838694014,False,False,34.877161085739786,3.4679136149102137,39.96587104759162,129.95255585636824,0.6411316391551646,165.0,1.1846153846153846
flow_restriction,40,4,458.28265500283095,1.2634934756467198,-0.9005169811413327,False,False,35.290344665262246,13.23226763396634,40.31015160422612,130.07121567021304,0.3118369828119475,165.0,1.1846153846153846
flow_restriction,41,0,463.2696812435084,1.4969935681921855,0.266270375525393,False,False,35.107136654481074,7.9109968655998895,39.97886362039682,128.4982676590645,0.28091134343502366,165.0,1.1846153846153846
flow_restriction,41,1,460.8059786333994,1.4760559310559558,-0.5968273185756935,False,False,35.08884914106146,9.428893282906083,39.770398383614825,131.63446207523089,0.32593340845054,165.0,1.1846153846153846
flow_restriction,41,2,463.10511431011605,1.562034309615118,0.35967904769875786,False,False,35.12582725350045,9.901450416243632,40.01556624766911,130.42280831094413,0.580835915522575,165.0,1.1846153846153846
flow_restriction,41,3,461.5445213686374,1.4827611016970292,-0.2566396906682271,False,False,35.0696502150391,11.014300389804454,39.71115300526969,129.44321083405404,0.478209735576735,165.0,1.1846153846153846
flow_restriction,41,4,457.1193618965389,1.39179912156219,0.14110200405596596,False,False,35.11987123763787,3.8987816967287605,39.96442804341247,128.60842379948258,0.5847593871080986,165.0,1.1846153846153846
flow_restriction,42,0,458.6026684297098,1.4285379799828914,0.6742132152739101,False,False,34.99515021926046,5.447306583695212,40.33692202709178,130.782507580873,0.510558848500399,165.0,1.1846153846153846
flow_restriction,42,1,463.64273463818245,1.6306648550054834,1.4159317538350438,False,False,34.909347257774456,3.157837582643266,40.31496249337538,129.82055789380883,0.357581422430205,165.0,1.1846153846153846
flow_restriction,42,2,460.2801495391948,1.4270567311345441,0.15425071647971825,False,False,34.9435663296023,6.95609491090171,39.83307040217235,129.71567581869374,0.4847058990846536,165.0,1.1846153846153846
flow_restriction,42,3,460.8695297527386,1.3928188337787648,-0.02050327523790927,False,False,35.04475961160583,9.4746248025461,40.13813291649851,130.55350715389898,0.6120867164032132,165.0,1.1846153846153846
flow_restriction,42,4,455.05139120722384,1.4854092063129523,-0.553760947310499,False,False,34.7993798323143,6.202531373227901,39.964302059687995,130.52930980515768,0.5542847885785783,165.0,1.1846153846153846
flow_restriction,43,0,460.09468080424176,1.6082099335518099,-0.5930247334852008,False,False,35.15280272995226,10.851799219889264,40.58869804406241,130.4932293086946,0.6715751528845366,165.0,1.1846153846153846
flow_restriction,43,1,462.33385442721095,1.2528970989559158,0.22959910289649096,False,False,34.943191706896584,2.248973740276493,39.73682058197458,131.30124313720245,0.5795345370815612,165.0,1.1846153846153846
flow_restriction,43,2,458.5206029026219,1.3939544252056653,0.595551236435513,False,False,35.04210562965525,9.490835085146701,39.85286171745187,129.8738632752059,0.6223505957838762,165.0,1.1846153846153846
flow_restriction,43,3,461.41546312914124,1.4943666937448183,0.09719194511344144,False,False,35.23387855658423,7.576223691008892,40.26997452141406,130.43760653653123,0.5779345953875971,165.0,1.1846153846153846
flow_restriction,43,4,461.4793705554343,1.4778819219520645,-0.3217751393375084,False,False,34.96191131642524,4.306776073492479,39.75365789128611,128.01594471963304,0.49782684830727814,165.0,1.1846153846153846
flow_restriction,44,0,468.9945375945291,1.3907497990218007,-0.2809293561325783,False,False,35.103976489750764,8.785934364607455,40.028154773622184,131.22421921173225,0.2721029258503517,165.0,1.1846153846153846
flow_restriction,44,1,463.6461093903706,1.7201065382142489,-0.45365485688943014,False,False,34.763253251357085,3.477662376908481,40.221339845054764,131.03272323173186,0.5104840710240606,165.0,1.1846153846153846
flow_restriction,44,2,460.1646725582063,1.4105399191619306,-0.6173348239976576,False,False,35.0204616761358,1.7233665525314699,40.13384921438113,131.19061904752883,0.5639841802036119,165.0,1.1846153846153846
flow_restriction,44,3,463.83486319674466,1.2024668451156542,-0.22915013270674775,False,False,34.895502654569604,5.211156646190259,39.861693008099365,131.62892215230758,0.45049506835109143,165.0,1.1846153846153846
flow_restriction,44,4,461.0272733112822,1.5427430794983716,-0.2118537209490066,False,False,34.88265674056077,2.058633859938774,40.24755146644836,129.42033257903316,0.5142136032781366,165.0,1.1846153846153846
flow_restriction,45,0,464.5676050927159,1.4155685641761846,0.07937418415177887,False,False,34.941342595654596,3.438006338793418,39.631443902696226,130.51734838867387,0.41056873027625884,165.0,1.1846153846153846
flow_restriction,45,1,460.72431359759526,1.416049507503686,0.4403786244858893,False,False,34.85875902782047,8.68321219199121,40.73030927864286,130.50401367948461,0.7213000513866582,165.0,1.1846153846153846
flow_restriction,45,2,459.32207338347894,1.5691997620450158,0.34281204287611255,False,False,34.971780866704265,11.07935866899336,39.404835810604666,130.18769801119916,0.3452254327768587,165.0,1.1846153846153846
flow_restriction,45,3,463.2779363450773,1.557909783694275,-0.5517978765411576,False,False,35.12818990654878,9.134191842016744,40.03187535711462,130.1682850301133,0.5221434222015491,165.0,1.1846153846153846
flow_restriction,45,4,462.18232960042553,1.3365453520233452,1.3440641481106346,False,False,35.22543085587968,0.672557631418373,40.057813262551754,130.29663977106222,0.3930599403820134,165.0,1.1846153846153846
flow_restriction,46,0,465.2672574196597,1.6251509222842513,-0.22429403026396136,False,False,35.184399434592365,8.11161738969473,40.0578412187555,129.14772210720648,0.4477790520557218,165.0,1.1846153846153846
flow_restriction,46,1,459.0537892964206,1.4905223905339415,0.433750228058179,False,False,35.04600746409917,5.4285505357242805,40.34991958402644,130.43897855032958,0.4833359872167332,165.0,1.1846153846153846
flow_restriction,46,2,459.2283274651863,1.5743563401778955,0.044567136191369934,False,False,35.047042729239166,11.108416568418317,40.10622445784644,131.28343411488854,0.405569472979317,165.0,1.1846153846153846
flow_restriction,46,3,461.61689300409864,1.5942880747412,0.764030189762947,False,False,34.80351620607286,6.7205623440015945,40.51728347984515,128.26679278801018,0.5537159998242331,165.0,1.1846153846153846
flow_restriction,46,4,461.6840581261767,1.4622354951122798,-0.3751925854319281,False,False,35.40874726158816,10.753686537075785,40.00533190332461,129.5002107006564,0.5378923748183818,165.0,1.1846153846153846
flow_restriction,47,0,455.63859824138774,1.4490407199656217,-0.05880119748512372,False,False,35.15706720319352,3.0660035252144224,39.77669545859891,130.37786376155117,0.42348238829238966,165.0,1.1846153846153846
flow_restriction,47,1,456.70454807418696,1.536880205237844,-0.3776938404620584,False,False,34.939458847608584,8.305346630594483,39.891794983985356,129.4036994877035,0.8364327899572421,165.0,1.1846153846153846
flow_restriction,47,2,460.4260790696268,1.4151996601970518,-0.061704627442128346,False,False,34.988502894712724,8.40324920513768,40.45344114641449,130.83881154457535,0.6919632480264388,165.0,1.1846153846153846
flow_restriction,47,3,465.47823696588796,1.3834651919916008,0.391229046666398,False,False,34.93947112853228,13.848265066478985,39.95526343949371,130.35794233662753,0.5256136285775413,165.0,1.1846153846153846
flow_restriction,47,4,467.6111065113258,1.5968078336006428,-0.2206573057508844,False,False,34.944653871631154,6.086508576321782,39.688106259860035,131.12620747574792,0.5689498631720339,165.0,1.1846153846153846
flow_restriction,48,0,459.65888709363117,1.69271822028317,1.1365042361985025,False,False,35.03298277577952,14.758928786060894,40.391730975260316,129.9009742553833,0.7633704061133681,165.0,1.1846153846153846
flow_restriction,48,1,459.685055389445,1.4110980364800587,-0.9867762778137534,False,False,34.99781010828359,12.09245737890041,40.28359284802856,128.94184524564022,0.503652849417133,165.0,1.1846153846153846
flow_restriction,48,2,458.7740000283924,1.4603972789882087,0.67062668969638,False,False,35.02059150750462,8.106647067884165,39.690278344485385,131.61647465310187,0.34588491071486277,165.0,1.1846153846153846
flow_restriction,48,3,465.4164042645712,1.3397176642860489,-0.5687103140647822,False,False,35.309681660444134,3.2075155478888036,40.05050729235445,131.6266466161257,0.6468223391320999,165.0,1.1846153846153846
flow_restriction,48,4,459.799307002816,1.4987535290943435,0.43230641487528665,False,False,35.1146209485936,9.35638909239834,40.118597628198444,130.39829380015058,0.5098500886621181,165.0,1.1846153846153846
flow_restriction,49,0,459.6980846275887,1.4404930118810626,-1.9282724354207215,False,False,35.097208114378866,6.83148918009895,40.099141526829655,132.0586755635487,0.6298204072013297,165.0,1.1846153846153846
flow_restriction,49,1,456.3929906050812,1.3926327571649382,-0.3425670060967641,False,False,35.103613428314475,9.735031506800965,39.99688812804741,130.00828576363472,0.3670749649377001,165.0,1.1846153846153846
flow_restriction,49,2,462.72677081183997,1.3843949777130062,0.7302221039215001,False,False,35.214543413124105,6.496582276290965,39.72318657809431,129.47604070908113,0.4348962570048496,165.0,1.1846153846153846
flow_restriction,49,3,461.59726241436755,1.5012445481987557,0.10814000488182528,False,False,35.07134031216122,5.1887450962301,39.81048136927587,128.3109269761182,0.4609147089240205,165.0,1.1846153846153846
flow_restriction,49,4,460.5833963578647,1.3951459924719287,-0.5663364687887275,False,False,35.24945222515703,5.868444892696914,39.865741891736164,130.63783185954134,0.3057837939340171,165.0,1.1846153846153846
flow_restriction,50,0,459.2789596780001,1.2365082872511706,0.3608689253516191,False,False,35.01446358216108,5.2536275981593255,40.12204894275355,129.5041004339964,0.36092823848771416,165.0,1.1846153846153846
flow_restriction,50,1,468.0570728742519,1.437254879537025,0.14585628514307467,False,False,35.11485297216151,10.287976946926879,39.716308306899926,131.38896772670566,0.7831653415918445,165.0,1.1846153846153846
flow_restriction,50,2,468.4716159271567,1.576522045712855,0.38297223610519604,False,False,34.82648765670775,11.162416038287212,40.1149021524436,130.8007875630054,0.43793384472316654,165.0,1.1846153846153846
flow_restriction,50,3,464.7813141906339,1.370862112076881,-0.4656863459016724,False,False,34.911688052118905,2.9018363629064954,39.77958560956086,130.82759557939653,0.7499263738979578,165.0,1.1846153846153846
flow_restriction,50,4,466.4451829591413,1.3064678143487523,-0.4329271817364927,False,False,34.905255990054584,5.731712265087507,39.785855046416565,130.3597512459395,0.3803992842791879,165.0,1.1846153846153846
flow_restriction,51,0,457.47206024228285,1.7041593846198784,-0.8442157271918801,False,False,35.121214100109434,11.402906081015447,39.815933899175775,130.76617573553273,0.6205844639778111,165.0,1.1846153846153846
flow_restriction,51,1,465.26946972764864,1.5120101813329163,0.5219449807511366,False,False,34.96857894020627,10.210134829243668,40.102992536611644,130.08570147118232,0.5087508165948378,165.0,1.1846153846153846
flow_restriction,51,2,457.8235552750101,1.5607413130225554,-0.24693341570263888,False,False,34.77212401889649,6.155684249908564,39.8835896977149,131.2755795931371,0.5151899992453479,165.0,1.1846153846153846
flow_restriction,51,3,466.0637080651594,1.6988253634589339,0.9521887778993847,False,False,35.03111273306303,9.205428202163564,39.82531821859299,130.815484164273,0.6267526658419722,165.0,1.1846153846153846
flow_restriction,51,4,466.64902576936515,1.3850380271149303,0.06882986048420582,False,False,34.8906145766563,10.860271552523153,40.08008781531369,130.3359530079672,0.4456544378966643,165.0,1.1846153846153846
flow_restriction,52,0,461.13018171544417,1.6438287243641696,0.10157407994475859,False,False,35.000740938923364,10.367428958916602,39.53455524051274,128.66842330349164,0.5963176378406913,165.0,1.1846153846153846
flow_restriction,52,1,464.1994518371511,1.6192546394529823,-1.0244999133773243,False,False,34.982444842061426,7.23047796465746,39.57506767203422,129.3070112383973,0.5024991128218023,165.0,1.1846153846153846
flow_restriction,52,2,460.5031241996845,1.6296929018594721,-0.10428411014967905,False,False,35.25172342687797,8.893890588384734,40.15940124825474,129.42315286076874,0.5430064491192865,165.0,1.1846153846153846
flow_restriction,52,3,460.36094587470615,1.4559132445713736,0.02701273922786975,False,False,34.83001701451304,5.195732400159956,39.52384274114762,129.22407043129868,0.3308179251772968,165.0,1.1846153846153846
flow_restriction,52,4,462.51874846721887,1.674282636191675,-0.14210208768316368,False,False,35.180353944977334,6.2088296718157565,40.10261249640869,131.0539544474727,0.6361139888795126,165.0,1.1846153846153846
flow_restriction,53,0,461.4894877392777,1.494132331783843,-0.0768593076887884,False,False,35.21916163666942,11.77595715862257,39.849630597498006,129.90885161401982,0.45222938920280864,165.0,1.1846153846153846
flow_restriction,53,1,456.9560213912622,1.4716513392772181,-0.716180239343001,False,False,35.01604304147804,3.8562120438018948,40.62826889885128,128.87469715046782,0.34038302214904514,165.0,1.1846153846153846
flow_restriction,53,2,467.48034039206334,1.444901594799439,-0.11721575246765165,False,False,35.09963167744234,8.967381162273362,40.221889287219426,131.11415220022133,0.5197460947764584,165.0,1.1846153846153846
flow_restriction,53,3,471.3534789972454,1.5265733280603984,0.5717241528357757,False,False,34.91276760591006,5.263793802720556,40.043967111579896,130.7530221638084,0.6478415555449469,165.0,1.1846153846153846
flow_restriction,53,4,459.16632618366253,1.4927672081982133,-0.41698169618263925,False,False,35.017027578072536,6.059562059766817,40.026674498963786,130.46977063793796,0.5370634733239399,165.0,1.1846153846153846
flow_restriction,54,0,457.2229251765855,1.4918874734075842,0.6976337966167432,False,False,34.830026396080534,9.802269042902951,40.0632751760452,129.67953109115467,0.5472252849584776,165.0,1.1846153846153846
flow_restriction,54,1,466.2622155697718,1.5334738283808667,0.29120873305728606,False,False,35.22640176546934,6.420769050808913,40.28210837115752,129.68029355376845,0.5428197539003542,165.0,1.1846153846153846
flow_restriction,54,2,464.23045311519707,1.4005687950659864,-0.6821398088126397,False,False,34.97695015152949,5.5244496412391,39.76853317363387,130.90576981691632,0.3851007243864226,165.0,1.1846153846153846
flow_restriction,54,3,457.12003042986504,1.6092315699308322,-1.5038511494763793,False,False,34.93063590432792,6.618235020277844,40.35130692997379,130.74559390698468,0.3111777131788178,165.0,1.1846153846153846
flow_restriction,54,4,458.6207865500416,1.4874874155386646,-0.22750563491189035,False,False,35.229031330609,9.208644766942959,40.09765463584959,130.3619371086242,0.6555119776055289,165.0,1.1846153846153846
flow_restriction,55,0,465.90845320865907,1.5145468325438636,-0.9502606562612319,False,False,34.9571761031588,1.9750764386209685,39.27039370028059,131.02044115218345,0.45048693287863045,165.0,1.1846153846153846
flow_restriction,55,1,458.77324522443257,1.6068725556108905,-0.5547785497607193,False,False,35.164507520932695,8.185843953889636,40.18681773527677,131.51342794428786,0.5984583135644025,165.0,1.1846153846153846
flow_restriction,55,2,465.27796275466335,1.5755871277707933,0.3541820880087224,False,False,35.14050445009195,9.188604306310552,40.27796022228175,129.9444333171514,0.5404563501768499,165.0,1.1846153846153846
flow_restriction,55,3,458.4725898273607,1.5800639793542341,-0.3304576653274554,False,False,34.98362039542723,6.4939881555082355,40.01752383701592,130.13413320811208,0.5573279277621861,165.0,1.1846153846153846
flow_restriction,55,4,462.26033503171413,1.554902576647017,0.6409337851894941,False,False,35.25843183931618,11.59537391689025,39.94208240335505,131.45212928433668,0.35363964801473863,165.0,1.1846153846153846
flow_restriction,56,0,463.69898842403245,1.510424651036035,-0.0006785198242850749,False,False,35.14089290812627,8.847234361885125,39.4802280017413,129.7828102307688,0.5698363503379513,165.0,1.1846153846153846
flow_restriction,56,1,462.7758280882892,1.5415352323352232,0.2858246870389948,False,False,35.18246082621346,0.6227886069900421,40.10135508845082,129.78116385779887,0.5858700806123378,165.0,1.1846153846153846
flow_restriction,56,2,452.6666785618856,1.3103578634814859,0.10050384384652833,False,False,35.18433219392258,5.4203771706571136,39.61820826942881,130.09498045869873,0.5013330604783849,165.0,1.1846153846153846
flow_restriction,56,3,462.3632210190125,1.3579375081768044,-0.047732199736134635,False,False,34.78732477448317,9.604247200524672,40.23158918809967,130.25142789053817,0.4416626836083128,165.0,1.1846153846153846
flow_restriction,56,4,464.30570917832796,1.3613213469976058,-0.5395740319465857,False,False,35.11188850112499,1.795642297827163,39.7765164653528,131.18967823576992,0.7018311919140225,165.0,1.1846153846153846
flow_restriction,57,0,462.98562677954203,1.2284497750006578,-0.03316220268284318,False,False,34.99119036768709,6.415446626115383,39.807072478452966,128.48449356960032,0.4216673892223901,165.0,1.1846153846153846
flow_restriction,57,1,457.3860618579015,1.4929431477759436,-0.16021572730491537,False,False,35.271517596359914,7.878222199717412,40.18135501576066,130.60809546703646,0.4827458714861342,165.0,1.1846153846153846
flow_restriction,57,2,460.30714588744144,1.4555151370225425,-0.43605508268448734,False,False,34.92951626231997,10.519481343272375,39.978267808026075,129.50059636802862,0.46757486520930697,165.0,1.1846153846153846
flow_restriction,57,3,462.79606413020167,1.5023447164730057,0.19376705457334983,False,False,35.221883176102324,0.09344334257540687,39.887432386430994,129.9008698127555,0.3520019338643213,165.0,1.1846153846153846
flow_restriction,57,4,459.9924002409685,1.6165850320204362,-0.04317047334224714,False,False,35.03113331905986,10.65766230710506,39.866088367572765,130.96092498809526,0.5738015254601326,165.0,1.1846153846153846
flow_restriction,58,0,465.3689405115293,1.4483616656925165,1.6425907765008219,False,False,34.84676288486054,6.155897094584866,39.35543884150788,130.3659205015261,0.4420493352174408,165.0,1.1846153846153846
flow_restriction,58,1,462.631790945377,1.516398863769034,0.2607742225299157,False,False,35.03672179538054,8.081577115538483,40.22546159522407,128.8592428694168,0.4430373019567798,165.0,1.1846153846153846
flow_restriction,58,2,466.172379655105,1.4632818931864207,0.3217861404308114,False,False,35.19904742091111,12.097731157285079,40.011948717360944,128.32830592997036,0.5312812376973921,165.0,1.1846153846153846
flow_restriction,58,3,461.7583832490932,1.3667312186322809,0.26645141463031713,False,False,35.057865052408545,6.688619068108434,40.15872959826726,130.44845882425702,0.4568418732796521,165.0,1.1846153846153846
flow_restriction,58,4,469.9239927242772,1.3697435149991368,-0.9030790524893947,False,False,34.99481797488582,12.34324542219313,40.17414632862644,129.67798372083146,0.45854942193963233,165.0,1.1846153846153846
flow_restriction,59,0,469.02721269237475,1.35618865162932,-0.003423816790010291,False,False,35.07597779563758,10.1188271417899,39.68395449665745,129.60602568275297,0.6023447836982985,165.0,1.1846153846153846
flow_restriction,59,1,458.3041670519311,1.646407381476657,-0.09355382573744797,False,False,34.83354581072491,10.562989028627795,40.4007269617719,130.1915323160736,0.43647314690425126,165.0,1.1846153846153846
flow_restriction,59,2,465.5734064257172,1.5335124448666257,0.7052008583472478,False,False,34.79867533930681,7.031994104190131,40.08710293472692,131.3590013085789,0.6359723241233287,165.0,1.1846153846153846
flow_restriction,59,3,456.1296060819231,1.4114025753924693,-0.6717961399170239,False,False,35.163907972438345,8.003201868309286,40.44014708160185,130.6850742947849,0.579973954192177,165.0,1.1846153846153846
flow_restriction,59,4,461.2997271457213,1.679507026475143,-0.3747046989571993,False,False,35.0068026543185,3.7234127362317544,39.82524264728303,128.2186961259909,0.4044374531318491,165.0,1.1846153846153846
flow_restriction,60,0,462.8337569789408,1.1649097926306347,-0.21808567074168314,False,False,35.03239843182575,6.0355788538993345,39.7261212152634,127.9305401311846,0.650321393147109,165.0,1.1846153846153846
flow_restriction,60,1,463.9088745750247,1.4644114744109527,1.044770615936956,False,False,35.06480056601496,8.704760636458648,40.07891194733881,128.85207596795536,0.6101486106661838,165.0,1.1846153846153846
flow_restriction,60,2,461.84508626121226,1.52907564960615,0.7834867555075202,False,False,34.88767678241057,8.412787162030403,39.93218905584582,129.06466134694375,0.3505440109525386,165.0,1.1846153846153846
flow_restriction,60,3,462.38621938494794,1.5597494526180393,-0.20141219519214457,False,False,34.94876454266943,10.994623331221204,39.75474296685609,128.0831766141234,0.6324851315387902,165.0,1.1846153846153846
flow_restriction,60,4,457.7897190186752,1.5154942333662946,-0.7388016520670889,False,False,35.12963018667874,12.021397735431307,40.069635090257094,129.54769089063547,0.7771193997242825,165.0,1.1846153846153846
flow_restriction,61,0,464.8651793376615,1.6344115394202599,0.6925504388615539,False,False,35.168722031262504,3.784548652010473,40.205708201888726,129.94500071422502,0.5152001073225527,165.0,1.1846153846153846
flow_restriction,61,1,463.1776406604179,1.4988455792119995,0.01681965273267914,False,False,35.0817430204864,4.5471126589784205,40.15349962880183,130.35858142728534,0.501010371288758,165.0,1.1846153846153846
flow_restriction,61,2,462.2134390431907,1.2914937936753983,0.06364373006451084,False,False,35.119713468579526,10.04743398053603,40.73230566936242,130.48453852315487,0.3956412204396176,165.0,1.1846153846153846
flow_restriction,61,3,463.92324333766373,1.570952675568315,-1.4574893660041714,False,False,34.84625324239989,9.452830536781448,39.666133336641515,128.96110194624228,0.4680330295267495,165.0,1.1846153846153846
flow_restriction,61,4,455.9934724424802,1.2792709948230783,0.3054109285087338,False,False,34.983019442350916,6.125770367625719,39.942711982611655,130.6202075202114,0.46998034754563234,165.0,1.1846153846153846
flow_restriction,62,0,463.93060933003375,1.620015601253742,-0.28262330480390097,False,False,35.122506821343904,5.424342878870132,40.35327967220156,127.8002325795714,0.4530157571492091,165.0,1.1846153846153846
flow_restriction,62,1,462.8110502516941,1.546166559832105,0.17315438403649971,False,False,35.229228885826096,9.124411810965322,39.99182834854164,130.79867101379435,0.23045583342353865,165.0,1.1846153846153846
flow_restriction,62,2,465.10507829695064,1.5055258966430658,-0.42006332427152854,False,False,34.87626608163816,11.274277498059593,39.9126678511958,130.55920981585666,0.6255645641459247,165.0,1.1846153846153846
flow_restriction,62,3,458.1617660584324,1.542480402564679,-0.7198012139008366,False,False,35.081959641337825,6.021228272082549,40.32112622731888,129.99312289820963,0.3459208671688202,165.0,1.1846153846153846
flow_restriction,62,4,460.9619378234158,1.3973641130036716,1.0705061897664347,False,False,35.31294686600708,8.317281382395723,40.317023220123694,129.96722832232186,0.6189932400766806,165.0,1.1846153846153846
flow_restriction,63,0,460.6283755079026,1.6894273226531273,0.9883487400155668,False,False,34.683322305463555,7.571296397863648,39.97697891132057,130.4248203828285,0.42479833538981615,165.0,1.1846153846153846
flow_restriction,63,1,458.5363377178644,1.3331943960889094,-0.6124796193321841,False,False,34.85452139148399,9.592074769150589,40.07202524578875,131.7791270970078,0.41444016727219185,165.0,1.1846153846153846
flow_restriction,63,2,460.7124012038684,1.575666159955008,0.5011239589784768,False,False,34.88987863969195,3.315736136746837,39.70024012115137,128.41663508459752,0.5302437111885216,165.0,1.1846153846153846
flow_restriction,63,3,466.58613762958106,1.4151919862739624,0.2354412031478622,False,False,34.876681555239536,7.904545818721893,39.75936859940479,129.71527952155833,0.41535839039250844,165.0,1.1846153846153846
flow_restriction,63,4,453.7295002271115,1.3905022169249641,0.41174618049111805,False,False,35.20123552760016,8.248352231087662,39.921410899411846,128.6279209355644,0.5052474893606294,165.0,1.1846153846153846
flow_restriction,64,0,463.0387763561217,1.4743369305658476,0.08448488504351571,False,False,34.93342383259202,6.310118165060848,40.08051476576724,129.7661789745547,0.5619115617847593,165.0,1.1846153846153846
flow_restriction,64,1,465.85869308507847,1.6520751583722257,1.2380137633063113,True,False,34.903610899407084,7.807341690782535,40.22364239635047,130.104728561497,0.5955306229451356,165.0,1.1846153846153846
flow_restriction,64,2,459.25925331632925,1.6575261453973034,0.558116547228815,False,False,35.10465380238672,8.382531225420843,40.2221167398581,129.84612823998043,0.5438607635608596,165.0,1.1846153846153846
flow_restriction,64,3,462.77993125369994,1.4347688137260144,-0.7071455706076251,False,False,34.96624044981504,4.941839934512679,39.48093242188958,130.7107063639119,0.49973863205344543,165.0,1.1846153846153846
flow_restriction,64,4,460.7934710101077,1.500985226973043,-0.896125405979969,False,False,35.11754837612682,5.643813998430675,40.073333618442916,130.36734194787863,0.37577251959388486,165.0,1.1846153846153846
flow_restriction,65,0,462.34578371129385,1.2833531354391128,0.8348005040233443,False,False,34.863266801364524,5.821862141413991,40.21630093586505,129.68898366357092,0.4197045604839775,165.0,1.1846153846153846
flow_restriction,65,1,462.8884581365445,1.5744154540346837,-0.25396095770992866,False,False,34.984432490497966,14.233215399120805,40.484006586701646,130.9721729373401,0.624150559194497,165.0,1.1846153846153846
flow_restriction,65,2,466.3204340689437,1.4732817681380805,0.26351430564166417,False,False,35.03042085158603,9.0821202980896,40.67104469647756,129.62661885000298,0.32350752430239477,165.0,1.1846153846153846
flow_restriction,65,3,459.2122589171769,1.4369701031654623,-0.7080624589355043,False,False,34.95040337907973,4.8613241908789036,40.04430527658373,130.52760132203542,0.7860571148342113,165.0,1.1846153846153846
flow_restriction,65,4,460.0904066751714,1.6590070601439932,-0.459981273320213,False,False,35.044275183762345,10.821482580255548,40.60159772374997,131.3231589258509,0.5240847833492461,165.0,1.1846153846153846
flow_restriction,66,0,456.2783090491511,1.447945012502978,-0.410096208876974,False,False,34.89131014631725,5.611562746837948,40.03757614141817,130.8337696071068,0.4902416894047666,165.0,1.1846153846153846
flow_restriction,66,1,470.5047154353146,1.4178199466954258,0.2898572666727854,False,False,35.161884981442064,8.891065857717102,39.66751951931443,130.6525588846581,0.5229147993118879,165.0,1.1846153846153846
flow_restriction,66,2,464.12670735535016,1.507952858430346,-0.9466662047085295,False,False,35.08577185106655,2.915964695259155,40.21430318249584,130.5280258200768,0.6226202559795689,165.0,1.1846153846153846
flow_restriction,66,3,462.5244202843429,1.5822804327839215,-0.27207466372673056,False,False,35.03333078830392,10.783569234172411,39.686820053687306,129.47496484612864,0.492675989177527,165.0,1.1846153846153846
flow_restriction,66,4,464.84756669380903,1.5971234729136,0.7585963648219141,False,False,34.95276745375343,6.501592475631613,40.18186467086791,130.12614596576003,0.5464098954928245,165.0,1.1846153846153846
flow_restriction,67,0,457.4867720884912,1.7497137912150857,-0.18786228682501008,False,False,35.130705746491806,6.046340088932656,40.294955963984286,129.69226312937835,0.29003607970481526,165.0,1.1846153846153846
flow_restriction,67,1,463.4752790209641,1.525699894581223,0.55298292166723,False,False,35.09460947525118,4.58510359779012,40.394660688157636,130.73783924952625,0.3062329990988285,165.0,1.1846153846153846
flow_restriction,67,2,461.9788692614018,1.5750041792787095,0.9024841635662593,False,False,34.945392177068406,4.799692500411639,40.19204732303821,130.41602377635343,0.41781843492607446,165.0,1.1846153846153846
flow_restriction,67,3,462.3358033560957,1.5199992349658402,-0.48237710770783176,False,False,34.90477288478819,13.708754737269267,39.87334546227962,130.2915263754319,0.38095085187454747,165.0,1.1846153846153846
flow_restriction,67,4,459.76065307771125,1.5990642938933437,0.06828411402866824,False,False,35.03227001034619,9.160303208220233,39.8525382525833,131.83270558482556,0.5775292743018557,165.0,1.1846153846153846
flow_restriction,68,0,463.68710032430937,1.5433322636279312,-0.36678093795636746,False,False,34.964459993267894,6.2904409754045485,39.997665554657694,128.14803192087794,0.5159625117637298,165.0,1.1846153846153846
flow_restriction,68,1,453.7968465181115,1.527570758047503,-0.1903799821835371,False,False,35.08630061281117,4.888027499711942,39.77270565075103,129.6234424362848,0.3889382516941962,165.0,1.1846153846153846
flow_restriction,68,2,466.6220044767689,1.5632052572097563,0.17061161266683572,False,False,35.06573494535888,7.909259722431881,40.063851130353676,130.85112650306573,0.5412000251135201,165.0,1.1846153846153846
flow_restriction,68,3,467.6155636510011,1.384082604163707,-0.48409655967091714,False,False,35.096641342311734,12.21568596398769,40.130941087995,129.76394361725792,0.7387071655550135,165.0,1.1846153846153846
flow_restriction,68,4,460.84889949649744,1.602228318626597,0.5478975323494143,False,False,34.831839743219035,1.4976616011805817,39.75584944327174,129.27618344754993,0.5226681244031789,165.0,1.1846153846153846
flow_restriction,69,0,463.0657932141529,1.4468235755506316,-0.26774089186260347,False,False,35.08542336167532,8.359986859738832,39.64571644608159,130.08795560968872,0.49299639656052996,165.0,1.1846153846153846
flow_restriction,69,1,462.62892590060983,1.537865952795139,-0.04331850920324133,False,False,34.97509027520083,6.066533670448592,40.45542223067046,128.75021662279354,0.5013550481432741,165.0,1.1846153846153846
flow_restriction,69,2,459.22849649001427,1.4452344170996856,-1.140877885963026,False,False,35.207206708519045,5.762813706650571,39.96355960777053,129.00516683010105,0.5031410167981439,165.0,1.1846153846153846
flow_restriction,69,3,459.95694662599567,1.570893020579677,0.4621624883144686,False,False,35.28567992108109,7.761381211603766,40.12127499009913,130.05385129853866,0.6901044084089687,165.0,1.1846153846153846
flow_restriction,69,4,466.8192654628685,1.2501849667370355,-0.782317527687773,False,False,35.15004740258148,2.259402979902574,39.971421777873566,129.51004804328775,0.6539039467779135,165.0,1.1846153846153846
flow_restriction,70,0,464.8714587570581,1.6698205357705165,-1.358822481880759,False,False,35.059904135006306,8.992619186025372,39.912019294388216,130.25829841371856,0.5189743784989362,165.0,1.1846153846153846
flow_restriction,70,1,465.43098506669935,1.5135543056108658,-1.1096045087988085,False,False,34.96926807785498,6.631789345825594,39.632904319637724,130.38644889745564,0.47286947901824355,165.0,1.1846153846153846
flow_restriction,70,2,457.1493942753515,1.5125841658842423,0.9018520327817725,False,False,35.07407088270299,8.463478551609992,40.04746837424173,129.714870428816,0.46407212425624006,165.0,1.1846153846153846
flow_restriction,70,3,461.73552219214116,1.4803007150895093,1.0234025592024891,False,False,34.8317660713806,10.19655238412835,39.94374915201642,131.02119001421656,0.5806394284239051,165.0,1.1846153846153846
flow_restriction,70,4,465.691500246371,1.4905279361996706,-0.4216129458072457,False,False,34.96339765320819,6.033534870028881,40.16781476713337,129.0772839549963,0.7570821565519024,165.0,1.1846153846153846
flow_restriction,71,0,457.699918222575,1.5113944927961354,0.25385694679535253,False,False,34.95569063649049,6.051875626403456,40.17659404093087,130.05154199251504,0.5009165935523499,165.0,1.1846153846153846
flow_restriction,71,1,456.5481089904066,1.328868072997975,-0.4707117833192069,False,False,34.93123845265738,10.614006159074325,40.134988216960735,131.05722913309964,0.4679129216557978,165.0,1.1846153846153846
flow_restriction,71,2,464.30842200988985,1.430609388241424,0.3200295182444686,False,False,34.64627046857898,12.060002991438733,39.71452844909602,130.24350755057105,0.47030434514849784,165.0,1.1846153846153846
flow_restriction,71,3,457.68708468473363,1.4050616430397802,-0.014295894500461129,False,False,35.028177401549726,6.918180673721276,39.622630660272314,129.61984923835385,0.6969097753987821,165.0,1.1846153846153846
flow_restriction,71,4,457.6874916201756,1.4950970463979698,-0.2314245122463902,False,False,34.8761646402471,3.677984321367881,39.940512210664046,131.18542533048014,0.43225916943750486,165.0,1.1846153846153846
flow_restriction,72,0,463.1503759387362,1.5317806864988024,-0.4746197306041416,False,False,34.94278228408832,10.95794288646124,39.50198786740717,128.86703570101605,0.5560146962163829,165.0,1.1846153846153846
flow_restriction,72,1,463.47100784455637,1.5422966160684297,0.266991110911826,False,False,34.99083357279664,13.825291010946824,40.427173051483265,127.68579144467101,0.2239549634853309,165.0,1.1846153846153846
flow_restriction,72,2,460.9982512102019,1.4982572783196264,0.6183579094421024,False,False,34.884445261372456,10.750958944305946,40.2437611321236,130.82086773777985,0.6401318425323732,165.0,1.1846153846153846
flow_restriction,72,3,459.71249843812757,1.4004923326900323,0.0602445029504362,False,False,35.25066746589034,15.559101130100245,40.10349258041054,130.48714551245556,0.5693083524788604,165.0,1.1846153846153846
flow_restriction,72,4,461.75483270836787,1.4519154360722373,-0.8932825334188473,False,False,35.103047725986315,3.8371327394596566,40.35774082580934,130.88538493782644,0.5961761364775875,165.0,1.1846153846153846
flow_restriction,73,0,459.62011112530735,1.5717359350220832,-0.5746900720219906,False,False,34.83804039609095,6.370044654616234,39.457586818266485,128.82496419771016,0.47853382715420556,165.0,1.1846153846153846
flow_restriction,73,1,456.0960194687223,1.4892310576541223,0.4023719912119031,False,False,35.13426580547282,10.02514385844066,40.300864991624266,129.93456875851805,0.5841143313644376,165.0,1.1846153846153846
flow_restriction,73,2,461.2701994563506,1.4773256441007983,-0.7590927801936032,False,False,34.96988289237918,7.0318644682585205,39.72151043055925,130.23335956965846,0.33263818266961637,165.0,1.1846153846153846
flow_restriction,73,3,466.8479519006467,1.4085744519883854,-0.07180342637630507,False,False,35.0571891181262,5.4053395628563035,39.87600171725972,131.11074553109285,0.6159096161406665,165.0,1.1846153846153846
flow_restriction,73,4,463.7144749045229,1.3824178634571203,-0.05970585897117974,False,False,35.11876775281762,6.19759675230119,40.484542960849105,131.44134659587212,0.5162837260040914,165.0,1.1846153846153846
flow_restriction,74,0,468.4172899603065,1.4193448542130584,0.963191118549368,False,False,34.98500465218423,14.180455284700784,39.77655972984193,129.61048692361314,0.5130190456420999,165.0,1.1846153846153846
flow_restriction,74,1,461.2134251748326,1.4787211005407275,-0.47229177603996775,False,False,35.31898610082811,7.5652807284312065,40.164047721794375,128.59912445374658,0.5472706615613643,165.0,1.1846153846153846
flow_restriction,74,2,462.7248648859894,1.4449712378806854,0.8539555972722391,False,False,34.998966838376205,5.992942619151933,39.81395127547344,129.75417034298573,0.6080261738464076,165.0,1.1846153846153846
flow_restriction,74,3,460.36928444617206,1.6081598804170425,0.5997090562021229,False,False,34.83710054865608,13.56693695497301,39.75881974283053,129.1328153176718,0.4152461863417149,165.0,1.1846153846153846
flow_restriction,74,4,465.8404406959457,1.3889959798604483,-0.8028948858250455,False,False,34.946816570696974,6.29672624599068,39.97812350064966,129.87396962971866,0.5307356851925432,165.0,1.1846153846153846
flow_restriction,75,0,455.13858211741706,1.5189543668752234,-0.2814164579046745,False,False,35.07558480809568,10.43315460973371,39.94112151134069,131.6266035746527,0.5702418494959219,165.0,1.1846153846153846
flow_restriction,75,1,460.98282119729504,1.4619850655321796,0.5901409484858624,False,False,35.297984920636736,3.687238486372963,39.964290611232514,130.33703183114994,0.5516664103620598,165.0,1.1846153846153846
flow_restriction,75,2,460.0303011910684,1.4455348393398093,-0.5794976852666288,False,False,34.73618421135532,8.103750053708556,39.937960925005086,129.2553498632966,0.5461184467011734,165.0,1.1846153846153846
flow_restriction,75,3,463.5820637728139,1.4402933192782736,-0.36754100877964707,False,False,34.90485647195333,10.729522279353823,39.6643825006836,132.02673884381443,0.4407693062429155,165.0,1.1846153846153846
flow_restriction,75,4,459.33561482818504,1.3210555712682632,-0.701183570020687,False,False,34.95940561213858,1.906602415741749,40.01374165315631,128.68143689380406,0.41369332779320894,165.0,1.1846153846153846
flow_restriction,76,0,462.12099771889734,1.4890021737572732,-0.03005219025514383,False,False,34.86674270663349,9.580305049750082,40.48777430171099,132.25704622041843,0.456712577669067,165.0,1.1846153846153846
flow_restriction,76,1,459.4491364428617,1.3307512425025247,1.1989534842560927,False,False,34.99898170336113,2.9260994354270826,39.57829966729941,129.40017878734537,0.35345340768949174,165.0,1.1846153846153846
flow_restriction,76,2,465.8575145306246,1.5002960052268441,0.922046588572452,False,False,35.27592390533748,7.988795687082678,40.03460044771364,132.1621616562078,0.5410821606483294,165.0,1.1846153846153846
flow_restriction,76,3,469.40820269787196,1.4951632917575863,-0.6820805741104646,False,False,34.899148804052935,8.179739964415697,40.273704805548135,130.44941191097763,0.4236746640015041,165.0,1.1846153846153846
flow_restriction,76,4,457.65160145659837,1.4790459389766946,0.33340190223555716,False,False,35.22792886451273,9.346241690158717,40.11251263634265,128.923589324276,0.5006303825985485,165.0,1.1846153846153846
flow_restriction,77,0,456.90244630208826,1.445457330670252,-0.6847605266238727,False,False,35.03737263443695,7.234690528465727,40.492804298661675,131.20097141793417,0.5532343492316679,165.0,1.1846153846153846
flow_restriction,77,1,465.2184746846977,1.454010958007678,-0.18001632899602066,False,False,34.786117443563036,10.708188102986956,40.3548470729407,129.4800717892388,0.7409876480617812,165.0,1.1846153846153846
flow_restriction,77,2,461.2284355139713,1.4088191695584589,0.029690447080966475,False,False,34.94960797454189,8.069030058606106,40.48164187376904,129.93776301381092,0.3805747443854192,165.0,1.1846153846153846
flow_restriction,77,3,458.3645051910234,1.4737194775178868,0.06131767262097209,False,False,34.80152824981811,7.91876058942201,40.42471043397176,130.5708796198923,0.3538862994091376,165.0,1.1846153846153846
flow_restriction,77,4,460.4661247222392,1.3688528444251995,-0.848691818551013,False,False,35.02783072855322,7.368943541658735,40.30485400613741,126.87732348402233,0.4451859229984451,165.0,1.1846153846153846
flow_restriction,78,0,464.54237675405585,1.365012173325641,-0.303062590152017,False,False,35.00376988811164,9.113269820348405,39.951279228363276,129.8818842621917,0.34171829008773946,165.0,1.1846153846153846
flow_restriction,78,1,464.5898471471519,1.3427051405760555,1.0574568221575165,False,False,35.05085449245659,11.157594688808835,39.63223971981648,128.6556598053642,0.6213591694420862,165.0,1.1846153846153846
flow_restriction,78,2,467.612498361359,1.5928233974446553,-0.017857648819075613,False,False,34.97654064521439,5.732575266209543,39.93578986748857,130.54709099330702,0.4303283533390001,165.0,1.1846153846153846
flow_restriction,78,3,455.7549693147756,1.3410438931120736,0.6428459115630963,False,False,34.89724543603442,14.793623735651108,40.178672350519726,129.98963947586617,0.18942206789681443,165.0,1.1846153846153846
flow_restriction,78,4,458.4039121734508,1.4324915243458916,-0.25076472996097776,False,False,35.108345956333615,9.868112382991585,40.07551391323842,129.88327638958003,0.4700881577693873,165.0,1.1846153846153846
flow_restriction,79,0,465.4982556586618,1.680740112603877,0.14101034091890605,False,False,34.8572656652862,7.726711922155392,40.09042866301096,131.0097412756676,0.23284987754610575,165.0,1.1846153846153846
flow_restriction,79,1,459.94688839497724,1.384999955501241,-0.034738560804378406,False,False,35.291139676882494,5.504142931264789,39.96417308490683,130.39845506123396,0.44385311132784544,165.0,1.1846153846153846
flow_restriction,79,2,455.6926907139478,1.527344431047597,-1.3565475644657325,False,False,34.98709142356938,8.077392215923526,40.54154914827433,128.63263655487003,0.4098576665405069,165.0,1.1846153846153846
flow_restriction,79,3,459.6480552356752,1.2956423789855773,-0.019704792259150995,False,False,34.83289035556513,7.356421452976063,39.82549956796187,130.64479280840254,0.49930377305475043,165.0,1.1846153846153846
flow_restriction,79,4,459.570275031265,1.237187737283584,0.941745032805787,False,False,34.74158609131491,8.480017724229391,39.65649486129649,129.20393933609,0.39464743003862374,165.0,1.1846153846153846
flow_restriction,80,0,459.5767882398422,1.589919508332344,-0.63196613685049,False,False,34.95685193773236,12.859742096561964,39.746686127498926,129.90247577609784,0.25542206290087766,165.0,1.1846153846153846
flow_restriction,80,1,457.42918973925845,1.5877218585260762,0.27424872065012595,False,False,35.004220678672034,9.111514917592029,39.60753549622371,130.51689412428047,0.6529619595130934,165.0,1.1846153846153846
flow_restriction,80,2,461.4217421912075,1.384473973671362,0.2430055039753299,False,False,34.74246618154802,3.0936819577257433,40.06614499912953,130.82283817068475,0.6757809304013194,165.0,1.1846153846153846
flow_restriction,80,3,466.67175160930395,1.3276105140680114,-0.028186970851261994,False,False,35.13815457689233,9.440704494126425,40.18468108552018,129.8688129607541,0.5261385556113353,165.0,1.1846153846153846
flow_restriction,80,4,453.10491598612475,1.424214606559443,0.06422538492430614,False,False,34.85263180509796,10.262888225807616,39.91184651562548,130.08662438637148,0.40243264881768803,165.0,1.1846153846153846
flow_restriction,81,0,458.10378126773236,1.6293411810468266,0.25200699276818345,False,False,35.01977049682853,10.87646276734678,40.00212269775049,128.70091184976317,0.6426845306857072,165.0,1.1846153846153846
flow_restriction,81,1,463.4577845309545,1.3622326503167612,-0.3628160211516613,False,False,35.185627756433654,6.304398993502852,39.80907434577342,129.87847495292402,0.6711808692174784,165.0,1.1846153846153846
flow_restriction,81,2,463.8752485383267,1.4396276207923777,-0.08821140091418746,False,False,35.16052757664487,2.6155057380512776,40.0404905361635,130.1401575405632,0.5517681817782641,165.0,1.1846153846153846
flow_restriction,81,3,456.9279550270723,1.5614465483993687,0.4091465731938287,False,False,34.900981399380015,5.836674108159938,40.05999534299166,130.2917820605056,0.31440697486812647,165.0,1.1846153846153846
flow_restriction,81,4,463.9884999929635,1.4997652941652988,0.7201096560248239,False,False,35.115500719453834,11.963354208529779,39.919620132584406,129.83709969772792,0.5179544560804783,165.0,1.1846153846153846
flow_restriction,82,0,461.7214592027763,1.7178507207523088,-0.19300037142287774,False,False,35.171175704498545,6.993563868653235,40.74195426761416,129.0236705365914,0.4328698195023522,165.0,1.1846153846153846
flow_restriction,82,1,462.6794824137995,1.330761102632924,-0.2583885551784404,False,False,35.26427449868051,7.536658794385528,40.39935597504242,129.53824950608478,0.5081185834667021,165.0,1.1846153846153846
flow_restriction,82,2,460.29535918530706,1.4829562721554972,-0.5106876538583867,False,False,34.7250761943153,9.793949708904023,39.77574469090456,129.48269692486798,0.5832006618912422,165.0,1.1846153846153846
flow_restriction,82,3,465.75770458695797,1.3346567965333853,-0.07337749706729932,False,False,35.16489255498736,10.341862802308952,40.25417933086024,129.51665457436903,0.22535057613381337,165.0,1.1846153846153846
flow_restriction,82,4,466.808683140362,1.5401666457299257,0.28264015022900635,False,False,34.78319764773711,5.0585547464056155,40.22010789644318,131.48206734110272,0.5278128050059796,165.0,1.1846153846153846
flow_restriction,83,0,464.1796381437956,1.4120775463621245,-0.37550297144488654,False,False,34.99564965067951,9.06791391762022,39.81704340051404,129.69893017717567,0.36572474902616103,165.0,1.1846153846153846
flow_restriction,83,1,462.57909515433596,1.5098268789176832,-0.8038071400453299,False,False,35.14591321496898,9.919562867078534,39.1759178135466,131.21058439634473,0.2159307875396304,165.0,1.1846153846153846
flow_restriction,83,2,460.88104962188726,1.3350715597101708,-0.6678022559727019,False,False,35.21400823339827,8.188269142206307,40.392371400156584,130.27063795278303,0.44316921933866793,165.0,1.1846153846153846
flow_restriction,83,3,460.1421317571131,1.4691699845445518,-0.2037888048732081,False,False,35.30524991147579,8.900882467904811,39.920367676792765,130.110047677962,0.580141299498556,165.0,1.1846153846153846
flow_restriction,83,4,462.4637514361811,1.4262222085054936,-1.093734057629846,False,False,35.203091515349996,6.455708456973605,39.81443195780285,129.11294211883967,0.4711400599389043,165.0,1.1846153846153846
flow_restriction,84,0,458.24325455925776,1.3161855935005162,-2.3656898790399814,False,False,34.74422475982682,4.418262658051594,40.053156291960924,129.2383587113921,0.372196003997808,165.0,1.1846153846153846
flow_restriction,84,1,452.6586964319055,1.431554878190548,0.10206888745244548,False,False,34.93799375386992,5.9826647222739595,40.32207186243046,130.23055672042187,0.6013368500488114,165.0,1.1846153846153846
flow_restriction,84,2,463.4236132992684,1.5196693380937283,0.7086404840610933,False,False,34.943009479028994,7.146584321098235,39.981837569085876,130.50361822454906,0.5126535413604084,165.0,1.1846153846153846
flow_restriction,84,3,464.3272588486442,1.4281879815191083,0.3439074681142794,False,False,34.89665458912923,2.991720069730315,39.90275332681245,129.76840050579983,0.44351566124328784,165.0,1.1846153846153846
flow_restriction,84,4,459.69756048597765,1.564734138486469,-0.15335207689415925,False,False,34.79029234410684,7.601193186365255,40.08415086819601,128.8930019342271,0.3868287913484791,165.0,1.1846153846153846
flow_restriction,85,0,468.03578816072013,1.230754089438086,0.8977501577544106,False,False,34.77343377986201,11.127246168068583,39.96257535921586,130.3421888835484,0.24622790532643363,165.0,1.1846153846153846
flow_restriction,85,1,462.04223859353436,1.7176037730423208,-0.9771968454442991,False,False,35.021960373686994,6.474087652465299,40.20081192839398,130.5525781023443,0.7202287767938584,165.0,1.1846153846153846
flow_restriction,85,2,459.1118061415509,1.5908569687856637,0.48967381456891657,False,False,35.16747465062408,6.360506955206862,40.14700684126817,129.99498895780837,0.37194654497474466,165.0,1.1846153846153846
flow_restriction,85,3,459.58192057680094,1.303512057344911,0.3902660162907957,False,False,35.093299099080326,9.625078666567713,40.296060294227686,128.25574250341066,0.43943974212505565,165.0,1.1846153846153846
flow_restriction,85,4,458.3444873608537,1.5648113039566953,-0.43734302454490553,False,False,35.15635810699933,3.4425432920214156,39.53313392771986,129.73960174265548,0.4736598944417564,165.0,1.1846153846153846
flow_restriction,86,0,464.22411505366415,1.5420709560928434,0.9761571540565667,False,False,34.917719932204456,11.585201198568855,40.482360428046455,129.9419426777141,0.28156907256859853,165.0,1.1846153846153846
flow_restriction,86,1,465.3864160682468,1.2258584957564354,0.014694401627752266,False,False,35.045344321404215,3.756751054624978,39.85781974144599,129.95969577353682,0.5819724905650745,165.0,1.1846153846153846
flow_restriction,86,2,464.1557706555774,1.6155126396135753,-0.29545552710167083,False,False,35.14570952362024,9.531678908756353,40.138744389141856,131.34443363564466,0.33544483341631787,165.0,1.1846153846153846
flow_restriction,86,3,455.57446755023074,1.607645928884633,-1.154888657638218,False,False,34.78801298209197,4.884815227534725,39.722161715171,131.49440291616108,0.5904044198312778,165.0,1.1846153846153846
flow_restriction,86,4,460.9477406113877,1.3796162906435012,0.21189563663753852,False,False,35.107415830065825,11.298495927034494,39.544767329044106,128.92915794388423,0.3778038349603186,165.0,1.1846153846153846
flow_restriction,87,0,460.6655174219861,1.407822091533018,0.1611474775864635,False,False,34.89396323053428,3.6146315858928837,40.30090915628846,129.8494364927748,0.4827283170777701,165.0,1.1846153846153846
flow_restriction,87,1,462.29205961003703,1.4154933865515313,-0.059510974390180646,False,False,35.158496873302326,7.959939029189567,39.65397703416287,129.20788770230567,0.5050174602004492,165.0,1.1846153846153846
flow_restriction,87,2,463.8449088630954,1.4882546681318334,0.6467008651923958,False,False,34.77584944675925,6.264383416505922,40.35790961727255,128.18879910589988,0.5518531554186494,165.0,1.1846153846153846
flow_restriction,87,3,453.7876506037452,1.531286803920715,-0.6715588537677312,False,False,35.15822560293423,10.727933638721051,40.60493012577839,129.9628869216261,0.6114771416830851,165.0,1.1846153846153846
flow_restriction,87,4,463.14375011862916,1.56149910938076,-0.353902882385571,False,False,34.92092598476709,8.9417721293124,39.72783241861646,129.10488424592123,0.452682858827158,165.0,1.1846153846153846
flow_restriction,88,0,465.1133376928874,1.4076163162045348,-1.0277043282348106,False,False,35.06613551028594,3.5888864737204074,39.75255950264465,129.1535290143907,0.6350408776496379,165.0,1.1846153846153846
flow_restriction,88,1,458.8009702943076,1.4283135796376711,0.32459983592206415,False,False,34.99071493716721,7.8197740249104895,40.39674051779827,130.11110898306706,0.2540492151706365,165.0,1.1846153846153846
flow_restriction,88,2,466.62540080283986,1.54963235892007,0.9378876281046025,False,False,35.10568512415043,6.952385911226678,39.48747804360884,128.81309631394615,0.5147218059493421,165.0,1.1846153846153846
flow_restriction,88,3,463.03605401249865,1.517635856006855,0.4366694268309474,False,False,34.86687910993322,9.850078836527846,40.28494494616733,129.66637501869434,0.5283767949145335,165.0,1.1846153846153846
flow_restriction,88,4,459.5091771833945,1.533865761484789,0.16339127744988421,False,False,35.141492368567164,4.773133852150659,39.959289522546946,130.50209118084774,0.7418218968009668,165.0,1.1846153846153846
flow_restriction,89,0,459.3156191955812,1.4938701982815952,-0.30975609911739105,False,False,35.09717770572444,7.884251500914621,40.1070033261288,129.58513909295823,0.45353140206472625,165.0,1.1846153846153846
flow_restriction,89,1,457.52227345835416,1.4372090982951544,0.11367811887944286,False,False,34.842761925387,7.036549483190104,40.205145391980636,130.2617916689627,0.6275629142010148,165.0,1.1846153846153846
flow_restriction,89,2,463.71844530842765,1.2662583668272331,-0.9969402444217503,False,False,34.95062724319684,5.176462230492475,39.5892928177183,128.92196770504128,0.6104613599901446,165.0,1.1846153846153846
flow_restriction,89,3,452.07666093011585,1.2457527235173036,0.1909912145552526,False,False,35.029300285626164,6.6698226107534415,40.28888919162863,128.99221758159635,0.545263752981484,165.0,1.1846153846153846
flow_restriction,89,4,466.605608937991,1.5424264974152675,0.6381639262466751,False,False,34.81890655419647,5.451362906537717,40.15523730481655,132.05130718342326,0.4397348179893918,165.0,1.1846153846153846
flow_restriction,90,0,463.61103664354664,1.5547053408945126,-0.5696608375946899,False,False,34.990759438379094,8.624257993601898,40.182018049022446,129.63357188015064,0.41858029518544254,165.0,1.1846153846153846
flow_restriction,90,1,461.8382200916262,1.2691211101512965,-0.4540634277264023,False,False,35.0945889095954,9.61864385645298,40.371564051862975,129.15694796321475,0.7576286591801423,165.0,1.1846153846153846
flow_restriction,90,2,462.31598413037045,1.3391637530927707,-0.21605098192588515,False,False,35.09706497422745,12.380373925173924,40.43871217854597,130.9959527592139,0.5367564095800036,165.0,1.1846153846153846
flow_restriction,90,3,459.47889288739555,1.4815055530636918,0.4010735193344595,False,False,35.0184750048233,11.654134473857564,39.37696605263972,130.84792977102026,0.44107600697548455,165.0,1.1846153846153846
flow_restriction,90,4,462.8802570461071,1.4834267285308602,0.32842872080722224,False,False,35.24624637340462,3.10757649091377,40.48988946831801,129.92359389074718,0.49830737349595694,165.0,1.1846153846153846
flow_restriction,91,0,462.79173239107655,1.5695939580059544,0.05260925474242775,False,False,35.13451687235874,10.903388041749302,40.07269189589192,127.60796708976913,0.5141981089379197,165.0,1.1846153846153846
flow_restriction,91,1,460.35582399062224,1.3292933218015974,-0.5590239870091366,False,False,35.019516611925354,12.6181430075435,39.97163940178718,131.64096302440464,0.6196827361788402,165.0,1.1846153846153846
flow_restriction,91,2,471.381621510916,1.4916398190096762,-0.6710681962362315,False,False,35.37339640733052,4.079838371053101,40.35372109414332,130.62592213765515,0.7191050750690502,165.0,1.1846153846153846
flow_restriction,91,3,458.74291369338715,1.4078305915442315,-0.10051944773462866,False,False,35.045257481110745,7.71868714040686,39.81026409556805,131.27456932886565,0.6531026359034634,165.0,1.1846153846153846
flow_restriction,91,4,465.1612422625401,1.4363521834093416,-1.6320814422927352,False,False,34.98968024417935,3.435385746978376,39.343048345160284,130.50776688588795,0.37667371721979176,165.0,1.1846153846153846
flow_restriction,92,0,465.2472274905431,1.2480831012537545,0.694054933747117,False,False,34.89831763819277,5.61633993747876,39.63664000767088,130.99841842255643,0.3638798475667485,165.0,1.1846153846153846
flow_restriction,92,1,461.961307659853,1.3245095844350614,1.5099014036074339,False,False,35.24968425785414,8.911193166711293,39.605615656528784,128.95237752812093,0.621372777863995,165.0,1.1846153846153846
flow_restriction,92,2,467.01933869395043,1.420539802788808,-0.5907240919200929,False,False,34.70643967136498,4.0659326360483306,39.57034807060592,130.21419591140463,0.6004597290590653,165.0,1.1846153846153846
flow_restriction,92,3,461.00754431963577,1.5561008714709899,0.7892187254765392,False,False,34.849695260736084,11.446807127583963,39.9021570938884,128.98882059595726,0.4916913470218017,165.0,1.1846153846153846
flow_restriction,92,4,459.8443243476944,1.6816796931773357,-0.4975673344862901,False,False,34.941159038244415,2.1603201811347814,40.44920838745379,129.49760852806534,0.4874356822993597,165.0,1.1846153846153846
flow_restriction,93,0,461.3742973310011,1.449926251269777,-0.8873648225077891,False,False,34.989312771744935,7.8091056226408115,39.27844117425104,129.4102126652048,0.5421324602743409,165.0,1.1846153846153846
flow_restriction,93,1,462.1712573948746,1.4962277044390893,-0.6457907165548451,False,False,34.949949017374934,13.066472540155324,40.54345539231048,129.11247104244836,0.39572999692522526,165.0,1.1846153846153846
flow_restriction,93,2,460.3475784650604,1.4361690032777297,0.11802729525956542,False,False,35.21942204002265,10.125202739312844,40.25678824715135,131.04710443304063,0.26378925343228066,165.0,1.1846153846153846
flow_restriction,93,3,460.69429506245467,1.376360370985946,0.5724649107296083,False,False,34.98208841831117,5.349261360706151,40.42221544486477,129.65549738207042,0.38353262504647234,165.0,1.1846153846153846
flow_restriction,93,4,463.79846664885673,1.4210767798438089,0.45401175077421935,False,False,34.97390807943084,12.16416856381469,40.19423007811535,130.05183590472456,0.6165357947612232,165.0,1.1846153846153846
flow_restriction,94,0,459.4823508600019,1.6580038382825912,0.8097242709720276,False,False,35.35443919839841,3.0678822005125,39.871558052874384,131.08084771654737,0.29889324161802316,165.0,1.1846153846153846
flow_restriction,94,1,456.9921397770603,1.6309173169004192,1.0107748927786337,False,False,35.12914056634499,4.421886353179508,40.48595099519221,128.789404117327,0.5683032497844694,165.0,1.1846153846153846
flow_restriction,94,2,463.22256635771487,1.587478218581474,0.10007092896278563,False,False,35.33077733034855,8.116865169349895,40.134517514494036,129.1989235371092,0.4219534610941249,165.0,1.1846153846153846
flow_restriction,94,3,457.65079519971675,1.4258787737730163,-0.32447847817006836,False,False,35.178322633423726,5.526949440675548,39.84605321250909,129.66597037004695,0.5044814085471327,165.0,1.1846153846153846
flow_restriction,94,4,460.26199213433995,1.4947181501772742,-0.3374318491665213,False,False,35.06925413158152,9.950094904084024,40.06748757272939,131.2894429239427,0.5163154916868342,165.0,1.1846153846153846
flow_restriction,95,0,462.1026437225048,1.3567565082451951,-0.43402461685966104,False,False,35.29347163253429,7.6881374636043915,40.06104379838972,129.54296657060917,0.41102690416483195,165.0,1.1846153846153846
flow_restriction,95,1,461.5911125223318,1.394173342846932,-0.7788226069267533,False,False,34.95143282327178,6.445428974942464,39.78273273649715,130.37978057993706,0.4172101586298217,165.0,1.1846153846153846
flow_restriction,95,2,461.10016805380366,1.4775559221702872,0.6582520609725191,False,False,34.86457074511491,6.607310209518836,39.97546342090719,128.4419909224591,0.6289652588888723,165.0,1.1846153846153846
flow_restriction,95,3,459.10754363757366,1.219074663955745,0.24079095544834733,False,False,34.92151508164341,9.688895841130629,39.78334082807995,129.00576354154808,0.5111315678864148,165.0,1.1846153846153846
flow_restriction,95,4,468.84642328555134,1.37277250990305,0.4480021203410644,False,False,35.06087795895117,8.38809924374067,40.23116548690022,130.10321691401177,0.6013086556491829,165.0,1.1846153846153846
flow_restriction,96,0,466.8998826814698,1.6028579959512472,-0.25857045161442893,False,False,34.89449099309023,11.972580379857423,40.022171864679265,128.3021433235465,0.48570268827373114,165.0,1.1846153846153846
flow_restriction,96,1,463.5519900116636,1.5430321259400581,-0.9751579316057581,False,False,35.03446476020131,8.303154444459784,40.47917691115083,130.2667496635411,0.5918858509697629,165.0,1.1846153846153846
flow_restriction,96,2,463.42907564178637,1.401613164835329,0.10316198376271878,False,False,35.069837853500154,9.044705912082563,40.08769932275788,128.49362225940587,0.38490702580753416,165.0,1.1846153846153846
flow_restriction,96,3,459.3993052544852,1.5913890622382436,0.27296731315506717,False,False,34.805669433717995,3.5535539837763404,40.12292556611315,130.22463412533654,0.43115334255988114,165.0,1.1846153846153846
flow_restriction,96,4,462.5403773626114,1.6366972584763373,1.0057819693653054,False,False,34.90636569913892,9.079162088156206,39.76584161870303,129.83759952003936,0.3760406754023454,165.0,1.1846153846153846
flow_restriction,97,0,459.4715296628381,1.3978290920447105,-0.6470285936769372,False,False,35.08266899770555,9.8784965613304,40.354506639384866,130.57830322714958,0.37624440891339683,165.0,1.1846153846153846
flow_restriction,97,1,460.9051802103878,1.5485812633258784,0.8450656360831484,False,False,34.89023368288107,10.710456855725134,39.83977454995189,129.67526066201376,0.38071000571611313,165.0,1.1846153846153846
flow_restriction,97,2,464.9182192534715,1.6011067719899639,-0.16075056493980097,False,False,35.141150296648746,9.014724018068133,39.81199580964048,131.17236976229884,0.5623612484571991,165.0,1.1846153846153846
flow_restriction,97,3,458.34186286715476,1.7167897662541636,0.4685703185019906,False,False,34.952461200290706,10.30853176214131,39.341596705978546,129.30853485872905,0.5665847428592988,165.0,1.1846153846153846
flow_restriction,97,4,456.70074773329816,1.279229490766607,-0.31777230095054293,False,False,35.01680205405712,3.721012656621639,40.03122998533589,128.9955431424372,0.3905373867328561,165.0,1.1846153846153846
flow_restriction,98,0,461.79298281250726,1.4912486719636118,-0.6915587281460103,False,False,34.89098704583946,7.507440606843931,40.06806636167427,130.01599465614456,0.2926223919077424,165.0,1.1846153846153846
flow_restriction,98,1,461.02818243331603,1.4292604051341875,0.5037259589655605,False,False,35.18011160623638,8.605422135589594,40.040449293532426,130.60162009389634,0.40516884945100057,165.0,1.1846153846153846
flow_restriction,98,2,462.110063903784,1.5258781278909657,-0.15304546591873422,False,False,35.19231569237184,10.313019414287979,40.135047357335175,130.88858016839606,0.40547777245229466,165.0,1.1846153846153846
flow_restriction,98,3,465.91477416909765,1.6345016955826712,-0.4059912410334523,False,False,34.76360444817903,8.259046516903666,39.88772166622133,129.0049361391009,0.4754160288953472,165.0,1.1846153846153846
flow_restriction,98,4,456.5490226630482,1.5388985943007396,0.31470114933598403,False,False,35.08478498551743,14.804004458934232,39.75844547289034,130.6734041908179,0.6122912037275063,165.0,1.1846153846153846
flow_restriction,99,0,458.9835044632064,1.4776832610262773,-0.14319350744709222,False,False,35.18314691212466,10.270213771277856,39.90610008930511,127.5181502432931,0.41505306405812376,165.0,1.1846153846153846
flow_restriction,99,1,461.9179711995795,1.5074120398868731,0.04215598896987035,False,False,35.04718366936191,8.397169325212305,40.10639993664452,130.31350931307452,0.38252053391326235,165.0,1.1846153846153846
flow_restriction,99,2,462.9503455967699,1.4639939908692086,0.7593350553943833,False,False,35.2086580113935,-1.9638336167380253,40.01574670661331,129.99391222545856,0.4482472028750385,165.0,1.1846153846153846
flow_restriction,99,3,465.1209231199215,1.424834929974373,0.003270005561638114,False,False,34.89955646785567,5.248053770804233,40.401027231939466,130.7298202774064,0.33414196198999413,165.0,1.1846153846153846
flow_restriction,99,4,461.53658827318037,1.5992362980713055,1.0607020958280524,False,False,34.98336695397219,9.889288864332851,39.96876064994328,131.1697499335614,0.4427365074848741,165.0,1.1846153846153846
sensor_bias,0,0,496.2380717945132,1.1732833659076096,0.07675024875458675,False,True,35.079836370795256,8.759340749590299,49.61165618684983,121.23719587097949,0.2631330392113785,165.0,1.2
sensor_bias,0,1,497.5520948327456,1.2546685229599015,1.1852764708798296,False,True,35.06889089021266,13.760019300133393,50.43880068573425,120.61977026046068,0.39952338137076593,165.0,1.2
sensor_bias,0,2,502.06613655158725,1.1212774799746805,-0.05096720091663627,False,True,34.751734375008,7.275312152530914,49.675777394905715,119.87718953668602,0.5023095890943021,165.0,1.2
sensor_bias,0,3,497.029423860009,1.2186795794226986,0.3513392929393862,False,True,35.10465434729701,8.286631316644696,50.72723745778691,118.14804475514,0.411820172845343,165.0,1.2
sensor_bias,0,4,500.23432022215275,1.1121416885038133,-0.03423992788799991,False,True,35.38769766915805,6.418142148858326,50.019022445281024,120.21649196350286,0.6177878909247582,165.0,1.2
sensor_bias,1,0,499.1884637713895,1.1434899382399517,0.4470374051629738,False,True,34.99790191974097,5.53249957138881,50.434494384006726,118.54391988907906,0.6935098127015695,165.0,1.2
sensor_bias,1,1,500.4973322436183,1.3825696729055086,0.17520019361298275,False,True,35.13042294755299,6.152927742134593,50.013266048374355,121.02980093864717,0.5387503725825324,165.0,1.2
sensor_bias,1,2,506.02433850864276,1.4860317962996985,-0.29010553822777774,False,True,35.06820151945105,8.569204112276505,49.693472086079055,119.41205285276047,0.33333066042437565,165.0,1.2
sensor_bias,1,3,498.21317576742695,1.3641476801617383,-0.4201827950215919,False,True,35.04493786832314,15.114552553725938,50.06482540045891,120.24595881984229,0.3853748648331462,165.0,1.2
sensor_bias,1,4,507.7540714834641,1.3440352789737289,-0.32991585291799025,False,True,35.17927895141958,7.406953381077474,50.02200851249091,119.73991887311902,0.4736148997551205,165.0,1.2
sensor_bias,2,0,497.67924519538775,1.3141465753968233,-1.3290650423670713,False,True,34.93051658961637,13.751596239683813,49.79885900227094,120.24242657749676,0.7189976025252366,165.0,1.2
sensor_bias,2,1,500.89144987324056,1.2216878027656684,-0.3743459331410659,False,True,34.727934412433854,3.0914195014178727,49.50394213947465,118.51022304374798,0.40994797894181956,165.0,1.2
sensor_bias,2,2,495.72657234753024,1.4777169273230706,0.5411615420633153,False,True,35.12585811918374,8.219336860736023,50.408695716802995,120.68141836680351,0.5220394489036039,165.0,1.2
sensor_bias,2,3,496.36450553275404,1.4515328435287649,0.6122792828107166,False,True,35.08831373204683,5.521858540403215,49.94595395035,121.84680488091834,0.7392514522862511,165.0,1.2
sensor_bias,2,4,499.64424112982135,1.6321923232346625,-0.34192386594560736,False,True,35.01477752303156,10.619370464892398,49.8062419267585,120.38652789819352,0.5001518620911231,165.0,1.2
sensor_bias,3,0,494.2238691458555,1.2588280211739826,-0.10633753113246032,False,True,35.11058017639502,9.417909411433211,49.966951807374194,118.5377330723055,0.7116519762768887,165.0,1.2
sensor_bias,3,1,501.8039156226599,1.505569601596538,0.5897918696930122,False,True,34.80197751803552,4.004484653688149,50.1880579430766,120.00732842017052,0.5800276761164554,165.0,1.2
sensor_bias,3,2,500.75431819120735,1.225646842523499,-0.14286821718769563,False,True,34.957487957399515,14.07732767297008,50.049391874268274,121.04690472526293,0.5931406233534994,165.0,1.2
sensor_bias,3,3,498.1258522184775,1.2334580457126927,0.08440420643712894,False,True,34.91549412632948,5.0005228155110135,49.85047037566032,120.5716485886013,0.3942244311712909,165.0,1.2
sensor_bias,3,4,497.2582087170668,1.3276435107210174,0.13530635093544743,False,True,34.898911353843694,10.312385031551884,50.12430252393047,121.83321298967576,0.3354541011260599,165.0,1.2
sensor_bias,4,0,506.2667194230625,1.4086369608107956,0.19398884201199623,False,True,34.84807688166187,3.511512532999075,49.82448042793748,120.68477171642733,0.5114735095438014,165.0,1.2
sensor_bias,4,1,500.74640330752055,1.4638043330154933,-1.1966012220308635,False,True,35.06423361929997,6.5583917861936385,50.38972858707077,120.1131146301466,0.4836157135851331,165.0,1.2
sensor_bias,4,2,504.301828638677,1.4589412848814298,-0.7560618994508524,False,True,35.09260288693135,6.273173085320557,49.726270276870196,120.07469248165114,0.528799779253718,165.0,1.2
sensor_bias,4,3,501.57565379372403,1.37237734424679,0.5140853484997557,False,True,35.03339476397225,7.511100863189762,50.193881824972216,120.80069634446066,0.6966892872883937,165.0,1.2
sensor_bias,4,4,496.25561673341105,1.3042019758956083,-0.6314274878846724,False,True,34.890545612398405,9.608150953113606,49.64243501149241,120.12003756415645,0.4660304139604214,165.0,1.2
sensor_bias,5,0,504.6630986224282,1.5531300530993135,0.08285348113779481,False,True,35.070233549252855,6.148798597724529,49.815044584855784,120.33366749710062,0.5706789443079221,165.0,1.2
sensor_bias,5,1,498.87882691496964,1.2755803596690112,0.8381195005992047,False,True,34.932865622373214,5.952281749967969,50.20300991466398,119.81511367178679,0.6941385588538656,165.0,1.2
sensor_bias,5,2,502.7449150581336,1.313454773452597,0.973968471940369,False,True,34.873268146997674,9.655638502071849,49.844612217369146,119.63207747094053,0.6262943859588965,165.0,1.2
sensor_bias,5,3,504.9438061976499,1.3977144347113302,-1.2597772783271757,False,True,35.098165904158535,9.838460876865444,50.27095896202645,117.8635902126764,0.38762483666920117,165.0,1.2
sensor_bias,5,4,502.5114566049983,1.1747879199711235,-0.11481321696131272,False,True,34.826748685584654,10.477115193542009,49.86104933813904,120.63338584010152,0.5934999538295673,165.0,1.2
sensor_bias,6,0,501.6402174956977,1.1384272070282742,-0.11779744100164972,False,True,34.76520411241794,5.68666851035834,50.13150949729145,120.92885332599747,0.6088694809080148,165.0,1.2
sensor_bias,6,1,495.59927365633257,1.2623881682615188,0.7208212979330496,False,True,34.995314920654465,11.768341183056787,50.53723588594755,119.64795876182062,0.6752604197434103,165.0,1.2
sensor_bias,6,2,501.6144938486389,1.4184662592912973,-0.24251126403696185,False,True,34.91313292587525,8.584356696072978,50.13227232849337,119.77373574970258,0.34784027224331326,165.0,1.2
sensor_bias,6,3,502.10647233410793,1.206855591482176,-0.6183822023701192,False,True,35.024592584054176,9.554820740213202,50.14553021370231,121.45321465728655,0.26351909079702013,165.0,1.2
sensor_bias,6,4,497.4795930211732,1.469507927862736,-0.9044671981063034,False,True,34.87852347394877,6.161799381379919,50.35141592571426,118.61716060470081,0.43898919460183583,165.0,1.2
sensor_bias,7,0,502.0083007642487,1.1106808028913124,-0.4738450890287178,False,True,35.06808188323918,4.022901057982786,49.90618716721177,120.57029209340163,0.27272522727691517,165.0,1.2
sensor_bias,7,1,503.18585500607855,1.2622438741419517,0.6641014851101957,False,True,35.175658406815,7.862092531304906,49.60719179824042,119.76349729147509,0.4267424003425642,165.0,1.2
sensor_bias,7,2,500.5272221454271,1.2498788855437237,1.1700261911638148,False,True,34.913954670857485,9.923705505707826,49.95370085527526,120.72036665357528,0.37853165971649405,165.0,1.2
sensor_bias,7,3,501.6567483183262,1.4105414204371374,-0.047554537302206996,False,True,35.095524253131096,7.665148390425289,50.6230677813308,121.12010197170895,0.4824493086081686,165.0,1.2
sensor_bias,7,4,500.2178231732407,1.462395453870626,0.0009159849063341404,False,True,34.938874643174294,5.2422332506855005,50.28085620748244,119.97518145058775,0.5760399133616131,165.0,1.2
sensor_bias,8,0,500.081959072409,1.0016345867789043,-0.46722208064794857,False,True,34.8952615430562,8.950133269659368,50.07686266752423,120.59849512108357,0.31242321583922916,165.0,1.2
sensor_bias,8,1,501.9893550361018,1.1929153796204148,-0.048856959511371645,False,True,35.23305921988246,10.945306144598367,50.30886402094367,120.9265546367138,0.4271871338191563,165.0,1.2
sensor_bias,8,2,497.91073693415797,1.17645201428817,-0.38175864152478994,False,True,35.03820696741415,1.9597522087785402,50.56764606092401,119.55391153517888,0.3691739699079674,165.0,1.2
sensor_bias,8,3,498.49424619359536,1.4468057113587138,-0.9780962718913374,False,True,35.09151761737864,13.007011908415032,50.503336091603174,120.347394185812,0.5453766499049884,165.0,1.2
sensor_bias,8,4,502.54502120183395,1.2600094867567049,-0.6967559136703362,False,True,34.9124997221652,4.933084806158414,49.79040754297395,119.44350739092656,0.34751365440505966,165.0,1.2
sensor_bias,9,0,499.85580259354504,1.2825464870683534,0.18169488294147507,False,True,35.10043705846619,6.745215190563094,50.564948490149725,120.00224123989263,0.5248598747146204,165.0,1.2
sensor_bias,9,1,499.1016682462189,1.361947970024267,1.3447040636530163,False,True,35.20095269166738,9.340405470559666,50.20558775630381,120.54232710211296,0.5538499281731165,165.0,1.2
sensor_bias,9,2,499.3677545946218,1.2373894284874387,0.22877387101898944,False,True,35.12473685774084,9.205341699135051,50.56860464502118,118.98694763137641,0.7020483720922805,165.0,1.2
sensor_bias,9,3,495.09112013652725,1.3679043278025562,0.5906449671728452,False,True,35.1077153783393,9.903174443264078,49.29023238281634,119.53248451541718,0.3984738737337265,165.0,1.2
sensor_bias,9,4,499.58554476633014,1.3461548876888663,-0.3240714145123726,False,True,34.88824361984407,12.389966655621919,49.914269941929334,120.7600494442673,0.4977814905218601,165.0,1.2
sensor_bias,10,0,498.60639532959584,1.4773471154108342,-0.10846408438549535,False,True,34.897665335278646,11.15069621521956,49.59712578880304,119.2847045324714,0.5165462050928772,165.0,1.2
sensor_bias,10,1,498.0838976183951,1.260054913533934,-0.4226008250449385,False,True,35.07870718994598,9.382280107083272,49.8851607592664,120.30303600947721,0.4766668390367226,165.0,1.2
sensor_bias,10,2,501.1274135824098,1.1762808602140837,-0.8142587559467496,False,True,34.95427134991145,6.699775892448561,49.4351543336007,120.90456777344048,0.4875728873150317,165.0,1.2
sensor_bias,10,3,493.89497843441814,1.5917297863033308,0.7615074333616733,False,True,35.11118425909603,7.7861452207607735,50.069879532857755,119.69670106022602,0.38954744871356795,165.0,1.2
sensor_bias,10,4,500.4763498580257,1.1183045970128394,-0.05161188120539171,False,True,35.012918769937976,5.724049415142381,50.03755608604772,119.47144592083836,0.5032411886535517,165.0,1.2
sensor_bias,11,0,501.4139095143166,1.2688472497817436,0.5548830503455371,False,True,35.002402170071015,10.258975243417133,50.27991183077606,121.11352872357817,0.2946846487062201,165.0,1.2
sensor_bias,11,1,494.245981054431,1.3238580806932638,-0.06257466921111089,False,True,34.98960091524011,7.292488761031018,49.59127565856198,119.3765088565479,0.5138242066102606,165.0,1.2
sensor_bias,11,2,501.45703202386983,1.144596364613605,0.650376330453322,False,True,35.04529521828232,8.701885526062522,50.042214497846764,119.07705706226196,0.43319905280084386,165.0,1.2
sensor_bias,11,3,497.3984032610309,1.1783633135933644,1.2108696974810875,False,True,34.95834270246908,16.125563864055266,49.694670771307365,120.16189545265392,0.4319014018531917,165.0,1.2
sensor_bias,11,4,497.5072021033648,1.3882454103430466,0.5697098161700084,False,True,35.18664508081382,7.119798437254389,50.38093401572868,121.01015644418553,0.5047368472912814,165.0,1.2
sensor_bias,12,0,496.757603647081,1.2166239160843662,-0.03508202224941359,False,True,34.81257727135081,7.333590029484511,49.921248010362824,119.3923727149023,0.5173757760510542,165.0,1.2
sensor_bias,12,1,508.921205187026,1.4128628045739782,-0.3883165089421073,False,True,35.199043792634015,9.772813242285793,50.27160634579439,119.25766910501314,0.37185359481527347,165.0,1.2
sensor_bias,12,2,507.06582633561965,1.437201441117148,-0.24565334445965142,False,True,34.967147122296204,10.257698854635036,50.09022922361765,119.65441146684181,0.5733421770900784,165.0,1.2
sensor_bias,12,3,498.91655985921176,1.1725719710038176,0.06672712459488075,False,True,35.10541085322473,11.972035086362224,50.205708335809206,120.95810647477049,0.5214563416291023,165.0,1.2
sensor_bias,12,4,498.39753196077277,1.1305241208944,0.1758198491598249,False,True,34.872511625372994,9.457738676340428,49.503199176468044,119.08239265537438,0.34289426364934544,165.0,1.2
sensor_bias,13,0,500.23585029093175,1.2033808587914399,-0.8117479728907807,False,True,35.11197523952525,5.612097768070272,49.94228125897639,121.99643401462227,0.5108998615281088,165.0,1.2
sensor_bias,13,1,503.319498709148,1.271480187267326,0.5325457505339232,False,True,35.13986871050858,7.471695767509809,49.50013819726589,120.5665597300825,0.6022899514897521,165.0,1.2
sensor_bias,13,2,497.33061137050623,1.2453599195488316,0.13750438385195501,False,True,35.03999215141867,7.490519312568994,49.45141773877365,119.25859688269843,0.5474976204666413,165.0,1.2
sensor_bias,13,3,498.29362452265485,1.6004270722593101,0.11775012936925322,False,True,34.87534714906443,11.212554561965218,50.0577285908323,121.5253324359699,0.5918571318980252,165.0,1.2
sensor_bias,13,4,496.6744612496682,1.1123725472787644,0.17948061113270677,False,True,35.201252419786506,6.065190764673766,49.57577563706775,119.90125673558809,0.317978730072617,165.0,1.2
sensor_bias,14,0,506.3555062062606,1.1731531383514575,1.6396381779367206,False,True,35.22695760698009,10.444814671170398,50.05699392471598,121.74490881184411,0.3847074646740236,165.0,1.2
sensor_bias,14,1,496.16810897855663,1.2712527468902903,1.010487817146699,False,True,34.78616759761678,8.062386250759063,49.767619370912215,119.9495027768028,0.39320904635251086,165.0,1.2
sensor_bias,14,2,503.96627304099354,1.4605432428690188,0.2536759149325585,False,True,34.785091153959456,13.971494928313273,49.72183801221725,121.1423216475795,0.7171437264699138,165.0,1.2
sensor_bias,14,3,501.8987262409621,1.4094635816368544,0.14054590272318027,False,True,34.95273662413172,13.863010266424304,50.19421539317608,120.73546353962406,0.6253372903129969,165.0,1.2
sensor_bias,14,4,502.7477489456357,1.237039458962681,-0.7111716817719704,False,True,35.015628598258864,11.619471957668964,49.9205855425373,119.0677033368425,0.5036618521837418,165.0,1.2
sensor_bias,15,0,503.09046907522645,1.2314874789608854,0.05173337742747925,False,True,35.02729222252977,7.887814588469776,50.11118995130211,120.30177532951788,0.5816766151661638,165.0,1.2
sensor_bias,15,1,497.230889417438,1.2382724881468998,-0.6994659482589408,False,True,35.04486631417148,7.207051108579212,49.735153340191,119.53494011041154,0.6973445075645612,165.0,1.2
sensor_bias,15,2,500.18276852120556,1.3203423300584594,-0.0242024383907224,False,True,34.947333580214455,5.3685721746416935,50.461342156018794,120.22192585138197,0.494839386371773,165.0,1.2
sensor_bias,15,3,502.8215938571589,1.2438990055250452,-0.40184500712386034,False,True,35.02881680777138,6.807874446768279,50.087937484889856,121.09490301355466,0.3805141567442184,165.0,1.2
sensor_bias,15,4,501.3533429507832,1.3378053338412013,-0.5524621365744513,False,True,34.71104685927355,5.267407614044912,50.51228296910935,120.70733772589112,0.36168260896852245,165.0,1.2
sensor_bias,16,0,495.7417457673332,1.2119147479647434,0.34422582675219654,False,True,35.05695689251972,8.431963659948984,49.76849843367244,118.73415613942855,0.3141244428943094,165.0,1.2
sensor_bias,16,1,498.75408286222586,1.2522513643075999,-0.1716985297927525,False,True,34.73115370840375,4.781174836974836,49.602071440223085,120.35651587748997,0.5726283197908765,165.0,1.2
sensor_bias,16,2,505.6333649884809,1.377835768152167,-0.2995073379772351,False,True,35.07466654636866,7.496692389537456,50.02512970917349,120.74365632756995,0.31885365126829956,165.0,1.2
sensor_bias,16,3,496.56972830545106,1.4583818383880738,0.3618536669178228,False,True,34.90561928064105,8.113108035453864,50.49397304123723,121.07893545330046,0.5920974207121077,165.0,1.2
sensor_bias,16,4,501.0876667972711,1.4574715609421705,0.450519170131662,False,True,35.12652224347822,8.432178582946388,49.91692978523499,120.5170482321892,0.6010185922923383,165.0,1.2
sensor_bias,17,0,497.06736523323065,1.3328973447775734,-0.6382634263480659,False,True,34.96630740633022,3.7460334803821196,50.307635886592614,119.62352210274148,0.4227505266878941,165.0,1.2
sensor_bias,17,1,498.95285828327684,1.2526395517648052,0.6604017575250342,False,True,34.87960987268476,7.275837210370179,50.18036230612778,119.17266186922443,0.6422963710108718,165.0,1.2
sensor_bias,17,2,501.55917603791573,1.1952509940041582,0.214077760351513,False,True,34.64911423134063,10.994524927866046,49.986881689083845,119.69390129862867,0.5007319728649307,165.0,1.2
sensor_bias,17,3,503.68001734308086,1.2991052675905226,-0.5355730671646862,False,True,35.22829859676765,5.988303534124276,49.85357357678723,119.97210900330654,0.5731142373216281,165.0,1.2
sensor_bias,17,4,498.31667342529505,1.2758631239557876,-0.5697528271609354,False,True,34.81613474180436,6.67243544518195,49.94566974412584,119.57980747803785,0.4630912604334619,165.0,1.2
sensor_bias,18,0,494.2142666955245,1.4361824428735261,-0.4122051620890917,False,True,34.951609533003165,7.1591031593276675,49.444015628894014,119.97266974163799,0.5107037504463076,165.0,1.2
sensor_bias,18,1,499.8155175700307,1.2419034880588102,-0.7867452347470707,False,True,34.83889404988701,8.366164598335326,49.21640030677778,119.89674799891783,0.612489161217295,165.0,1.2
sensor_bias,18,2,497.36568548888795,1.127667092219996,-0.1480863038231481,False,True,34.84666433220141,5.03869034060888,50.27497287826082,122.42496381476845,0.2946496845439455,165.0,1.2
sensor_bias,18,3,502.7391673374795,1.3214013221066352,0.7912439558320993,False,True,35.04328598115705,8.14396908078562,50.071091017192316,118.85672442432731,0.5104584831598459,165.0,1.2
sensor_bias,18,4,498.9228020989195,1.483194698174856,-0.8506157620012478,False,True,34.9686832791723,10.863715043633235,49.58323988026437,120.04810786612829,0.4798646613033833,165.0,1.2
sensor_bias,19,0,494.1395917389439,1.4577357329248848,-0.03325594179887301,False,True,35.05123115476327,9.656069461606764,50.229933784462936,120.54570125363631,0.5295863901601701,165.0,1.2
sensor_bias,19,1,495.89036989893253,1.2757186415652886,-0.8505366128930412,False,True,35.07875590805664,8.837568763421473,49.188356646486966,120.37764590314657,0.32011604425290374,165.0,1.2
sensor_bias,19,2,498.2575645093687,1.1503318311914563,0.17564711892846943,False,True,35.01861534486074,6.987625652081525,49.56227388208006,120.35964143532829,0.618831036140713,165.0,1.2
sensor_bias,19,3,500.1729545917984,1.388654909510187,1.2979051628505012,False,True,35.02671294591388,7.744043519293558,49.70022950549949,120.43441838575818,0.6285050082421357,165.0,1.2
sensor_bias,19,4,504.47802053757766,1.1313306965156666,0.07652512208595443,False,True,35.18932213444704,10.740221334976358,50.036555114032815,121.31379818423669,0.49036485922199086,165.0,1.2
sensor_bias,20,0,503.5039814919249,1.4753427156783916,-0.3251865516504577,False,True,35.125676357447304,9.395864722462575,49.788582772549866,121.56460967730577,0.38686180642136186,165.0,1.2
sensor_bias,20,1,504.62446749140616,1.3200943834176824,-0.06641132816806194,False,True,35.170328737806166,10.447265819840458,49.8116991252279,120.6620240941636,0.5319222610890936,165.0,1.2
sensor_bias,20,2,502.51611174934715,1.438558152155538,-0.4956207630614717,False,True,35.12268731337635,7.558132919623514,49.62195337375276,120.01628710500422,0.4923490566824022,165.0,1.2
sensor_bias,20,3,497.0632548779074,1.1670566297448342,-0.28074022944147164,False,True,34.80652424869585,12.316258531549241,49.72997445902513,119.70109232757672,0.5081837505436873,165.0,1.2
sensor_bias,20,4,499.3484719259691,1.239326643661433,-0.3890205810639334,False,True,34.96953065947816,9.151017092703842,50.19554142127625,118.92794420161745,0.5902914612881719,165.0,1.2
sensor_bias,21,0,503.9792773112671,1.5958926478780708,-0.1410951489585812,False,True,34.998465888100775,12.007201000423093,49.88555386405275,119.40283648809121,0.4425431441538576,165.0,1.2
sensor_bias,21,1,502.0610430848222,1.26457839854999,0.2935000601781907,False,True,34.876266789964546,4.608663415276625,49.63140036799736,119.47743404811574,0.5266475957709822,165.0,1.2
sensor_bias,21,2,504.44988943057064,1.2752288978452537,-0.13521778114025654,False,True,35.20484125390872,4.866348964589645,50.16885464741971,120.29446991516436,0.5291767896010208,165.0,1.2
sensor_bias,21,3,497.346249464945,1.5071664735891264,0.6864830286526206,False,True,34.774626267016984,11.761351446667266,49.84279799417363,120.80315017904775,0.36289425035624134,165.0,1.2
sensor_bias,21,4,496.38162850752417,1.308998474892335,0.12576698356136204,False,True,34.87924425999909,10.710491332322563,49.97075496153882,120.9034145171892,0.7474862837073055,165.0,1.2
sensor_bias,22,0,502.7032043368943,1.2591465703401554,0.3736290241636058,False,True,35.16595470680977,2.9911917549969447,49.5967850909288,119.49556229315444,0.6849024661945046,165.0,1.2
sensor_bias,22,1,501.6784799591257,1.3524493925013854,-0.5604838070639165,False,True,35.177906329201015,12.71517766285779,50.206501462175815,120.27004488048323,0.7187239876983365,165.0,1.2
sensor_bias,22,2,505.3373293154784,1.3913287252378543,-0.44090955349690775,False,True,34.900518096904726,13.341058032564186,49.65727343990637,119.84008886521751,0.6088822440862481,165.0,1.2
sensor_bias,22,3,500.68481930992414,1.3334229356558485,-0.6359321411174018,False,True,35.153361222657374,9.757904680725215,50.33474867677744,120.6199666096694,0.41086015112183283,165.0,1.2
sensor_bias,22,4,498.9709744487364,1.3612514932217896,-0.20084571888797534,False,True,34.97021672748417,4.310654034970581,49.98313578698203,120.87769679007724,0.5043278771077068,165.0,1.2
sensor_bias,23,0,494.7566777318391,1.3576916405523511,0.10625735326345291,False,True,35.0268282022922,7.501847174800337,49.512609590248566,120.04123761115954,0.44608041513208013,165.0,1.2
sensor_bias,23,1,502.7070122958381,1.1007047182285525,-0.6891061884067918,False,True,35.16508700369207,4.760851251153399,50.33931190302552,120.69075177549888,0.5231455576568391,165.0,1.2
sensor_bias,23,2,497.26390430214224,1.5059120189992912,0.01658340077839554,False,True,35.212382758673044,9.479772834851032,49.74254799200364,120.21654668134752,0.5033356711487693,165.0,1.2
sensor_bias,23,3,501.54238091225216,1.4749317418837529,0.5954137976284717,False,True,35.20022332022074,6.668314737102534,49.41468924852618,119.51642989352875,0.5615670770188617,165.0,1.2
sensor_bias,23,4,499.3724443890029,1.2537470867211122,1.0798515289280999,False,True,35.10428292268258,9.763832289146523,50.14600271257054,120.99526503630426,0.9306420953797132,165.0,1.2
sensor_bias,24,0,502.62653065838145,1.2956041677587151,-0.6529545466921255,False,True,34.9636573735984,8.38435011565014,50.34021113733767,119.3788110324456,0.47065681538310306,165.0,1.2
sensor_bias,24,1,494.807479574144,1.4060524877746121,-0.8129997041191673,False,True,34.98772671620274,5.619374939502636,49.7086719091315,120.77053580162338,0.6554370376421256,165.0,1.2
sensor_bias,24,2,500.81290703789415,1.5176396545150175,0.5321917670536266,False,True,34.92345291547094,6.108995914848491,49.831926070446976,118.83920289896236,0.5126058339922839,165.0,1.2
sensor_bias,24,3,502.13095702443985,1.2493292245057699,-0.22830808216687,False,True,35.01334149635284,8.33071115539321,50.03826241072746,120.25125503316322,0.49594013333288506,165.0,1.2
sensor_bias,24,4,496.3797101931516,1.3248253317316894,-0.34843215236923347,False,True,34.89333425467325,7.894900661488186,49.69316849239182,120.6867301882786,0.5923547687285704,165.0,1.2
sensor_bias,25,0,497.2571728898515,1.2247013191828027,-0.17494350076230333,False,True,34.910867799017005,7.085880011539755,49.84626994758224,120.46408233361595,0.6237925210133441,165.0,1.2
sensor_bias,25,1,499.43084141690986,1.2415880617332549,-0.3300174230448066,False,True,34.92801215517518,6.384363073315666,50.173570729706015,119.68212768588945,0.549474177627303,165.0,1.2
sensor_bias,25,2,492.81115292380247,1.2934339463200508,0.4965226211841095,False,True,35.05546111774449,8.67870799755864,50.331392816996136,120.94254294953934,0.49989442880251894,165.0,1.2
sensor_bias,25,3,501.4481160018512,1.2809327668393324,-1.323262133677521,False,True,34.976682223016844,10.095725896622133,50.10218681214408,121.30171279423361,0.19528760058247147,165.0,1.2
sensor_bias,25,4,496.3254370330535,1.2656432532695263,0.6326092861562369,False,True,35.027678673852805,7.963747493644045,49.61796326168108,119.57937728776156,0.6207720365231117,165.0,1.2
sensor_bias,26,0,497.0557507493646,1.3184152581265947,0.3363338693619831,False,True,35.056188941608184,7.493709391793378,50.27890518118963,119.76471792308172,0.43613998477891347,165.0,1.2
sensor_bias,26,1,499.38272018145426,1.1913468109955465,0.018104478423812617,False,True,34.96498292005192,10.896406918084786,49.82148907881827,120.56552457325994,0.3922204588894864,165.0,1.2
sensor_bias,26,2,498.72081615463986,1.3784927064731693,-1.0562724555867944,False,True,35.181546727012986,10.29636326008855,49.709369283000825,120.20937373414854,0.5346857658552445,165.0,1.2
sensor_bias,26,3,499.3036837683591,1.2555870576538066,1.1451164341615498,False,True,34.87044410875625,8.981182160609977,50.15819838273168,120.02705368975934,0.20372514923226093,165.0,1.2
sensor_bias,26,4,499.74288230828677,1.3833916819348924,-0.8415846996158496,False,True,34.85151201195319,1.7214921763184492,50.22816018103579,118.38927876766738,0.4291620028663603,165.0,1.2
sensor_bias,27,0,504.56040977966705,1.3726997315861003,0.8355416221461968,False,True,34.86507839941069,12.115138612603882,49.96291192399504,119.89693645290917,0.5368315496737973,165.0,1.2
sensor_bias,27,1,500.27761623101384,1.5207857151873254,-0.6542279186182194,False,True,35.08544295905799,8.075295826353434,50.15461420255695,120.81538231241983,0.48560970305934104,165.0,1.2
sensor_bias,27,2,506.98370525798924,1.5470502161650734,0.9634394890419706,False,True,35.177328829889284,3.0839896567819043,50.16153678411379,119.78847869856999,0.5331202648477035,165.0,1.2
sensor_bias,27,3,505.03413212069296,1.1205638289623459,0.328810438453713,False,True,35.372068929148725,10.278487924516963,49.91192502921842,119.69847699534718,0.34380527643348335,165.0,1.2
sensor_bias,27,4,499.9399129172239,1.335623546496253,-0.40328109396546247,False,True,35.17529249355253,6.906589392931028,49.6912463730962,118.1218012430422,0.54275031950356,165.0,1.2
sensor_bias,28,0,499.4086561168549,1.4850587140455163,-1.2763147751304063,False,True,34.9353259026409,9.279193662352867,49.61370639930893,121.75830415521317,0.6807271107474775,165.0,1.2
sensor_bias,28,1,498.9519488250058,1.158771647659349,-0.8096293843617302,False,True,34.9622033426728,8.89588097883194,49.873935465375745,119.5668055711465,0.49726637836646603,165.0,1.2
sensor_bias,28,2,499.72562930126173,1.2696038958009996,0.12259350126189027,False,True,35.00297309426464,8.356100882980332,49.9727633987043,120.49320696019886,0.605915015075095,165.0,1.2
sensor_bias,28,3,500.7851733729322,1.3790749975257381,-0.31079232909203264,False,True,34.855814543761234,9.799597743700948,50.447597783784175,117.73289464585964,0.4267262808500476,165.0,1.2
sensor_bias,28,4,503.6816906088976,1.3304950053264684,-0.49211878251707725,False,True,35.02850031350248,4.459443981865632,49.946162840471516,119.82386097839276,0.562332084188087,165.0,1.2
sensor_bias,29,0,501.8611403460498,1.1202124511416296,-0.6367238889497377,False,True,35.128958794328085,9.750761253089873,49.90031371086375,119.99237022531311,0.3199373471355371,165.0,1.2
sensor_bias,29,1,502.89107267603765,1.2984680235609742,0.16245928718995326,False,True,34.628234291001284,9.558579135570314,50.4623461477873,120.19976772623632,0.6831029776076336,165.0,1.2
sensor_bias,29,2,495.48196297991024,1.2804478314697794,-0.8091551113668106,False,True,34.912930509737805,2.95722431057212,49.85734472501892,120.55793568153014,0.6695181502625214,165.0,1.2
sensor_bias,29,3,501.7199388835622,1.3124519758609872,0.5694259576766905,False,True,34.772070845018845,5.512203937306328,49.85733123967854,119.07584697579611,0.4620736755141607,165.0,1.2
sensor_bias,29,4,501.40811726441615,1.3334147966813767,-0.3247425047544401,False,True,35.09601908236694,8.620215453590395,50.27992150671865,121.73576948658493,0.47692765345374105,165.0,1.2
sensor_bias,30,0,493.9594544653027,1.3213713427932445,1.0758110466128765,False,True,41.09426564732358,10.636726878962957,50.338548168878624,119.26584039395078,0.4077156386635931,165.0,1.2
sensor_bias,30,1,500.40659255999714,1.1523577962125828,0.04998518114928979,False,True,41.15065198806898,9.47229057427156,49.91656325862898,120.83482692024602,0.5367142476294884,165.0,1.2
sensor_bias,30,2,496.34347433908454,1.5590413065853732,-0.7280230397728659,False,True,41.21897632658655,4.880944755776426,50.0491727418964,121.56197252152347,0.5114057573102012,165.0,1.2
sensor_bias,30,3,498.4074564551071,1.352864814554469,0.24789162748359234,False,True,40.99335614091995,4.0317230402851845,49.8732989950813,120.31984132103298,0.578467484707394,165.0,1.2
sensor_bias,30,4,500.7698338134567,1.5241547808044367,0.9953974855084703,False,True,41.00326578930397,7.29410703352521,49.85549839038504,119.0459109003734,0.48905757522573673,165.0,1.2
sensor_bias,31,0,498.5445620143488,1.2940782563941018,0.40197352012088167,False,True,41.23751806705081,6.433410496447511,49.62438593142385,119.03212232817864,0.6852272417928039,165.0,1.2
sensor_bias,31,1,497.617089644217,1.473503653414015,0.4258507489227986,False,True,40.950594687472055,2.349943197595838,50.18645300525065,119.09765844850388,0.4193014576584836,165.0,1.2
sensor_bias,31,2,503.4714411412474,1.5598108144750467,0.1285837720642319,False,True,40.86445785734889,5.3310883521732215,50.18109009314513,119.69198200497523,0.5391697309290918,165.0,1.2
sensor_bias,31,3,499.5457396053846,1.4387205934390999,-0.2571199769150611,False,True,40.926372005718164,8.730599529260532,50.13353157633816,119.54966358238016,0.3752077804207293,165.0,1.2
sensor_bias,31,4,498.75239001107957,1.318328797131182,-0.5775043032882162,False,True,41.16761390428515,10.84914402478638,50.232552676232096,120.35333689251532,0.6680570467485406,165.0,1.2
sensor_bias,32,0,501.5207165820919,1.399364193153059,0.08753238497798557,False,True,41.018760693852236,6.121813830660703,50.37561442882492,120.3726353151784,0.6469514656586988,165.0,1.2
sensor_bias,32,1,499.4002283455358,1.274896458700998,0.667929592615007,False,True,40.86591339733009,8.269369320672038,50.263349150075925,120.0564009731205,0.42491105446429117,165.0,1.2
sensor_bias,32,2,494.0031151610386,1.0600513603234663,-0.5272968168696601,False,True,40.857261266907216,7.951934184974449,49.63252587542361,120.49982199710803,0.5417632966338944,165.0,1.2
sensor_bias,32,3,495.596923531068,1.2885036595666641,0.5398790385781734,False,True,41.138670116658474,8.429647724832428,50.33061857925268,118.66670811036548,0.43517578784812716,165.0,1.2
sensor_bias,32,4,495.0166868401162,1.2961405351735822,0.595116433425446,False,True,41.00651264466278,4.83633661098727,50.461944154259996,121.71304559298919,0.4386338471042558,165.0,1.2
sensor_bias,33,0,496.5291901781977,1.4942811411850627,0.21680975196141747,False,True,41.05749065142864,4.812252876441878,50.17719859387301,121.00786129301686,0.4329053981816224,165.0,1.2
sensor_bias,33,1,498.72327677067517,1.3193288139361774,0.014117277821939118,False,True,41.09129317544262,11.726613664033454,50.38653559229763,119.38429584335542,0.33063444229530087,165.0,1.2
sensor_bias,33,2,500.954828379908,1.4752340156097619,0.15609640281842072,False,True,41.197877521423486,6.561897167727927,49.986561041761476,120.39422679103308,0.4408350734408382,165.0,1.2
sensor_bias,33,3,498.5954804341058,1.267880928265051,-0.6506184812194591,False,True,41.16739587545755,6.635980322280523,50.65036611477711,121.26520992877401,0.5396984024110273,165.0,1.2
sensor_bias,33,4,497.76021618210575,1.424655019308026,-0.8531020635721085,False,True,40.927582618925584,8.392603333751989,50.06254105808309,119.44043999114086,0.3979400861945448,165.0,1.2
sensor_bias,34,0,499.5008114469054,1.3561554675147873,-0.619204292237059,False,True,41.09323327384065,12.983242875772287,49.9979154707668,120.10970794219033,0.7130918199482598,165.0,1.2
sensor_bias,34,1,495.21130544930134,1.327959058737409,0.7453831905240494,False,True,40.97214979461497,11.048510923393035,49.85309724503062,120.13584115930927,0.613475040767097,165.0,1.2
sensor_bias,34,2,495.46230141742427,1.2870086562945018,-0.8486436528241393,False,True,41.13880552924273,7.411251311413686,49.77939558378347,120.53001417347309,0.34552476308784597,165.0,1.2
sensor_bias,34,3,499.1840499656735,1.1905006171875625,-0.27253211852977904,False,True,41.014009582169464,13.080287869198099,49.74891262972532,120.43602994211135,0.3346113707901789,165.0,1.2
sensor_bias,34,4,504.2150712832201,1.4005417392651256,0.549855935440445,False,True,41.05992826925504,7.481386802045599,49.82810167390762,118.96890823107034,0.370348771746702,165.0,1.2
sensor_bias,35,0,500.8464648254513,1.4138342477847368,0.9454401333734634,False,True,41.14911867181065,4.9060428973015835,50.43820880239882,119.83392836154056,0.4393189822154296,165.0,1.2
sensor_bias,35,1,506.746852362044,1.400151006841476,0.09831078779412866,False,True,40.94848675790106,7.715299825265245,50.11467746596842,121.7991533054759,0.6321718184019963,165.0,1.2
sensor_bias,35,2,500.81686557721457,1.3097339782477802,0.3545439378262187,False,True,40.96813751881806,5.495878027235417,50.18280209892593,119.29196845451398,0.4582289852883254,165.0,1.2
sensor_bias,35,3,503.0495698324388,1.2003034730584998,0.9010200881602126,False,True,41.07934013366436,4.853701336717517,49.69730844503304,120.3223973427015,0.6563644537201723,165.0,1.2
sensor_bias,35,4,495.76786757062206,1.2609497520363355,-0.4118611531700718,False,True,41.31373721729541,4.189922537020218,49.24025470046959,121.9011722620501,0.3840200469856446,165.0,1.2
sensor_bias,36,0,505.1537847863646,1.488493965748962,0.966967904407698,False,True,40.928453519035585,9.496631650918976,50.04687792565484,118.8104397471651,0.6225319798936793,165.0,1.2
sensor_bias,36,1,501.5034352696275,1.2296774226674463,1.0441586012239514,False,True,40.955441805283634,13.330178716959406,50.06041651762607,119.73051382343334,0.4459228655324394,165.0,1.2
sensor_bias,36,2,497.37326485553086,1.541443752608125,-0.40419386003649876,False,True,41.090138795304576,4.442219733828653,49.94468994044528,119.01033364103526,0.4963155246548966,165.0,1.2
sensor_bias,36,3,495.5693216691659,1.2250135838732197,0.0194003860081578,False,True,41.06892333265615,12.03407666166622,50.41855673140525,119.13466877701268,0.2713634370605389,165.0,1.2
sensor_bias,36,4,508.3389042555618,1.215878205996684,0.020294690310742387,False,True,41.03258737022791,2.329794092333305,50.198542176334556,118.61373083804428,0.3636537821118755,165.0,1.2
sensor_bias,37,0,495.7806943974572,1.3740964806992122,-0.5957397244902402,False,True,40.95290528229837,6.03377739878011,50.396389465213645,118.24227188393075,0.5050488793517541,165.0,1.2
sensor_bias,37,1,498.29729520200164,1.2596843861259117,0.5380855416268688,False,True,41.138670457279844,10.149561964886946,50.30135922581482,121.12347032488856,0.4254352443265458,165.0,1.2
sensor_bias,37,2,497.7374938425355,1.1687069014628462,-0.6930971988689658,False,True,40.87418872835904,5.6738845717482045,49.95477126889764,119.24293679308671,0.5545159053300388,165.0,1.2
sensor_bias,37,3,500.6598600544185,1.3174903953950787,0.931189742520887,False,True,41.1962637256588,7.221646794451525,49.98603768161881,120.01571833612707,0.6341157140004049,165.0,1.2
sensor_bias,37,4,495.49611439130587,1.3154899040928512,0.8340739271093484,False,True,40.835601937183334,6.638697561892785,50.11735826355686,119.5025782060307,0.4618728652441746,165.0,1.2
sensor_bias,38,0,506.12747685739015,1.4246977936397434,-0.20908283018365126,False,True,41.224181682321785,8.502440455459054,50.54581249226465,119.28711738312929,0.3522661563440366,165.0,1.2
sensor_bias,38,1,496.970504172938,1.4220575938362756,0.3399190852724891,False,True,41.07296944685343,8.436187900703167,50.18137393244557,120.82974294688442,0.49043458424844527,165.0,1.2
sensor_bias,38,2,491.57468566771496,1.432906652053388,0.10585044702542785,False,True,41.194093157637944,3.9664219560822174,49.57406203121895,119.41919794187353,0.4321140161252047,165.0,1.2
sensor_bias,38,3,503.77281152534914,1.1201191247046225,-0.18227624393801337,False,True,41.0500733814226,7.778830305646298,50.294893568796084,120.22033585734106,0.4318178881563632,165.0,1.2
sensor_bias,38,4,499.57247941792235,1.3069500792024444,-0.16441140262020168,False,True,41.21631830548221,8.745537225181543,49.81211494264077,120.13258694735003,0.40385225221274784,165.0,1.2
sensor_bias,39,0,499.8186785420329,1.206508600009015,0.536034665572607,False,True,41.19439703757507,8.641099948583973,50.240674671064774,120.25845543934547,0.469562214410621,165.0,1.2
sensor_bias,39,1,499.13666635272824,1.2142313793855113,-0.7714827507171449,False,True,41.09903616923805,3.3161116306740137,50.044305559358754,118.44952814009291,0.550201107484099,165.0,1.2
sensor_bias,39,2,495.3691037915742,1.141912834820472,0.1182931873415886,False,True,40.993098263415206,2.766965887129209,49.80922873885988,120.43542214257405,0.23199290346654877,165.0,1.2
sensor_bias,39,3,501.7665423307151,1.4437230899627864,-0.4616468591351293,False,True,41.087931977014385,1.1461602399359636,50.67394378389447,118.68741861615243,0.45620297840940965,165.0,1.2
sensor_bias,39,4,501.14726813417894,1.1791255227940367,0.7017324856529844,False,True,40.99368320730744,7.745035942124093,50.42231959740901,119.93372054865584,0.6665371400407331,165.0,1.2
sensor_bias,40,0,499.5834247896751,1.4921651142041805,-0.05428763747346721,False,True,41.215074264608255,3.279051203238277,49.495166248638654,120.13530952139976,0.43160746917386816,165.0,1.2
sensor_bias,40,1,499.2538303481967,1.342899361149531,-0.013820989554417271,False,True,40.81886421488445,10.925449580973716,50.06462713362749,119.2403387149935,0.308311969442836,165.0,1.2
sensor_bias,40,2,496.638204412822,1.285651204191129,0.9432024265360418,False,True,40.83622326818556,11.171990981088127,49.40041267546499,121.7669080270589,0.6446164055236479,165.0,1.2
sensor_bias,40,3,501.2433532469292,1.393884433303867,-0.22196636838694014,False,True,40.877161085739786,3.4679136149102137,49.96587104759162,119.95255585636824,0.6411316391551646,165.0,1.2
sensor_bias,40,4,496.7441934643694,1.1234934756467196,-0.9005169811413327,False,True,41.290344665262246,13.23226763396634,50.31015160422612,120.07121567021304,0.3118369828119475,165.0,1.2
sensor_bias,41,0,501.73121970504684,1.3569935681921854,0.266270375525393,False,True,41.107136654481074,7.9109968655998895,49.97886362039682,118.49826765906452,0.28091134343502366,165.0,1.2
sensor_bias,41,1,499.26751709493783,1.3360559310559557,-0.5968273185756935,False,True,41.08884914106146,9.428893282906083,49.770398383614825,121.63446207523087,0.32593340845054,165.0,1.2
sensor_bias,41,2,501.5666527716545,1.4220343096151178,0.35967904769875786,False,True,41.12582725350045,9.901450416243632,50.01556624766911,120.42280831094415,0.580835915522575,165.0,1.2
sensor_bias,41,3,500.00605983017584,1.3427611016970291,-0.2566396906682271,False,True,41.0696502150391,11.014300389804454,49.71115300526969,119.44321083405403,0.478209735576735,165.0,1.2
sensor_bias,41,4,495.5809003580774,1.25179912156219,0.14110200405596596,False,True,41.11987123763787,3.8987816967287605,49.96442804341247,118.60842379948258,0.5847593871080986,165.0,1.2
sensor_bias,42,0,497.06420689124826,1.2885379799828913,0.6742132152739101,False,True,40.99515021926046,5.447306583695212,50.33692202709178,120.782507580873,0.510558848500399,165.0,1.2
sensor_bias,42,1,502.1042730997209,1.4906648550054833,1.4159317538350438,False,True,40.909347257774456,3.157837582643266,50.31496249337538,119.82055789380881,0.357581422430205,165.0,1.2
sensor_bias,42,2,498.74168800073323,1.287056731134544,0.15425071647971825,False,True,40.9435663296023,6.95609491090171,49.83307040217235,119.71567581869374,0.4847058990846536,165.0,1.2
sensor_bias,42,3,499.331068214277,1.2528188337787647,-0.02050327523790927,False,True,41.04475961160583,9.4746248025461,50.13813291649851,120.55350715389898,0.6120867164032132,165.0,1.2
sensor_bias,42,4,493.5129296687623,1.3454092063129521,-0.553760947310499,False,True,40.7993798323143,6.202531373227901,49.964302059687995,120.52930980515768,0.5542847885785783,165.0,1.2
sensor_bias,43,0,498.5562192657802,1.4682099335518097,-0.5930247334852008,False,True,41.15280272995226,10.851799219889264,50.58869804406241,120.49322930869461,0.6715751528845366,165.0,1.2
sensor_bias,43,1,500.7953928887494,1.1128970989559157,0.22959910289649096,False,True,40.943191706896584,2.248973740276493,49.73682058197458,121.30124313720246,0.5795345370815612,165.0,1.2
sensor_bias,43,2,496.9821413641603,1.2539544252056651,0.595551236435513,False,True,41.04210562965525,9.490835085146701,49.85286171745187,119.87386327520589,0.6223505957838762,165.0,1.2
sensor_bias,43,3,499.8770015906797,1.3543666937448182,0.09719194511344144,False,True,41.23387855658423,7.576223691008892,50.26997452141406,120.43760653653122,0.5779345953875971,165.0,1.2
sensor_bias,43,4,499.94090901697274,1.3378819219520643,-0.3217751393375084,False,True,40.96191131642524,4.306776073492479,49.75365789128611,118.01594471963303,0.49782684830727814,165.0,1.2
sensor_bias,44,0,507.45607605606756,1.2507497990218006,-0.2809293561325783,False,True,41.103976489750764,8.785934364607455,50.028154773622184,121.22421921173225,0.2721029258503517,165.0,1.2
sensor_bias,44,1,502.10764785190906,1.5801065382142487,-0.45365485688943014,False,True,40.763253251357085,3.477662376908481,50.221339845054764,121.03272323173185,0.5104840710240606,165.0,1.2
sensor_bias,44,2,498.62621101974474,1.2705399191619304,-0.6173348239976576,False,True,41.0204616761358,1.7233665525314699,50.13384921438113,121.19061904752883,0.5639841802036119,165.0,1.2
sensor_bias,44,3,502.2964016582831,1.062466845115654,-0.22915013270674775,False,True,40.895502654569604,5.211156646190259,49.861693008099365,121.62892215230758,0.45049506835109143,165.0,1.2
sensor_bias,44,4,499.48881177282067,1.4027430794983715,-0.2118537209490066,False,True,40.88265674056077,2.058633859938774,50.24755146644836,119.42033257903317,0.5142136032781366,165.0,1.2
sensor_bias,45,0,503.02914355425435,1.2755685641761845,0.07937418415177887,False,True,40.941342595654596,3.438006338793418,49.631443902696226,120.51734838867387,0.41056873027625884,165.0,1.2
sensor_bias,45,1,499.1858520591337,1.276049507503686,0.4403786244858893,False,True,40.85875902782047,8.68321219199121,50.73030927864286,120.50401367948463,0.7213000513866582,165.0,1.2
sensor_bias,45,2,497.7836118450174,1.4291997620450156,0.34281204287611255,False,True,40.971780866704265,11.07935866899336,49.404835810604666,120.18769801119915,0.3452254327768587,165.0,1.2
sensor_bias,45,3,501.73947480661576,1.417909783694275,-0.5517978765411576,False,True,41.12818990654878,9.134191842016744,50.03187535711462,120.16828503011332,0.5221434222015491,165.0,1.2
sensor_bias,45,4,500.643868061964,1.196545352023345,1.3440641481106346,False,True,41.22543085587968,0.672557631418373,50.057813262551754,120.29663977106222,0.3930599403820134,165.0,1.2
sensor_bias,46,0,503.72879588119815,1.4851509222842512,-0.22429403026396136,False,True,41.184399434592365,8.11161738969473,50.0578412187555,119.14772210720649,0.4477790520557218,165.0,1.2
sensor_bias,46,1,497.515327757959,1.3505223905339414,0.433750228058179,False,True,41.04600746409917,5.4285505357242805,50.34991958402644,120.43897855032957,0.4833359872167332,165.0,1.2
sensor_bias,46,2,497.68986592672474,1.4343563401778954,0.044567136191369934,False,True,41.047042729239166,11.108416568418317,50.10622445784644,121.28343411488854,0.405569472979317,165.0,1.2
sensor_bias,46,3,500.0784314656371,1.4542880747412,0.764030189762947,False,True,40.80351620607286,6.7205623440015945,50.51728347984515,118.26679278801019,0.5537159998242331,165.0,1.2
sensor_bias,46,4,500.14559658771515,1.3222354951122797,-0.3751925854319281,False,True,41.40874726158816,10.753686537075785,50.00533190332461,119.5002107006564,0.5378923748183818,165.0,1.2
sensor_bias,47,0,494.1001367029262,1.3090407199656215,-0.05880119748512372,False,True,41.15706720319352,3.0660035252144224,49.77669545859891,120.37786376155117,0.42348238829238966,165.0,1.2
sensor_bias,47,1,495.1660865357254,1.396880205237844,-0.3776938404620584,False,True,40.939458847608584,8.305346630594483,49.891794983985356,119.40369948770349,0.8364327899572421,165.0,1.2
sensor_bias,47,2,498.88761753116523,1.2751996601970517,-0.061704627442128346,False,True,40.988502894712724,8.40324920513768,50.45344114641449,120.83881154457534,0.6919632480264388,165.0,1.2
sensor_bias,47,3,503.9397754274264,1.2434651919916007,0.391229046666398,False,True,40.93947112853228,13.848265066478985,49.95526343949371,120.35794233662754,0.5256136285775413,165.0,1.2
sensor_bias,47,4,506.0726449728642,1.4568078336006427,-0.2206573057508844,False,True,40.944653871631154,6.086508576321782,49.688106259860035,121.12620747574792,0.5689498631720339,165.0,1.2
sensor_bias,48,0,498.1204255551696,1.55271822028317,1.1365042361985025,False,True,41.03298277577952,14.758928786060894,50.391730975260316,119.9009742553833,0.7633704061133681,165.0,1.2
sensor_bias,48,1,498.14659385098344,1.2710980364800586,-0.9867762778137534,False,True,40.99781010828359,12.09245737890041,50.28359284802856,118.94184524564022,0.503652849417133,165.0,1.2
sensor_bias,48,2,497.23553848993083,1.3203972789882086,0.67062668969638,False,True,41.02059150750462,8.106647067884165,49.690278344485385,121.61647465310187,0.34588491071486277,165.0,1.2
sensor_bias,48,3,503.87794272610967,1.1997176642860488,-0.5687103140647822,False,True,41.309681660444134,3.2075155478888036,50.05050729235445,121.62664661612568,0.6468223391320999,165.0,1.2
sensor_bias,48,4,498.2608454643545,1.3587535290943433,0.43230641487528665,False,True,41.1146209485936,9.35638909239834,50.118597628198444,120.39829380015057,0.5098500886621181,165.0,1.2
sensor_bias,49,0,498.15962308912714,1.3004930118810625,-1.9282724354207215,False,True,41.097208114378866,6.83148918009895,50.099141526829655,122.05867556354869,0.6298204072013297,165.0,1.2
sensor_bias,49,1,494.85452906661965,1.252632757164938,-0.3425670060967641,False,True,41.103613428314475,9.735031506800965,49.99688812804741,120.00828576363473,0.3670749649377001,165.0,1.2
sensor_bias,49,2,501.1883092733784,1.2443949777130061,0.7302221039215001,False,True,41.214543413124105,6.496582276290965,49.72318657809431,119.47604070908113,0.4348962570048496,165.0,1.2
sensor_bias,49,3,500.058800875906,1.3612445481987556,0.10814000488182528,False,True,41.07134031216122,5.1887450962301,49.81048136927587,118.3109269761182,0.4609147089240205,165.0,1.2
sensor_bias,49,4,499.0449348194031,1.2551459924719286,-0.5663364687887275,False,True,41.24945222515703,5.868444892696914,49.865741891736164,120.63783185954135,0.3057837939340171,165.0,1.2
sensor_bias,50,0,497.74049813953854,1.0965082872511704,0.3608689253516191,False,True,41.01446358216108,5.2536275981593255,50.12204894275355,119.5041004339964,0.36092823848771416,165.0,1.2
sensor_bias,50,1,506.51861133579035,1.297254879537025,0.14585628514307467,False,True,41.11485297216151,10.287976946926879,49.716308306899926,121.38896772670566,0.7831653415918445,165.0,1.2
sensor_bias,50,2,506.93315438869513,1.436522045712855,0.38297223610519604,False,True,40.82648765670775,11.162416038287212,50.1149021524436,120.8007875630054,0.43793384472316654,165.0,1.2
sensor_bias,50,3,503.24285265217236,1.2308621120768808,-0.4656863459016724,False,True,40.911688052118905,2.9018363629064954,49.77958560956086,120.82759557939654,0.7499263738979578,165.0,1.2
sensor_bias,50,4,504.90672142067973,1.1664678143487521,-0.4329271817364927,False,True,40.905255990054584,5.731712265087507,49.785855046416565,120.35975124593949,0.3803992842791879,165.0,1.2
sensor_bias,51,0,495.9335987038213,1.5641593846198782,-0.8442157271918801,False,True,41.121214100109434,11.402906081015447,49.815933899175775,120.76617573553273,0.6205844639778111,165.0,1.2
sensor_bias,51,1,503.7310081891871,1.3720101813329162,0.5219449807511366,False,True,40.96857894020627,10.210134829243668,50.102992536611644,120.0857014711823,0.5087508165948378,165.0,1.2
sensor_bias,51,2,496.28509373654856,1.4207413130225552,-0.24693341570263888,False,True,40.77212401889649,6.155684249908564,49.8835896977149,121.27557959313712,0.5151899992453479,165.0,1.2
sensor_bias,51,3,504.52524652669786,1.5588253634589337,0.9521887778993847,False,True,41.03111273306303,9.205428202163564,49.82531821859299,120.815484164273,0.6267526658419722,165.0,1.2
sensor_bias,51,4,505.1105642309036,1.2450380271149302,0.06882986048420582,False,True,40.8906145766563,10.860271552523153,50.08008781531369,120.33595300796718,0.4456544378966643,165.0,1.2
sensor_bias,52,0,499.5917201769826,1.5038287243641695,0.10157407994475859,False,True,41.000740938923364,10.367428958916602,49.53455524051274,118.66842330349164,0.5963176378406913,165.0,1.2
sensor_bias,52,1,502.66099029868957,1.4792546394529822,-1.0244999133773243,False,True,40.982444842061426,7.23047796465746,49.57506767203422,119.30701123839732,0.5024991128218023,165.0,1.2
sensor_bias,52,2,498.964662661223,1.489692901859472,-0.10428411014967905,False,True,41.25172342687797,8.893890588384734,50.15940124825474,119.42315286076874,0.5430064491192865,165.0,1.2
sensor_bias,52,3,498.8224843362446,1.3159132445713735,0.02701273922786975,False,True,40.83001701451304,5.195732400159956,49.52384274114762,119.22407043129867,0.3308179251772968,165.0,1.2
sensor_bias,52,4,500.9802869287573,1.5342826361916748,-0.14210208768316368,False,True,41.180353944977334,6.2088296718157565,50.10261249640869,121.0539544474727,0.6361139888795126,165.0,1.2
sensor_bias,53,0,499.95102620081616,1.354132331783843,-0.0768593076887884,False,True,41.21916163666942,11.77595715862257,49.849630597498006,119.90885161401981,0.45222938920280864,165.0,1.2
sensor_bias,53,1,495.41755985280065,1.331651339277218,-0.716180239343001,False,True,41.01604304147804,3.8562120438018948,50.62826889885128,118.87469715046784,0.34038302214904514,165.0,1.2
sensor_bias,53,2,505.9418788536018,1.304901594799439,-0.11721575246765165,False,True,41.09963167744234,8.967381162273362,50.221889287219426,121.11415220022133,0.5197460947764584,165.0,1.2
sensor_bias,53,3,509.81501745878387,1.3865733280603982,0.5717241528357757,False,True,40.91276760591006,5.263793802720556,50.043967111579896,120.75302216380841,0.6478415555449469,165.0,1.2
sensor_bias,53,4,497.627864645201,1.3527672081982132,-0.41698169618263925,False,True,41.017027578072536,6.059562059766817,50.026674498963786,120.46977063793796,0.5370634733239399,165.0,1.2
sensor_bias,54,0,495.68446363812393,1.351887473407584,0.6976337966167432,False,True,40.830026396080534,9.802269042902951,50.0632751760452,119.67953109115467,0.5472252849584776,165.0,1.2
sensor_bias,54,1,504.72375403131025,1.3934738283808665,0.29120873305728606,False,True,41.22640176546934,6.420769050808913,50.28210837115752,119.68029355376846,0.5428197539003542,165.0,1.2
sensor_bias,54,2,502.6919915767355,1.2605687950659863,-0.6821398088126397,False,True,40.97695015152949,5.5244496412391,49.76853317363387,120.90576981691632,0.3851007243864226,165.0,1.2
sensor_bias,54,3,495.5815688914035,1.469231569930832,-1.5038511494763793,False,True,40.93063590432792,6.618235020277844,50.35130692997379,120.74559390698468,0.3111777131788178,165.0,1.2
sensor_bias,54,4,497.08232501158005,1.3474874155386645,-0.22750563491189035,False,True,41.229031330609,9.208644766942959,50.09765463584959,120.36193710862419,0.6555119776055289,165.0,1.2
sensor_bias,55,0,504.3699916701975,1.3745468325438635,-0.9502606562612319,False,True,40.9571761031588,1.9750764386209685,49.27039370028059,121.02044115218345,0.45048693287863045,165.0,1.2
sensor_bias,55,1,497.234783685971,1.4668725556108904,-0.5547785497607193,False,True,41.164507520932695,8.185843953889636,50.18681773527677,121.51342794428784,0.5984583135644025,165.0,1.2
sensor_bias,55,2,503.7395012162018,1.4355871277707932,0.3541820880087224,False,True,41.14050445009195,9.188604306310552,50.27796022228175,119.9444333171514,0.5404563501768499,165.0,1.2
sensor_bias,55,3,496.93412828889916,1.440063979354234,-0.3304576653274554,False,True,40.98362039542723,6.4939881555082355,50.01752383701592,120.13413320811209,0.5573279277621861,165.0,1.2
sensor_bias,55,4,500.7218734932526,1.414902576647017,0.6409337851894941,False,True,41.25843183931618,11.59537391689025,49.94208240335505,121.45212928433668,0.35363964801473863,165.0,1.2
sensor_bias,56,0,502.1605268855709,1.370424651036035,-0.0006785198242850749,False,True,41.14089290812627,8.847234361885125,49.4802280017413,119.7828102307688,0.5698363503379513,165.0,1.2
sensor_bias,56,1,501.23736654982764,1.401535232335223,0.2858246870389948,False,True,41.18246082621346,0.6227886069900421,50.10135508845082,119.78116385779887,0.5858700806123378,165.0,1.2
sensor_bias,56,2,491.12821702342404,1.1703578634814857,0.10050384384652833,False,True,41.18433219392258,5.4203771706571136,49.61820826942881,120.09498045869871,0.5013330604783849,165.0,1.2
sensor_bias,56,3,500.82475948055094,1.2179375081768042,-0.047732199736134635,False,True,40.78732477448317,9.604247200524672,50.23158918809967,120.25142789053815,0.4416626836083128,165.0,1.2
sensor_bias,56,4,502.7672476398664,1.2213213469976056,-0.5395740319465857,False,True,41.11188850112499,1.795642297827163,49.7765164653528,121.18967823576992,0.7018311919140225,165.0,1.2
sensor_bias,57,0,501.4471652410805,1.0884497750006576,-0.03316220268284318,False,True,40.99119036768709,6.415446626115383,49.807072478452966,118.48449356960032,0.4216673892223901,165.0,1.2
sensor_bias,57,1,495.84760031943995,1.3529431477759435,-0.16021572730491537,False,True,41.271517596359914,7.878222199717412,50.18135501576066,120.60809546703646,0.4827458714861342,165.0,1.2
sensor_bias,57,2,498.7686843489799,1.3155151370225424,-0.43605508268448734,False,True,40.92951626231997,10.519481343272375,49.978267808026075,119.50059636802864,0.46757486520930697,165.0,1.2
sensor_bias,57,3,501.2576025917401,1.3623447164730056,0.19376705457334983,False,True,41.221883176102324,0.09344334257540687,49.887432386430994,119.90086981275549,0.3520019338643213,165.0,1.2
sensor_bias,57,4,498.45393870250695,1.4765850320204361,-0.04317047334224714,False,True,41.03113331905986,10.65766230710506,49.866088367572765,120.96092498809524,0.5738015254601326,165.0,1.2
sensor_bias,58,0,503.8304789730677,1.3083616656925163,1.6425907765008219,False,True,40.84676288486054,6.155897094584866,49.35543884150788,120.3659205015261,0.4420493352174408,165.0,1.2
sensor_bias,58,1,501.0933294069155,1.3763988637690339,0.2607742225299157,False,True,41.03672179538054,8.081577115538483,50.22546159522407,118.85924286941678,0.4430373019567798,165.0,1.2
sensor_bias,58,2,504.63391811664343,1.3232818931864205,0.3217861404308114,False,True,41.19904742091111,12.097731157285079,50.011948717360944,118.32830592997036,0.5312812376973921,165.0,1.2
sensor_bias,58,3,500.21992171063164,1.2267312186322807,0.26645141463031713,False,True,41.057865052408545,6.688619068108434,50.15872959826726,120.44845882425703,0.4568418732796521,165.0,1.2
sensor_bias,58,4,508.38553118581564,1.2297435149991367,-0.9030790524893947,False,True,40.99481797488582,12.34324542219313,50.17414632862644,119.67798372083146,0.45854942193963233,165.0,1.2
sensor_bias,59,0,507.4887511539132,1.2161886516293199,-0.003423816790010291,False,True,41.07597779563758,10.1188271417899,49.68395449665745,119.60602568275297,0.6023447836982985,165.0,1.2
sensor_bias,59,1,496.7657055134695,1.506407381476657,-0.09355382573744797,False,True,40.83354581072491,10.562989028627795,50.4007269617719,120.19153231607358,0.43647314690425126,165.0,1.2
sensor_bias,59,2,504.0349448872557,1.3935124448666256,0.7052008583472478,False,True,40.79867533930681,7.031994104190131,50.08710293472692,121.35900130857891,0.6359723241233287,165.0,1.2
sensor_bias,59,3,494.59114454346155,1.2714025753924691,-0.6717961399170239,False,True,41.163907972438345,8.003201868309286,50.44014708160185,120.6850742947849,0.579973954192177,165.0,1.2
sensor_bias,59,4,499.76126560725976,1.539507026475143,-0.3747046989571993,False,True,41.0068026543185,3.7234127362317544,49.82524264728303,118.21869612599089,0.4044374531318491,165.0,1.2
sensor_bias,60,0,501.29529544047926,1.0249097926306345,-0.21808567074168314,False,True,41.03239843182575,6.0355788538993345,49.7261212152634,117.9305401311846,0.650321393147109,165.0,1.2
sensor_bias,60,1,502.37041303656315,1.3244114744109525,1.044770615936956,False,True,41.06480056601496,8.704760636458648,50.07891194733881,118.85207596795536,0.6101486106661838,165.0,1.2
sensor_bias,60,2,500.3066247227507,1.3890756496061498,0.7834867555075202,False,True,40.88767678241057,8.412787162030403,49.93218905584582,119.06466134694377,0.3505440109525386,165.0,1.2
sensor_bias,60,3,500.8477578464864,1.4197494526180392,-0.20141219519214457,False,True,40.94876454266943,10.994623331221204,49.75474296685609,118.0831766141234,0.6324851315387902,165.0,1.2
sensor_bias,60,4,496.25125748021367,1.3754942333662945,-0.7388016520670889,False,True,41.12963018667874,12.021397735431307,50.069635090257094,119.54769089063547,0.7771193997242825,165.0,1.2
sensor_bias,61,0,503.32671779919997,1.4944115394202597,0.6925504388615539,False,True,41.168722031262504,3.784548652010473,50.205708201888726,119.94500071422503,0.5152001073225527,165.0,1.2
sensor_bias,61,1,501.6391791219564,1.3588455792119993,0.01681965273267914,False,True,41.0817430204864,4.5471126589784205,50.15349962880183,120.35858142728534,0.501010371288758,165.0,1.2
sensor_bias,61,2,500.67497750472916,1.1514937936753982,0.06364373006451084,False,True,41.119713468579526,10.04743398053603,50.73230566936242,120.48453852315487,0.3956412204396176,165.0,1.2
sensor_bias,61,3,502.3847817992022,1.4309526755683148,-1.4574893660041714,False,True,40.84625324239989,9.452830536781448,49.666133336641515,118.96110194624228,0.4680330295267495,165.0,1.2
sensor_bias,61,4,494.45501090401865,1.1392709948230781,0.3054109285087338,False,True,40.983019442350916,6.125770367625719,49.942711982611655,120.62020752021141,0.46998034754563234,165.0,1.2
sensor_bias,62,0,502.3921477915722,1.480015601253742,-0.28262330480390097,False,True,41.122506821343904,5.424342878870132,50.35327967220156,117.8002325795714,0.4530157571492091,165.0,1.2
sensor_bias,62,1,501.27258871323255,1.406166559832105,0.17315438403649971,False,True,41.229228885826096,9.124411810965322,49.99182834854164,120.79867101379433,0.23045583342353865,165.0,1.2
sensor_bias,62,2,503.5666167584891,1.3655258966430657,-0.42006332427152854,False,True,40.87626608163816,11.274277498059593,49.9126678511958,120.55920981585665,0.6255645641459247,165.0,1.2
sensor_bias,62,3,496.6233045199709,1.4024804025646789,-0.7198012139008366,False,True,41.081959641337825,6.021228272082549,50.32112622731888,119.99312289820963,0.3459208671688202,165.0,1.2
sensor_bias,62,4,499.42347628495423,1.2573641130036715,1.0705061897664347,False,True,41.31294686600708,8.317281382395723,50.317023220123694,119.96722832232186,0.6189932400766806,165.0,1.2
sensor_bias,63,0,499.08991396944106,1.5494273226531272,0.9883487400155668,False,True,40.683322305463555,7.571296397863648,49.97697891132057,120.4248203828285,0.42479833538981615,165.0,1.2
sensor_bias,63,1,496.99787617940285,1.1931943960889093,-0.6124796193321841,False,True,40.85452139148399,9.592074769150589,50.07202524578875,121.7791270970078,0.41444016727219185,165.0,1.2
sensor_bias,63,2,499.17393966540686,1.4356661599550078,0.5011239589784768,False,True,40.88987863969195,3.315736136746837,49.70024012115137,118.41663508459752,0.5302437111885216,165.0,1.2
sensor_bias,63,3,505.0476760911195,1.2751919862739622,0.2354412031478622,False,True,40.876681555239536,7.904545818721893,49.75936859940479,119.71527952155834,0.41535839039250844,165.0,1.2
sensor_bias,63,4,492.19103868864994,1.250502216924964,0.41174618049111805,False,True,41.20123552760016,8.248352231087662,49.921410899411846,118.62792093556439,0.5052474893606294,165.0,1.2
sensor_bias,64,0,501.5003148176601,1.3343369305658475,0.08448488504351571,False,True,40.93342383259202,6.310118165060848,50.08051476576724,119.7661789745547,0.5619115617847593,165.0,1.2
sensor_bias,64,1,504.3202315466169,1.5120751583722256,1.2380137633063113,False,True,40.903610899407084,7.807341690782535,50.22364239635047,120.10472856149703,0.5955306229451356,165.0,1.2
sensor_bias,64,2,497.7207917778677,1.5175261453973032,0.558116547228815,False,True,41.10465380238672,8.382531225420843,50.2221167398581,119.84612823998044,0.5438607635608596,165.0,1.2
sensor_bias,64,3,501.2414697152384,1.2947688137260143,-0.7071455706076251,False,True,40.96624044981504,4.941839934512679,49.48093242188958,120.7107063639119,0.49973863205344543,165.0,1.2
sensor_bias,64,4,499.25500947164613,1.360985226973043,-0.896125405979969,False,True,41.11754837612682,5.643813998430675,50.073333618442916,120.36734194787863,0.37577251959388486,165.0,1.2
sensor_bias,65,0,500.8073221728323,1.1433531354391127,0.8348005040233443,False,True,40.863266801364524,5.821862141413991,50.21630093586505,119.68898366357094,0.4197045604839775,165.0,1.2
sensor_bias,65,1,501.34999659808295,1.4344154540346836,-0.25396095770992866,False,True,40.984432490497966,14.233215399120805,50.484006586701646,120.97217293734012,0.624150559194497,165.0,1.2
sensor_bias,65,2,504.78197253048216,1.3332817681380804,0.26351430564166417,False,True,41.03042085158603,9.0821202980896,50.67104469647756,119.62661885000298,0.32350752430239477,165.0,1.2
sensor_bias,65,3,497.67379737871534,1.2969701031654621,-0.7080624589355043,False,True,40.95040337907973,4.8613241908789036,50.04430527658373,120.52760132203541,0.7860571148342113,165.0,1.2
sensor_bias,65,4,498.55194513670983,1.5190070601439931,-0.459981273320213,False,True,41.044275183762345,10.821482580255548,50.60159772374997,121.32315892585088,0.5240847833492461,165.0,1.2
sensor_bias,66,0,494.7398475106896,1.307945012502978,-0.410096208876974,False,True,40.89131014631725,5.611562746837948,50.03757614141817,120.8337696071068,0.4902416894047666,165.0,1.2
sensor_bias,66,1,508.96625389685306,1.2778199466954256,0.2898572666727854,False,True,41.161884981442064,8.891065857717102,49.66751951931443,120.6525588846581,0.5229147993118879,165.0,1.2
sensor_bias,66,2,502.5882458168886,1.367952858430346,-0.9466662047085295,False,True,41.08577185106655,2.915964695259155,50.21430318249584,120.52802582007682,0.6226202559795689,165.0,1.2
sensor_bias,66,3,500.98595874588136,1.4422804327839214,-0.27207466372673056,False,True,41.03333078830392,10.783569234172411,49.686820053687306,119.47496484612863,0.492675989177527,165.0,1.2
sensor_bias,66,4,503.3091051553475,1.4571234729135998,0.7585963648219141,False,True,40.95276745375343,6.501592475631613,50.18186467086791,120.12614596576003,0.5464098954928245,165.0,1.2
sensor_bias,67,0,495.94831055002965,1.6097137912150856,-0.18786228682501008,False,True,41.130705746491806,6.046340088932656,50.294955963984286,119.69226312937835,0.29003607970481526,165.0,1.2
sensor_bias,67,1,501.93681748250253,1.385699894581223,0.55298292166723,False,True,41.09460947525118,4.58510359779012,50.394660688157636,120.73783924952623,0.3062329990988285,165.0,1.2
sensor_bias,67,2,500.4404077229403,1.4350041792787094,0.9024841635662593,False,True,40.945392177068406,4.799692500411639,50.19204732303821,120.41602377635341,0.41781843492607446,165.0,1.2
sensor_bias,67,3,500.79734181763416,1.37999923496584,-0.48237710770783176,False,True,40.90477288478819,13.708754737269267,49.87334546227962,120.2915263754319,0.38095085187454747,165.0,1.2
sensor_bias,67,4,498.2221915392497,1.4590642938933436,0.06828411402866824,False,True,41.03227001034619,9.160303208220233,49.8525382525833,121.83270558482556,0.5775292743018557,165.0,1.2
sensor_bias,68,0,502.1486387858478,1.403332263627931,-0.36678093795636746,False,True,40.964459993267894,6.2904409754045485,49.997665554657694,118.14803192087794,0.5159625117637298,165.0,1.2
sensor_bias,68,1,492.25838497965,1.387570758047503,-0.1903799821835371,False,True,41.08630061281117,4.888027499711942,49.77270565075103,119.62344243628479,0.3889382516941962,165.0,1.2
sensor_bias,68,2,505.08354293830735,1.4232052572097562,0.17061161266683572,False,True,41.06573494535888,7.909259722431881,50.063851130353676,120.85112650306574,0.5412000251135201,165.0,1.2
sensor_bias,68,3,506.07710211253954,1.244082604163707,-0.48409655967091714,False,True,41.096641342311734,12.21568596398769,50.130941087995,119.76394361725792,0.7387071655550135,165.0,1.2
sensor_bias,68,4,499.3104379580359,1.462228318626597,0.5478975323494143,False,True,40.831839743219035,1.4976616011805817,49.75584944327174,119.27618344754994,0.5226681244031789,165.0,1.2
sensor_bias,69,0,501.52733167569136,1.3068235755506314,-0.26774089186260347,False,True,41.08542336167532,8.359986859738832,49.64571644608159,120.0879556096887,0.49299639656052996,165.0,1.2
sensor_bias,69,1,501.0904643621483,1.397865952795139,-0.04331850920324133,False,True,40.97509027520083,6.066533670448592,50.45542223067046,118.75021662279353,0.5013550481432741,165.0,1.2
sensor_bias,69,2,497.6900349515527,1.3052344170996855,-1.140877885963026,False,True,41.207206708519045,5.762813706650571,49.96355960777053,119.00516683010105,0.5031410167981439,165.0,1.2
sensor_bias,69,3,498.4184850875341,1.4308930205796768,0.4621624883144686,False,True,41.28567992108109,7.761381211603766,50.12127499009913,120.05385129853865,0.6901044084089687,165.0,1.2
sensor_bias,69,4,505.28080392440694,1.1101849667370354,-0.782317527687773,False,True,41.15004740258148,2.259402979902574,49.971421777873566,119.51004804328775,0.6539039467779135,165.0,1.2
sensor_bias,70,0,503.3329972185966,1.5298205357705164,-1.358822481880759,False,True,41.059904135006306,8.992619186025372,49.912019294388216,120.25829841371856,0.5189743784989362,165.0,1.2
sensor_bias,70,1,503.8925235282378,1.3735543056108657,-1.1096045087988085,False,True,40.96926807785498,6.631789345825594,49.632904319637724,120.38644889745564,0.47286947901824355,165.0,1.2
sensor_bias,70,2,495.61093273688994,1.3725841658842421,0.9018520327817725,False,True,41.07407088270299,8.463478551609992,50.04746837424173,119.714870428816,0.46407212425624006,165.0,1.2
sensor_bias,70,3,500.1970606536796,1.3403007150895092,1.0234025592024891,False,True,40.8317660713806,10.19655238412835,49.94374915201642,121.02119001421656,0.5806394284239051,165.0,1.2
sensor_bias,70,4,504.15303870790945,1.3505279361996705,-0.4216129458072457,False,True,40.96339765320819,6.033534870028881,50.16781476713337,119.0772839549963,0.7570821565519024,165.0,1.2
sensor_bias,71,0,496.16145668411343,1.3713944927961352,0.25385694679535253,False,True,40.95569063649049,6.051875626403456,50.17659404093087,120.05154199251506,0.5009165935523499,165.0,1.2
sensor_bias,71,1,495.00964745194506,1.1888680729979748,-0.4707117833192069,False,True,40.93123845265738,10.614006159074325,50.134988216960735,121.05722913309965,0.4679129216557978,165.0,1.2
sensor_bias,71,2,502.7699604714283,1.2906093882414238,0.3200295182444686,False,True,40.64627046857898,12.060002991438733,49.71452844909602,120.24350755057107,0.47030434514849784,165.0,1.2
sensor_bias,71,3,496.1486231462721,1.26506164303978,-0.014295894500461129,False,True,41.028177401549726,6.918180673721276,49.622630660272314,119.61984923835385,0.6969097753987821,165.0,1.2
sensor_bias,71,4,496.14903008171405,1.3550970463979697,-0.2314245122463902,False,True,40.8761646402471,3.677984321367881,49.940512210664046,121.18542533048014,0.43225916943750486,165.0,1.2
sensor_bias,72,0,501.61191440027466,1.3917806864988023,-0.4746197306041416,False,True,40.94278228408832,10.95794288646124,49.50198786740717,118.86703570101605,0.5560146962163829,165.0,1.2
sensor_bias,72,1,501.9325463060948,1.4022966160684296,0.266991110911826,False,True,40.99083357279664,13.825291010946824,50.427173051483265,117.68579144467101,0.2239549634853309,165.0,1.2
sensor_bias,72,2,499.45978967174034,1.3582572783196263,0.6183579094421024,False,True,40.884445261372456,10.750958944305946,50.2437611321236,120.82086773777986,0.6401318425323732,165.0,1.2
sensor_bias,72,3,498.174036899666,1.2604923326900321,0.0602445029504362,False,True,41.25066746589034,15.559101130100245,50.10349258041054,120.48714551245554,0.5693083524788604,165.0,1.2
sensor_bias,72,4,500.2163711699063,1.3119154360722372,-0.8932825334188473,False,True,41.103047725986315,3.8371327394596566,50.35774082580934,120.88538493782644,0.5961761364775875,165.0,1.2
sensor_bias,73,0,498.0816495868458,1.431735935022083,-0.5746900720219906,False,True,40.83804039609095,6.370044654616234,49.457586818266485,118.82496419771017,0.47853382715420556,165.0,1.2
sensor_bias,73,1,494.55755793026077,1.3492310576541222,0.4023719912119031,False,True,41.13426580547282,10.02514385844066,50.300864991624266,119.93456875851804,0.5841143313644376,165.0,1.2
sensor_bias,73,2,499.73173791788906,1.3373256441007981,-0.7590927801936032,False,True,40.96988289237918,7.0318644682585205,49.72151043055925,120.23335956965845,0.33263818266961637,165.0,1.2
sensor_bias,73,3,505.30949036218516,1.2685744519883853,-0.07180342637630507,False,True,41.0571891181262,5.4053395628563035,49.87600171725972,121.11074553109285,0.6159096161406665,165.0,1.2
sensor_bias,73,4,502.17601336606134,1.2424178634571201,-0.05970585897117974,False,True,41.11876775281762,6.19759675230119,50.484542960849105,121.44134659587212,0.5162837260040914,165.0,1.2
sensor_bias,74,0,506.87882842184496,1.2793448542130583,0.963191118549368,False,True,40.98500465218423,14.180455284700784,49.77655972984193,119.61048692361312,0.5130190456420999,165.0,1.2
sensor_bias,74,1,499.67496363637105,1.3387211005407273,-0.47229177603996775,False,True,41.31898610082811,7.5652807284312065,50.164047721794375,118.59912445374658,0.5472706615613643,165.0,1.2
sensor_bias,74,2,501.18640334752786,1.3049712378806853,0.8539555972722391,False,True,40.998966838376205,5.992942619151933,49.81395127547344,119.75417034298572,0.6080261738464076,165.0,1.2
sensor_bias,74,3,498.8308229077105,1.4681598804170424,0.5997090562021229,False,True,40.83710054865608,13.56693695497301,49.75881974283053,119.1328153176718,0.4152461863417149,165.0,1.2
sensor_bias,74,4,504.30197915748414,1.2489959798604482,-0.8028948858250455,False,True,40.946816570696974,6.29672624599068,49.97812350064966,119.87396962971867,0.5307356851925432,165.0,1.2
sensor_bias,75,0,493.6001205789555,1.3789543668752233,-0.2814164579046745,False,True,41.07558480809568,10.43315460973371,49.94112151134069,121.6266035746527,0.5702418494959219,165.0,1.2
sensor_bias,75,1,499.4443596588335,1.3219850655321794,0.5901409484858624,False,True,41.297984920636736,3.687238486372963,49.964290611232514,120.33703183114993,0.5516664103620598,165.0,1.2
sensor_bias,75,2,498.49183965260687,1.3055348393398092,-0.5794976852666288,False,True,40.73618421135532,8.103750053708556,49.937960925005086,119.2553498632966,0.5461184467011734,165.0,1.2
sensor_bias,75,3,502.04360223435236,1.3002933192782735,-0.36754100877964707,False,True,40.90485647195333,10.729522279353823,49.6643825006836,122.02673884381443,0.4407693062429155,165.0,1.2
sensor_bias,75,4,497.7971532897235,1.181055571268263,-0.701183570020687,False,True,40.95940561213858,1.906602415741749,50.01374165315631,118.68143689380408,0.41369332779320894,165.0,1.2
sensor_bias,76,0,500.5825361804358,1.349002173757273,-0.03005219025514383,False,True,40.86674270663349,9.580305049750082,50.48777430171099,122.25704622041843,0.456712577669067,165.0,1.2
sensor_bias,76,1,497.91067490440014,1.1907512425025246,1.1989534842560927,False,True,40.99898170336113,2.9260994354270826,49.57829966729941,119.40017878734538,0.35345340768949174,165.0,1.2
sensor_bias,76,2,504.31905299216305,1.360296005226844,0.922046588572452,False,True,41.27592390533748,7.988795687082678,50.03460044771364,122.16216165620779,0.5410821606483294,165.0,1.2
sensor_bias,76,3,507.8697411594104,1.3551632917575862,-0.6820805741104646,False,True,40.899148804052935,8.179739964415697,50.273704805548135,120.44941191097763,0.4236746640015041,165.0,1.2
sensor_bias,76,4,496.1131399181368,1.3390459389766944,0.33340190223555716,False,True,41.22792886451273,9.346241690158717,50.11251263634265,118.92358932427601,0.5006303825985485,165.0,1.2
sensor_bias,77,0,495.3639847636267,1.305457330670252,-0.6847605266238727,False,True,41.03737263443695,7.234690528465727,50.492804298661675,121.20097141793417,0.5532343492316679,165.0,1.2
sensor_bias,77,1,503.68001314623615,1.314010958007678,-0.18001632899602066,False,True,40.786117443563036,10.708188102986956,50.3548470729407,119.48007178923878,0.7409876480617812,165.0,1.2
sensor_bias,77,2,499.68997397550976,1.2688191695584587,0.029690447080966475,False,True,40.94960797454189,8.069030058606106,50.48164187376904,119.93776301381092,0.3805747443854192,165.0,1.2
sensor_bias,77,3,496.82604365256185,1.3337194775178867,0.06131767262097209,False,True,40.80152824981811,7.91876058942201,50.42471043397176,120.5708796198923,0.3538862994091376,165.0,1.2
sensor_bias,77,4,498.92766318377767,1.2288528444251994,-0.848691818551013,False,True,41.02783072855322,7.368943541658735,50.30485400613741,116.87732348402233,0.4451859229984451,165.0,1.2
sensor_bias,78,0,503.0039152155943,1.225012173325641,-0.303062590152017,False,True,41.00376988811164,9.113269820348405,49.951279228363276,119.8818842621917,0.34171829008773946,165.0,1.2
sensor_bias,78,1,503.05138560869034,1.2027051405760554,1.0574568221575165,False,True,41.05085449245659,11.157594688808835,49.63223971981648,118.6556598053642,0.6213591694420862,165.0,1.2
sensor_bias,78,2,506.0740368228974,1.4528233974446552,-0.017857648819075613,False,True,40.97654064521439,5.732575266209543,49.93578986748857,120.54709099330701,0.4303283533390001,165.0,1.2
sensor_bias,78,3,494.2165077763141,1.2010438931120735,0.6428459115630963,False,True,40.89724543603442,14.793623735651108,50.178672350519726,119.98963947586617,0.18942206789681443,165.0,1.2
sensor_bias,78,4,496.86545063498926,1.2924915243458914,-0.25076472996097776,False,True,41.108345956333615,9.868112382991585,50.07551391323842,119.88327638958003,0.4700881577693873,165.0,1.2
sensor_bias,79,0,503.95979412020023,1.5407401126038769,0.14101034091890605,False,True,40.8572656652862,7.726711922155392,50.09042866301096,121.00974127566761,0.23284987754610575,165.0,1.2
sensor_bias,79,1,498.4084268565157,1.244999955501241,-0.034738560804378406,False,True,41.291139676882494,5.504142931264789,49.96417308490683,120.39845506123395,0.44385311132784544,165.0,1.2
sensor_bias,79,2,494.15422917548625,1.3873444310475969,-1.3565475644657325,False,True,40.98709142356938,8.077392215923526,50.54154914827433,118.63263655487003,0.4098576665405069,165.0,1.2
sensor_bias,79,3,498.10959369721365,1.1556423789855772,-0.019704792259150995,False,True,40.83289035556513,7.356421452976063,49.82549956796187,120.64479280840253,0.49930377305475043,165.0,1.2
sensor_bias,79,4,498.03181349280345,1.0971877372835839,0.941745032805787,False,True,40.74158609131491,8.480017724229391,49.65649486129649,119.20393933609002,0.39464743003862374,165.0,1.2
sensor_bias,80,0,498.03832670138064,1.449919508332344,-0.63196613685049,False,True,40.95685193773236,12.859742096561964,49.746686127498926,119.90247577609784,0.25542206290087766,165.0,1.2
sensor_bias,80,1,495.8907282007969,1.447721858526076,0.27424872065012595,False,True,41.004220678672034,9.111514917592029,49.60753549622371,120.51689412428046,0.6529619595130934,165.0,1.2
sensor_bias,80,2,499.88328065274595,1.244473973671362,0.2430055039753299,False,True,40.74246618154802,3.0936819577257433,50.06614499912953,120.82283817068475,0.6757809304013194,165.0,1.2
sensor_bias,80,3,505.1332900708424,1.1876105140680113,-0.028186970851261994,False,True,41.13815457689233,9.440704494126425,50.18468108552018,119.8688129607541,0.5261385556113353,165.0,1.2
sensor_bias,80,4,491.5664544476632,1.2842146065594429,0.06422538492430614,False,True,40.85263180509796,10.262888225807616,49.91184651562548,120.08662438637148,0.40243264881768803,165.0,1.2
sensor_bias,81,0,496.5653197292708,1.4893411810468264,0.25200699276818345,False,True,41.01977049682853,10.87646276734678,50.00212269775049,118.70091184976317,0.6426845306857072,165.0,1.2
sensor_bias,81,1,501.91932299249294,1.222232650316761,-0.3628160211516613,False,True,41.185627756433654,6.304398993502852,49.80907434577342,119.87847495292401,0.6711808692174784,165.0,1.2
sensor_bias,81,2,502.3367869998651,1.2996276207923776,-0.08821140091418746,False,True,41.16052757664487,2.6155057380512776,50.0404905361635,120.14015754056321,0.5517681817782641,165.0,1.2
sensor_bias,81,3,495.38949348861075,1.4214465483993686,0.4091465731938287,False,True,40.900981399380015,5.836674108159938,50.05999534299166,120.2917820605056,0.31440697486812647,165.0,1.2
sensor_bias,81,4,502.45003845450196,1.3597652941652987,0.7201096560248239,False,True,41.115500719453834,11.963354208529779,49.919620132584406,119.83709969772794,0.5179544560804783,165.0,1.2
sensor_bias,82,0,500.18299766431477,1.5778507207523087,-0.19300037142287774,False,True,41.171175704498545,6.993563868653235,50.74195426761416,119.02367053659141,0.4328698195023522,165.0,1.2
sensor_bias,82,1,501.141020875338,1.190761102632924,-0.2583885551784404,False,True,41.26427449868051,7.536658794385528,50.39935597504242,119.53824950608478,0.5081185834667021,165.0,1.2
sensor_bias,82,2,498.7568976468455,1.342956272155497,-0.5106876538583867,False,True,40.7250761943153,9.793949708904023,49.77574469090456,119.48269692486797,0.5832006618912422,165.0,1.2
sensor_bias,82,3,504.2192430484964,1.1946567965333852,-0.07337749706729932,False,True,41.16489255498736,10.341862802308952,50.25417933086024,119.51665457436904,0.22535057613381337,165.0,1.2
sensor_bias,82,4,505.27022160190046,1.4001666457299256,0.28264015022900635,False,True,40.78319764773711,5.0585547464056155,50.22010789644318,121.4820673411027,0.5278128050059796,165.0,1.2
sensor_bias,83,0,502.64117660533407,1.2720775463621243,-0.37550297144488654,False,True,40.99564965067951,9.06791391762022,49.81704340051404,119.69893017717567,0.36572474902616103,165.0,1.2
sensor_bias,83,1,501.0406336158744,1.369826878917683,-0.8038071400453299,False,True,41.14591321496898,9.919562867078534,49.1759178135466,121.21058439634471,0.2159307875396304,165.0,1.2
sensor_bias,83,2,499.3425880834257,1.1950715597101706,-0.6678022559727019,False,True,41.21400823339827,8.188269142206307,50.392371400156584,120.27063795278303,0.44316921933866793,165.0,1.2
sensor_bias,83,3,498.60367021865153,1.3291699845445517,-0.2037888048732081,False,True,41.30524991147579,8.900882467904811,49.920367676792765,120.110047677962,0.580141299498556,165.0,1.2
sensor_bias,83,4,500.92528989771955,1.2862222085054935,-1.093734057629846,False,True,41.203091515349996,6.455708456973605,49.81443195780285,119.11294211883965,0.4711400599389043,165.0,1.2
sensor_bias,84,0,496.7047930207962,1.176185593500516,-2.3656898790399814,False,True,40.74422475982682,4.418262658051594,50.053156291960924,119.2383587113921,0.372196003997808,165.0,1.2
sensor_bias,84,1,491.120234893444,1.291554878190548,0.10206888745244548,False,True,40.93799375386992,5.9826647222739595,50.32207186243046,120.23055672042186,0.6013368500488114,165.0,1.2
sensor_bias,84,2,501.8851517608069,1.3796693380937282,0.7086404840610933,False,True,40.943009479028994,7.146584321098235,49.981837569085876,120.50361822454904,0.5126535413604084,165.0,1.2
sensor_bias,84,3,502.78879731018264,1.2881879815191082,0.3439074681142794,False,True,40.89665458912923,2.991720069730315,49.90275332681245,119.76840050579982,0.44351566124328784,165.0,1.2
sensor_bias,84,4,498.1590989475161,1.424734138486469,-0.15335207689415925,False,True,40.79029234410684,7.601193186365255,50.08415086819601,118.89300193422709,0.3868287913484791,165.0,1.2
sensor_bias,85,0,506.4973266222586,1.0907540894380858,0.8977501577544106,False,True,40.77343377986201,11.127246168068583,49.96257535921586,120.34218888354839,0.24622790532643363,165.0,1.2
sensor_bias,85,1,500.5037770550728,1.5776037730423207,-0.9771968454442991,False,True,41.021960373686994,6.474087652465299,50.20081192839398,120.55257810234431,0.7202287767938584,165.0,1.2
sensor_bias,85,2,497.57334460308937,1.4508569687856636,0.48967381456891657,False,True,41.16747465062408,6.360506955206862,50.14700684126817,119.99498895780836,0.37194654497474466,165.0,1.2
sensor_bias,85,3,498.0434590383394,1.163512057344911,0.3902660162907957,False,True,41.093299099080326,9.625078666567713,50.296060294227686,118.25574250341066,0.43943974212505565,165.0,1.2
sensor_bias,85,4,496.80602582239214,1.4248113039566952,-0.43734302454490553,False,True,41.15635810699933,3.4425432920214156,49.53313392771986,119.73960174265547,0.4736598944417564,165.0,1.2
sensor_bias,86,0,502.6856535152026,1.4020709560928433,0.9761571540565667,False,True,40.917719932204456,11.585201198568855,50.482360428046455,119.94194267771411,0.28156907256859853,165.0,1.2
sensor_bias,86,1,503.8479545297852,1.0858584957564352,0.014694401627752266,False,True,41.045344321404215,3.756751054624978,49.85781974144599,119.95969577353681,0.5819724905650745,165.0,1.2
sensor_bias,86,2,502.61730911711584,1.4755126396135751,-0.29545552710167083,False,True,41.14570952362024,9.531678908756353,50.138744389141856,121.34443363564466,0.33544483341631787,165.0,1.2
sensor_bias,86,3,494.0360060117692,1.4676459288846329,-1.154888657638218,False,True,40.78801298209197,4.884815227534725,49.722161715171,121.49440291616109,0.5904044198312778,165.0,1.2
sensor_bias,86,4,499.40927907292615,1.239616290643501,0.21189563663753852,False,True,41.107415830065825,11.298495927034494,49.544767329044106,118.92915794388423,0.3778038349603186,165.0,1.2
sensor_bias,87,0,499.1270558835246,1.2678220915330178,0.1611474775864635,False,True,40.89396323053428,3.6146315858928837,50.30090915628846,119.84943649277481,0.4827283170777701,165.0,1.2
sensor_bias,87,1,500.7535980715755,1.2754933865515312,-0.059510974390180646,False,True,41.158496873302326,7.959939029189567,49.65397703416287,119.20788770230567,0.5050174602004492,165.0,1.2
sensor_bias,87,2,502.30644732463384,1.3482546681318333,0.6467008651923958,False,True,40.77584944675925,6.264383416505922,50.35790961727255,118.18879910589988,0.5518531554186494,165.0,1.2
sensor_bias,87,3,492.24918906528364,1.391286803920715,-0.6715588537677312,False,True,41.15822560293423,10.727933638721051,50.60493012577839,119.96288692162611,0.6114771416830851,165.0,1.2
sensor_bias,87,4,501.6052885801676,1.4214991093807599,-0.353902882385571,False,True,40.92092598476709,8.9417721293124,49.72783241861646,119.10488424592123,0.452682858827158,165.0,1.2
sensor_bias,88,0,503.57487615442585,1.2676163162045346,-1.0277043282348106,False,True,41.06613551028594,3.5888864737204074,49.75255950264465,119.15352901439071,0.6350408776496379,165.0,1.2
sensor_bias,88,1,497.26250875584606,1.288313579637671,0.32459983592206415,False,True,40.99071493716721,7.8197740249104895,50.39674051779827,120.11110898306707,0.2540492151706365,165.0,1.2
sensor_bias,88,2,505.0869392643783,1.4096323589200699,0.9378876281046025,False,True,41.10568512415043,6.952385911226678,49.48747804360884,118.81309631394616,0.5147218059493421,165.0,1.2
sensor_bias,88,3,501.4975924740371,1.377635856006855,0.4366694268309474,False,True,40.86687910993322,9.850078836527846,50.28494494616733,119.66637501869434,0.5283767949145335,165.0,1.2
sensor_bias,88,4,497.97071564493297,1.393865761484789,0.16339127744988421,False,True,41.141492368567164,4.773133852150659,49.959289522546946,120.50209118084773,0.7418218968009668,165.0,1.2
sensor_bias,89,0,497.77715765711963,1.353870198281595,-0.30975609911739105,False,True,41.09717770572444,7.884251500914621,50.1070033261288,119.58513909295823,0.45353140206472625,165.0,1.2
sensor_bias,89,1,495.9838119198926,1.2972090982951543,0.11367811887944286,False,True,40.842761925387,7.036549483190104,50.205145391980636,120.2617916689627,0.6275629142010148,165.0,1.2
sensor_bias,89,2,502.1799837699661,1.126258366827233,-0.9969402444217503,False,True,40.95062724319684,5.176462230492475,49.5892928177183,118.92196770504128,0.6104613599901446,165.0,1.2
sensor_bias,89,3,490.5381993916543,1.1057527235173035,0.1909912145552526,False,True,41.029300285626164,6.6698226107534415,50.28888919162863,118.99221758159634,0.545263752981484,165.0,1.2
sensor_bias,89,4,505.06714739952946,1.4024264974152674,0.6381639262466751,False,True,40.81890655419647,5.451362906537717,50.15523730481655,122.05130718342326,0.4397348179893918,165.0,1.2
sensor_bias,90,0,502.0725751050851,1.4147053408945125,-0.5696608375946899,False,True,40.990759438379094,8.624257993601898,50.182018049022446,119.63357188015064,0.41858029518544254,165.0,1.2
sensor_bias,90,1,500.2997585531647,1.1291211101512963,-0.4540634277264023,False,True,41.0945889095954,9.61864385645298,50.371564051862975,119.15694796321475,0.7576286591801423,165.0,1.2
sensor_bias,90,2,500.7775225919089,1.1991637530927706,-0.21605098192588515,False,True,41.09706497422745,12.380373925173924,50.43871217854597,120.9959527592139,0.5367564095800036,165.0,1.2
sensor_bias,90,3,497.940431348934,1.3415055530636917,0.4010735193344595,False,True,41.0184750048233,11.654134473857564,49.37696605263972,120.84792977102028,0.44107600697548455,165.0,1.2
sensor_bias,90,4,501.34179550764554,1.34342672853086,0.32842872080722224,False,True,41.24624637340462,3.10757649091377,50.48988946831801,119.9235938907472,0.49830737349595694,165.0,1.2
sensor_bias,91,0,501.253270852615,1.4295939580059542,0.05260925474242775,False,True,41.13451687235874,10.903388041749302,50.07269189589192,117.60796708976913,0.5141981089379197,165.0,1.2
sensor_bias,91,1,498.8173624521607,1.1892933218015973,-0.5590239870091366,False,True,41.019516611925354,12.6181430075435,49.97163940178718,121.64096302440464,0.6196827361788402,165.0,1.2
sensor_bias,91,2,509.84315997245443,1.3516398190096761,-0.6710681962362315,False,True,41.37339640733052,4.079838371053101,50.35372109414332,120.62592213765515,0.7191050750690502,165.0,1.2
sensor_bias,91,3,497.2044521549256,1.2678305915442314,-0.10051944773462866,False,True,41.045257481110745,7.71868714040686,49.81026409556805,121.27456932886567,0.6531026359034634,165.0,1.2
sensor_bias,91,4,503.62278072407855,1.2963521834093414,-1.6320814422927352,False,True,40.98968024417935,3.435385746978376,49.343048345160284,120.50776688588796,0.37667371721979176,165.0,1.2
sensor_bias,92,0,503.70876595208154,1.1080831012537544,0.694054933747117,False,True,40.89831763819277,5.61633993747876,49.63664000767088,120.99841842255644,0.3638798475667485,165.0,1.2
sensor_bias,92,1,500.42284612139144,1.1845095844350613,1.5099014036074339,False,True,41.24968425785414,8.911193166711293,49.605615656528784,118.95237752812095,0.621372777863995,165.0,1.2
sensor_bias,92,2,505.4808771554889,1.280539802788808,-0.5907240919200929,False,True,40.70643967136498,4.0659326360483306,49.57034807060592,120.21419591140463,0.6004597290590653,165.0,1.2
sensor_bias,92,3,499.4690827811742,1.4161008714709897,0.7892187254765392,False,True,40.849695260736084,11.446807127583963,49.9021570938884,118.98882059595726,0.4916913470218017,165.0,1.2
sensor_bias,92,4,498.30586280923285,1.5416796931773356,-0.4975673344862901,False,True,40.941159038244415,2.1603201811347814,50.44920838745379,119.49760852806534,0.4874356822993597,165.0,1.2
sensor_bias,93,0,499.83583579253957,1.309926251269777,-0.8873648225077891,False,True,40.989312771744935,7.8091056226408115,49.27844117425104,119.4102126652048,0.5421324602743409,165.0,1.2
sensor_bias,93,1,500.63279585641305,1.3562277044390891,-0.6457907165548451,False,True,40.949949017374934,13.066472540155324,50.54345539231048,119.11247104244835,0.39572999692522526,165.0,1.2
sensor_bias,93,2,498.80911692659885,1.2961690032777295,0.11802729525956542,False,True,41.21942204002265,10.125202739312844,50.25678824715135,121.04710443304064,0.26378925343228066,165.0,1.2
sensor_bias,93,3,499.1558335239931,1.2363603709859459,0.5724649107296083,False,True,40.98208841831117,5.349261360706151,50.42221544486477,119.65549738207042,0.38353262504647234,165.0,1.2
sensor_bias,93,4,502.2600051103952,1.2810767798438087,0.45401175077421935,False,True,40.97390807943084,12.16416856381469,50.19423007811535,120.05183590472457,0.6165357947612232,165.0,1.2
sensor_bias,94,0,497.9438893215403,1.5180038382825911,0.8097242709720276,False,True,41.35443919839841,3.0678822005125,49.871558052874384,121.08084771654735,0.29889324161802316,165.0,1.2
sensor_bias,94,1,495.45367823859874,1.490917316900419,1.0107748927786337,False,True,41.12914056634499,4.421886353179508,50.48595099519221,118.78940411732701,0.5683032497844694,165.0,1.2
sensor_bias,94,2,501.6841048192533,1.4474782185814739,0.10007092896278563,False,True,41.33077733034855,8.116865169349895,50.134517514494036,119.1989235371092,0.4219534610941249,165.0,1.2
sensor_bias,94,3,496.1123336612552,1.2858787737730162,-0.32447847817006836,False,True,41.178322633423726,5.526949440675548,49.84605321250909,119.66597037004694,0.5044814085471327,165.0,1.2
sensor_bias,94,4,498.7235305958784,1.354718150177274,-0.3374318491665213,False,True,41.06925413158152,9.950094904084024,50.06748757272939,121.28944292394269,0.5163154916868342,165.0,1.2
sensor_bias,95,0,500.56418218404326,1.216756508245195,-0.43402461685966104,False,True,41.29347163253429,7.6881374636043915,50.06104379838972,119.54296657060915,0.41102690416483195,165.0,1.2
sensor_bias,95,1,500.05265098387025,1.254173342846932,-0.7788226069267533,False,True,40.95143282327178,6.445428974942464,49.78273273649715,120.37978057993705,0.4172101586298217,165.0,1.2
sensor_bias,95,2,499.5617065153421,1.337555922170287,0.6582520609725191,False,True,40.86457074511491,6.607310209518836,49.97546342090719,118.44199092245908,0.6289652588888723,165.0,1.2
sensor_bias,95,3,497.5690820991121,1.079074663955745,0.24079095544834733,False,True,40.92151508164341,9.688895841130629,49.78334082807995,119.00576354154808,0.5111315678864148,165.0,1.2
sensor_bias,95,4,507.3079617470898,1.23277250990305,0.4480021203410644,False,True,41.06087795895117,8.38809924374067,50.23116548690022,120.10321691401175,0.6013086556491829,165.0,1.2
sensor_bias,96,0,505.3614211430083,1.462857995951247,-0.25857045161442893,False,True,40.89449099309023,11.972580379857423,50.022171864679265,118.30214332354649,0.48570268827373114,165.0,1.2
sensor_bias,96,1,502.01352847320203,1.403032125940058,-0.9751579316057581,False,True,41.03446476020131,8.303154444459784,50.47917691115083,120.26674966354112,0.5918858509697629,165.0,1.2
sensor_bias,96,2,501.8906141033248,1.2616131648353288,0.10316198376271878,False,True,41.069837853500154,9.044705912082563,50.08769932275788,118.49362225940588,0.38490702580753416,165.0,1.2
sensor_bias,96,3,497.8608437160237,1.4513890622382435,0.27296731315506717,False,True,40.805669433717995,3.5535539837763404,50.12292556611315,120.22463412533655,0.43115334255988114,165.0,1.2
sensor_bias,96,4,501.0019158241499,1.4966972584763372,1.0057819693653054,False,True,40.90636569913892,9.079162088156206,49.76584161870303,119.83759952003935,0.3760406754023454,165.0,1.2
sensor_bias,97,0,497.9330681243766,1.2578290920447104,-0.6470285936769372,False,True,41.08266899770555,9.8784965613304,50.354506639384866,120.57830322714958,0.37624440891339683,165.0,1.2
sensor_bias,97,1,499.36671867192626,1.4085812633258783,0.8450656360831484,False,True,40.89023368288107,10.710456855725134,49.83977454995189,119.67526066201376,0.38071000571611313,165.0,1.2
sensor_bias,97,2,503.37975771500993,1.4611067719899637,-0.16075056493980097,False,True,41.141150296648746,9.014724018068133,49.81199580964048,121.17236976229884,0.5623612484571991,165.0,1.2
sensor_bias,97,3,496.8034013286932,1.5767897662541634,0.4685703185019906,False,True,40.952461200290706,10.30853176214131,49.341596705978546,119.30853485872903,0.5665847428592988,165.0,1.2
sensor_bias,97,4,495.1622861948366,1.139229490766607,-0.31777230095054293,False,True,41.01680205405712,3.721012656621639,50.03122998533589,118.99554314243721,0.3905373867328561,165.0,1.2
sensor_bias,98,0,500.2545212740457,1.3512486719636116,-0.6915587281460103,False,True,40.89098704583946,7.507440606843931,50.06806636167427,120.01599465614456,0.2926223919077424,165.0,1.2
sensor_bias,98,1,499.4897208948545,1.2892604051341874,0.5037259589655605,False,True,41.18011160623638,8.605422135589594,50.040449293532426,120.60162009389633,0.40516884945100057,165.0,1.2
sensor_bias,98,2,500.57160236532246,1.3858781278909655,-0.15304546591873422,False,True,41.19231569237184,10.313019414287979,50.135047357335175,120.88858016839608,0.40547777245229466,165.0,1.2
sensor_bias,98,3,504.3763126306361,1.494501695582671,-0.4059912410334523,False,True,40.76360444817903,8.259046516903666,49.88772166622133,119.00493613910089,0.4754160288953472,165.0,1.2
sensor_bias,98,4,495.0105611245867,1.3988985943007395,0.31470114933598403,False,True,41.08478498551743,14.804004458934232,49.75844547289034,120.67340419081792,0.6122912037275063,165.0,1.2
sensor_bias,99,0,497.4450429247448,1.3376832610262772,-0.14319350744709222,False,True,41.18314691212466,10.270213771277856,49.90610008930511,117.5181502432931,0.41505306405812376,165.0,1.2
sensor_bias,99,1,500.37950966111794,1.367412039886873,0.04215598896987035,False,True,41.04718366936191,8.397169325212305,50.10639993664452,120.31350931307452,0.38252053391326235,165.0,1.2
sensor_bias,99,2,501.4118840583084,1.3239939908692084,0.7593350553943833,False,True,41.2086580113935,-1.9638336167380253,50.01574670661331,119.99391222545856,0.4482472028750385,165.0,1.2
sensor_bias,99,3,503.58246158145994,1.2848349299743729,0.003270005561638114,False,True,40.89955646785567,5.248053770804233,50.401027231939466,120.7298202774064,0.33414196198999413,165.0,1.2
sensor_bias,99,4,499.9981267347188,1.4592362980713054,1.0607020958280524,False,True,40.98336695397219,9.889288864332851,49.96876064994328,121.16974993356139,0.4427365074848741,165.0,1.2
