subgroup,xbar,range,ewma,xbar_lcl,xbar_ucl,r_lcl,r_ucl,ewma_lcl,ewma_ucl,cusum_plus,cusum_minus,cusum_h,xbar_alarm,r_alarm,ewma_alarm,cusum_alarm,lot,scenario
1,498.6240094522016,5.82806475707406,499.64801223653313,495.18222462381755,504.62580124141436,0.0,17.29958489566703,498.9599797994708,500.84804606576114,0.0,0.313532980235422,5.0,False,False,False,False,0,stable
2,502.33547635490834,9.540895716037141,500.18550506020824,495.18222462381755,504.62580124141436,0.0,17.29958489566703,498.6950606454596,501.1129652197723,1.045367426368745,0.0,5.0,False,False,False,False,1,stable
3,498.06120281574675,5.164877525710324,499.760644611316,495.18222462381755,504.62580124141436,0.0,17.29958489566703,498.55249505949956,501.25553080573235,0.0,0.6712365078095743,5.0,False,False,False,False,2,stable
4,498.43323277905347,7.580046476804398,499.49516224486354,495.18222462381755,504.62580124141436,0.0,17.29958489566703,498.46866526889755,501.33936059633436,0.0,1.1060215923090992,5.0,False,False,False,False,3,stable
5,501.82924437927903,10.011102689651466,499.9619786717467,495.18222462381755,504.62580124141436,0.0,17.29958489566703,498.417493096707,501.3905327685249,0.7236211076080625,0.0,5.0,False,False,False,False,4,stable
6,502.7484206796359,6.0649792826802695,500.51926707332456,495.18222462381755,504.62580124141436,0.0,17.29958489566703,498.3856477134054,501.42237815182654,2.031443935315382,0.0,5.0,False,False,False,False,5,stable
7,499.68801007119,6.507198677775364,500.35301567289764,495.18222462381755,504.62580124141436,0.0,17.29958489566703,498.36561258245433,501.4424132827776,1.3941587995449918,0.0,5.0,False,False,False,False,6,stable
8,501.5191898814643,2.9680318328378803,500.586250514611,495.18222462381755,504.62580124141436,0.0,17.29958489566703,498.3529259059158,501.4550999593161,1.92071828700732,0.0,5.0,False,False,False,False,7,stable
9,500.20426368761963,4.63428426767598,500.50985314921274,495.18222462381755,504.62580124141436,0.0,17.29958489566703,498.3448606072512,501.46316525798073,1.6115489333872866,0.0,5.0,False,False,False,False,8,stable
10,498.60037806744856,4.764682457017784,500.12795813285993,495.18222462381755,504.62580124141436,0.0,17.29958489566703,498.33972063907305,501.46830522615886,0.2829965323773027,0.32855240100998384,5.0,False,False,False,False,9,stable
11,498.4378069645689,7.23243514799168,499.78992789920176,495.18222462381755,504.62580124141436,0.0,17.29958489566703,498.3364399041914,501.4715859610405,0.0,0.7604302662468645,5.0,False,False,False,False,10,stable
12,498.40450559140265,7.211050969438816,499.51284343764195,495.18222462381755,504.62580124141436,0.0,17.29958489566703,498.3343438324167,501.4736820328152,0.0,1.2134735156193357,5.0,False,False,False,False,11,stable
13,502.01174539794226,12.163601539944978,500.0126238297021,495.18222462381755,504.62580124141436,0.0,17.29958489566703,498.33300381414693,501.475022051085,0.8396134465984526,0.0,5.0,False,False,False,False,12,stable
14,499.17080922858185,6.645037459479795,499.84426090947807,495.18222462381755,504.62580124141436,0.0,17.29958489566703,498.33214680196863,501.4758790632633,0.0,0.0,5.0,False,False,False,False,13,stable
15,502.2272726824817,10.187397227703968,500.3208632640788,495.18222462381755,504.62580124141436,0.0,17.29958489566703,498.33159855930694,501.476427305925,0.9765963195330476,0.0,5.0,False,False,False,False,14,stable
16,500.9358127643624,5.8595796577884585,500.4438531641356,495.18222462381755,504.62580124141436,0.0,17.29958489566703,498.33124778429766,501.47677808093425,1.1323782802628708,0.0,5.0,False,False,False,False,15,stable
17,499.55731774415244,9.891619221147664,500.266546080139,495.18222462381755,504.62580124141436,0.0,17.29958489566703,498.3310233293428,501.4770025358891,0.4120289029215649,0.0,5.0,False,False,False,False,16,stable
18,499.91521806455984,6.612652109850217,500.19628047702315,495.18222462381755,504.62580124141436,0.0,17.29958489566703,498.3308796949786,501.4771461702533,0.0,0.0,5.0,False,False,False,False,17,stable
19,498.61148783816844,8.524900641955014,499.87932194925224,495.18222462381755,504.62580124141436,0.0,17.29958489566703,498.3307877758676,501.47723808936433,0.0,0.3214913538942732,5.0,False,False,False,False,18,stable
20,498.5877002553242,10.338428798633743,499.6209976104667,495.18222462381755,504.62580124141436,0.0,17.29958489566703,498.3307289504549,501.477296914777,0.0,0.6581014035264792,5.0,False,False,False,False,19,stable
21,501.411257507311,7.561212613498753,499.9790495898356,495.18222462381755,504.62580124141436,0.0,17.29958489566703,498.330691303345,501.4773345618869,0.45796080991781174,0.0,5.0,False,False,False,False,20,stable
22,500.8436175598258,8.068260923046466,500.1519631838337,495.18222462381755,504.62580124141436,0.0,17.29958489566703,498.33066720966747,501.47735865556444,0.5551461803588316,0.0,5.0,False,False,False,False,21,stable
23,501.8749614740318,6.366354866742029,500.49656284187336,495.18222462381755,504.62580124141436,0.0,17.29958489566703,498.3306517899075,501.4773740753244,1.3078237436023823,0.0,5.0,False,False,False,False,22,stable
24,499.1284839262149,7.950334563999036,500.2229470587417,495.18222462381755,504.62580124141436,0.0,17.29958489566703,498.3306419213404,501.47738394389154,0.3149200652215881,0.0,5.0,False,False,False,False,23,stable
25,499.3515168976022,7.819051084237458,500.04866102651386,495.18222462381755,504.62580124141436,0.0,17.29958489566703,498.33063560548993,501.477390259742,0.0,0.0,5.0,False,False,False,False,24,stable
26,497.45454405309374,8.636963078048723,499.5298376318299,495.18222462381755,504.62580124141436,0.0,17.29958489566703,498.33063156335896,501.47739430187295,0.0,1.0568111712528965,5.0,False,False,False,False,25,stable
27,498.8411706324209,2.6871315589221467,499.3921042319481,495.18222462381755,504.62580124141436,0.0,17.29958489566703,498.3306289764006,501.4773968888313,0.0,1.2323228219853182,5.0,False,False,False,False,26,stable
28,503.35915526131737,7.043792340765322,500.185514437822,495.18222462381755,504.62580124141436,0.0,17.29958489566703,498.33062732074944,501.47739854448247,1.6959879631703334,0.0,5.0,False,False,False,False,27,stable
29,500.5106196449904,4.729741783891825,500.2505354792557,495.18222462381755,504.62580124141436,0.0,17.29958489566703,498.3306262611336,501.4773996040983,1.581529544970611,0.0,5.0,False,False,False,False,28,stable
30,500.6724464299952,7.409109696127416,500.33491766940364,495.18222462381755,504.62580124141436,0.0,17.29958489566703,498.3306255829799,501.477400282252,1.5699235242067529,0.0,5.0,False,False,False,False,29,stable
31,497.9773623265896,6.810379348154015,499.86340660084085,495.18222462381755,504.62580124141436,0.0,17.29958489566703,498.33062514896164,501.47740071627027,0.0,0.724523084019753,5.0,False,False,False,False,30,stable
32,499.58624448325554,5.854351497030393,499.80797417732384,495.18222462381755,504.62580124141436,0.0,17.29958489566703,498.33062487119,501.4774009940419,0.0,0.4264874673894652,5.0,False,False,False,False,31,stable
33,497.10753409197,7.517601421053314,499.2678861602531,495.18222462381755,504.62580124141436,0.0,17.29958489566703,498.3306246934162,501.4774011718157,0.0,1.7038480763305888,5.0,False,False,False,False,32,stable
34,498.5125983889985,4.425638201710285,499.11682860600223,495.18222462381755,504.62580124141436,0.0,17.29958489566703,498.330624579641,501.47740128559093,0.0,2.0881906876847247,5.0,False,False,False,False,33,stable
35,498.7147079125049,9.003765833918749,499.03640446730276,495.18222462381755,504.62580124141436,0.0,17.29958489566703,498.33062450682485,501.47740135840706,0.0,2.3440783647297296,5.0,False,False,False,False,34,stable
36,501.4455240335542,10.978984791421965,499.51822838055307,495.18222462381755,504.62580124141436,0.0,17.29958489566703,498.3306244602225,501.4774014050094,0.47973961727535974,0.86433874745437,5.0,False,False,False,False,35,stable
37,501.58774216725016,12.76958258639587,499.9321311378925,495.18222462381755,504.62580124141436,0.0,17.29958489566703,498.33062443039705,501.47740143483486,1.0498689435784985,0.0,5.0,False,False,False,False,36,stable
38,497.59429157754374,5.16374566311265,499.46456322582276,495.18222462381755,504.62580124141436,0.0,17.29958489566703,498.33062441130875,501.47740145392316,0.0,0.9679917095983617,5.0,False,False,False,False,37,stable
39,499.60359152826294,14.55279118967519,499.4923688863108,495.18222462381755,504.62580124141436,0.0,17.29958489566703,498.3306243990922,501.4774014661397,0.0,0.6589308157410321,5.0,False,False,False,False,38,stable
40,499.44765183024583,6.397438539140865,499.4834254750979,495.18222462381755,504.62580124141436,0.0,17.29958489566703,498.33062439127366,501.47740147395825,0.0,0.44898065806998533,5.0,False,False,False,False,39,stable
41,498.6926012523985,4.605148834107183,499.32526063055803,495.18222462381755,504.62580124141436,0.0,17.29958489566703,498.33062438626973,501.4774014789622,0.0,0.7189186852543257,5.0,False,False,False,False,40,stable
42,499.63046995197845,6.150319346969468,499.38630249484214,495.18222462381755,504.62580124141436,0.0,17.29958489566703,498.33062438306723,501.4774014821647,0.0,0.3927746471056728,5.0,False,False,False,False,41,stable
43,498.1508331749484,8.591343430958602,499.13920863086344,495.18222462381755,504.62580124141436,0.0,17.29958489566703,498.3306243810177,501.4774014842142,0.0,1.0070447057167853,5.0,False,False,False,False,42,stable
44,499.2303328252685,3.8132515245890772,499.1574334697445,495.18222462381755,504.62580124141436,0.0,17.29958489566703,498.3306243797059,501.477401485526,0.0,0.9352161863742494,5.0,False,False,False,False,43,stable
45,501.99502967176505,8.829865036322815,499.7249527101486,495.18222462381755,504.62580124141436,0.0,17.29958489566703,498.3306243788664,501.4774014863655,0.8289894172564829,0.0,5.0,False,False,False,False,44,stable
46,500.476390065397,5.245531709236957,499.8752401811983,495.18222462381755,504.62580124141436,0.0,17.29958489566703,498.3306243783291,501.4774014869028,0.6927756739151449,0.0,5.0,False,False,False,False,45,stable
47,499.83160352384687,6.2134681232391245,499.86651284972805,495.18222462381755,504.62580124141436,0.0,17.29958489566703,498.33062437798526,501.47740148724665,0.1467543598997061,0.0,5.0,False,False,False,False,46,stable
48,499.6332522340214,11.972508269938032,499.81986072658674,495.18222462381755,504.62580124141436,0.0,17.29958489566703,498.33062437776516,501.47740148746675,0.0,0.0,5.0,False,False,False,False,47,stable
49,499.12826921730965,6.642404236178834,499.68154242473133,495.18222462381755,504.62580124141436,0.0,17.29958489566703,498.33062437762436,501.47740148760755,0.0,0.0,5.0,False,False,False,False,48,stable
50,498.66123942488684,6.3337802067587745,499.47748182476244,495.18222462381755,504.62580124141436,0.0,17.29958489566703,498.3306243775342,501.4774014876977,0.0,0.2898706925181338,5.0,False,False,False,False,49,stable
51,503.8683675873752,9.192656249156585,500.35565897728503,495.18222462381755,504.62580124141436,0.0,17.29958489566703,498.3306243774765,501.4774014877554,2.019628505972869,0.0,5.0,False,False,False,False,50,stable
52,501.1171022774317,9.176965527082302,500.5079476373144,495.18222462381755,504.62580124141436,0.0,17.29958489566703,498.33062437743956,501.47740148779235,2.2906328079770475,0.0,5.0,False,False,False,False,51,stable
53,500.20402888037944,3.8385059624449696,500.4471638859274,495.18222462381755,504.62580124141436,0.0,17.29958489566703,498.330624377416,501.47740148781594,1.9813142177050707,0.0,5.0,False,False,False,False,52,stable
54,501.7506694022407,14.39745760598322,500.7078649891901,495.18222462381755,504.62580124141436,0.0,17.29958489566703,498.33062437740085,501.47740148783106,2.6549953554458403,0.0,5.0,False,False,False,False,53,stable
55,499.15282062983067,9.142185139906758,500.39685611731824,495.18222462381755,504.62580124141436,0.0,17.29958489566703,498.33062437739113,501.4774014878408,1.6775593779928704,0.0,5.0,False,False,False,False,54,stable
56,500.6000556709044,7.435863381298361,500.4374960280355,495.18222462381755,504.62580124141436,0.0,17.29958489566703,498.33062437738494,501.477401487847,1.6199438964066193,0.0,5.0,False,False,False,False,55,stable
57,499.62362351584795,11.63903061644237,500.27472152559807,495.18222462381755,504.62580124141436,0.0,17.29958489566703,498.330624377381,501.4774014878509,0.9417365388954448,0.0,5.0,False,False,False,False,56,stable
58,499.1549982407495,5.599564921640535,500.05077686862836,495.18222462381755,504.62580124141436,0.0,17.29958489566703,498.33062437737846,501.47740148785346,0.0,0.0,5.0,False,False,False,False,57,stable
59,503.63263587861474,8.165609475183999,500.76714867062566,495.18222462381755,504.62580124141436,0.0,17.29958489566703,498.3306243773768,501.4774014878551,1.8698042886966757,0.0,5.0,False,False,False,False,58,stable
60,500.528362341072,12.897606610451646,500.719391404715,495.18222462381755,504.62580124141436,0.0,17.29958489566703,498.3306243773758,501.4774014878561,1.7666226120383133,0.0,5.0,False,False,False,False,59,stable
61,500.21426970529865,6.119155556349483,500.6183670648317,495.18222462381755,504.62580124141436,0.0,17.29958489566703,498.3306243773751,501.4774014878568,1.4638127922064728,0.0,5.0,False,False,False,False,60,stable
62,500.4961334258213,8.871706895181319,500.59392033702966,495.18222462381755,504.62580124141436,0.0,17.29958489566703,498.3306243773747,501.4774014878572,1.3401473544686728,0.0,5.0,False,False,False,False,61,stable
63,500.65562681364383,6.943312238518217,500.6062616323525,495.18222462381755,504.62580124141436,0.0,17.29958489566703,498.3306243773744,501.4774014878575,1.3178512747900395,0.0,5.0,False,False,False,False,62,stable
64,498.50008891880395,12.856637402469573,500.18502708964286,495.18222462381755,504.62580124141436,0.0,17.29958489566703,498.33062437737425,501.47740148785766,0.0,0.39229326674240306,5.0,False,False,False,False,63,stable
65,500.8075634658059,6.599439768749221,500.3095343648755,495.18222462381755,504.62580124141436,0.0,17.29958489566703,498.33062437737414,501.4774014878578,0.07427043700020974,0.0,5.0,False,False,False,False,64,stable
66,500.6330067633645,7.1081751517668295,500.3742288445733,495.18222462381755,504.62580124141436,0.0,17.29958489566703,498.3306243773741,501.47740148785783,0.037597711321472715,0.0,5.0,False,False,False,False,65,stable
67,502.11788222513206,14.22640638616349,500.72295952068504,495.18222462381755,504.62580124141436,0.0,17.29958489566703,498.330624377374,501.4774014878579,0.9446686380421672,0.0,5.0,False,False,False,False,66,stable
68,499.46901382247125,5.9885069324728875,500.4721703810423,495.18222462381755,504.62580124141436,0.0,17.29958489566703,498.330624377374,501.4774014878579,0.1681958566078362,0.0,5.0,False,False,False,False,67,stable
69,500.97562135487607,13.81871713288956,500.5728605758091,495.18222462381755,504.62580124141436,0.0,17.29958489566703,498.33062437737397,501.47740148785795,0.3492789995415181,0.0,5.0,False,False,False,False,68,stable
70,500.8014240002667,7.590768972854221,500.6185732607006,495.18222462381755,504.62580124141436,0.0,17.29958489566703,498.33062437737397,501.47740148785795,0.41964737082582326,0.0,5.0,False,False,False,False,69,stable
71,501.43731056906273,8.54210597101951,500.782320722373,495.18222462381755,504.62580124141436,0.0,17.29958489566703,498.33062437737397,501.47740148785795,0.8941667489783693,0.0,5.0,False,False,False,False,70,stable
72,497.2477435670946,7.760313019483249,500.07540529131734,495.18222462381755,504.62580124141436,0.0,17.29958489566703,498.33062437737397,501.47740148785795,0.0,1.1882475448747694,5.0,False,False,False,False,71,stable
73,500.2789316895364,3.7585094064288,500.1161105709612,495.18222462381755,504.62580124141436,0.0,17.29958489566703,498.33062437737397,501.47740148785795,0.0,0.4499600883711866,5.0,False,False,False,False,72,stable
74,499.9712898326484,10.751932431924388,500.0871464232987,495.18222462381755,504.62580124141436,0.0,17.29958489566703,498.33062437737397,501.47740148785795,0.0,0.0,5.0,False,False,False,False,73,stable
75,502.1745994941877,8.048005514134445,500.5046370374765,495.18222462381755,504.62580124141436,0.0,17.29958489566703,498.33062437737397,501.47740148785795,0.9431187731771058,0.0,5.0,False,False,False,False,74,stable
76,498.2754150828943,8.443481655396852,500.0587926465601,495.18222462381755,504.62580124141436,0.0,17.29958489566703,498.33062437737397,501.47740148785795,0.0,0.5350894216788951,5.0,False,False,False,False,75,stable
77,501.3590290309092,11.756601241273586,500.31883992343,495.18222462381755,504.62580124141436,0.0,17.29958489566703,498.33062437737397,501.47740148785795,0.42476590950506865,0.0,5.0,False,False,False,False,76,stable
78,498.89753574434235,8.316028382609431,500.03457908761254,495.18222462381755,504.62580124141436,0.0,17.29958489566703,498.33062437737397,501.47740148785795,0.0,0.13968762510719834,5.0,False,False,False,False,77,stable
79,500.6422592116971,11.857529046583352,500.15611511242946,495.18222462381755,504.62580124141436,0.0,17.29958489566703,498.33062437737397,501.47740148785795,0.0,0.0,5.0,False,False,False,False,78,stable
80,498.53277146844385,9.805564944713979,499.8314463836324,495.18222462381755,504.62580124141436,0.0,17.29958489566703,498.33062437737397,501.47740148785795,0.0,0.3715211888402131,5.0,False,False,False,False,79,stable
81,498.1024160146858,13.566835623179202,499.4856403098431,495.18222462381755,504.62580124141436,0.0,17.29958489566703,498.33062437737397,501.47740148785795,0.0,1.016563786187096,5.0,False,False,False,False,80,stable
82,499.73219233294833,7.060544965891211,499.5349507144642,495.18222462381755,504.62580124141436,0.0,17.29958489566703,498.33062437737397,501.47740148785795,0.0,0.6257679615290208,5.0,False,False,False,False,81,stable
83,501.91407616737905,6.513323955054943,500.01077580504716,495.18222462381755,504.62580124141436,0.0,17.29958489566703,498.33062437737397,501.47740148785795,0.7775377245920791,0.0,5.0,False,False,False,False,82,stable
84,500.51067168420104,4.037506386682537,500.11075498087797,495.18222462381755,504.62580124141436,0.0,17.29958489566703,498.33062437737397,501.47740148785795,0.6631123810009498,0.0,5.0,False,False,False,False,83,stable
85,498.13161518654914,11.668562416738666,499.7149270220122,495.18222462381755,504.62580124141436,0.0,17.29958489566703,498.33062437737397,501.47740148785795,0.0,0.6264844530372193,5.0,False,False,False,False,84,stable
86,499.8847866282305,9.69130079986644,499.7488989432559,495.18222462381755,504.62580124141436,0.0,17.29958489566703,498.33062437737397,501.47740148785795,0.0,0.13870413286228733,5.0,False,False,False,False,85,stable
87,500.51924044935976,9.811948518016038,499.9029672444767,495.18222462381755,504.62580124141436,0.0,17.29958489566703,498.33062437737397,501.47740148785795,0.0,0.0,5.0,False,False,False,False,86,stable
88,499.20831578503703,10.057258259350192,499.7640369525888,495.18222462381755,504.62580124141436,0.0,17.29958489566703,498.33062437737397,501.47740148785795,0.0,0.0,5.0,False,False,False,False,87,stable
89,501.07852645872407,7.824430508532259,500.0269348538159,495.18222462381755,504.62580124141436,0.0,17.29958489566703,498.33062437737397,501.47740148785795,0.2464866337021614,0.0,5.0,False,False,False,False,88,stable
90,498.30926002763243,14.528948007875158,499.68339988857923,495.18222462381755,504.62580124141436,0.0,17.29958489566703,498.33062437737397,501.47740148785795,0.0,0.5135785592632758,5.0,False,False,False,False,89,stable
91,500.4864166213477,4.132143756151095,499.84400323513296,495.18222462381755,504.62580124141436,0.0,17.29958489566703,498.33062437737397,501.47740148785795,0.0,0.0,5.0,False,False,False,False,90,stable
92,502.14820523124683,12.638707817528825,500.30484363435573,495.18222462381755,504.62580124141436,0.0,17.29958489566703,498.33062437737397,501.47740148785795,0.9263433473911917,0.0,5.0,False,False,False,False,91,stable
93,501.47748696387373,7.1750143462560345,500.53937230025934,495.18222462381755,504.62580124141436,0.0,17.29958489566703,498.33062437737397,501.47740148785795,1.4263976734605408,0.0,5.0,False,False,False,False,92,stable
94,500.138717441988,3.450888183796337,500.4592413286051,495.18222462381755,504.62580124141436,0.0,17.29958489566703,498.33062437737397,501.47740148785795,1.0755690326839602,0.0,5.0,False,False,False,False,93,stable
95,497.98350732730523,6.23042658065458,499.9640945283452,495.18222462381755,504.62580124141436,0.0,17.29958489566703,498.33062437737397,501.47740148785795,0.0,0.7206175003067328,5.0,False,False,False,False,94,stable
96,501.01111670589154,9.738879647977683,500.17349896385446,495.18222462381755,504.62580124141436,0.0,17.29958489566703,498.33062437737397,501.47740148785795,0.20364295557323076,0.0,5.0,False,False,False,False,95,stable
97,501.62566465194175,7.5005774269845915,500.4639321014719,495.18222462381755,504.62580124141436,0.0,17.29958489566703,498.33062437737397,501.47740148785795,0.7978747100815617,0.0,5.0,False,False,False,False,96,stable
98,498.5290464069685,8.21747152017332,500.0769549625713,495.18222462381755,504.62580124141436,0.0,17.29958489566703,498.33062437737397,501.47740148785795,0.0,0.37388872956175045,5.0,False,False,False,False,97,stable
99,499.94054365788907,9.365751506049435,500.04967270163485,495.18222462381755,504.62580124141436,0.0,17.29958489566703,498.33062437737397,501.47740148785795,0.0,0.0,5.0,False,False,False,False,98,stable
100,500.56340499207,6.137418656715113,500.15241915972194,495.18222462381755,504.62580124141436,0.0,17.29958489566703,498.33062437737397,501.47740148785795,0.0,0.0,5.0,False,False,False,False,99,stable
1,498.6240094522016,5.82806475707406,499.64801223653313,495.18222462381755,504.62580124141436,0.0,17.29958489566703,498.9599797994708,500.84804606576114,0.0,0.313532980235422,5.0,False,False,False,False,0,wall_drift
2,502.33547635490834,9.540895716037141,500.18550506020824,495.18222462381755,504.62580124141436,0.0,17.29958489566703,498.6950606454596,501.1129652197723,1.045367426368745,0.0,5.0,False,False,False,False,1,wall_drift
3,498.06120281574675,5.164877525710324,499.760644611316,495.18222462381755,504.62580124141436,0.0,17.29958489566703,498.55249505949956,501.25553080573235,0.0,0.6712365078095743,5.0,False,False,False,False,2,wall_drift
4,498.43323277905347,7.580046476804398,499.49516224486354,495.18222462381755,504.62580124141436,0.0,17.29958489566703,498.46866526889755,501.33936059633436,0.0,1.1060215923090992,5.0,False,False,False,False,3,wall_drift
5,501.82924437927903,10.011102689651466,499.9619786717467,495.18222462381755,504.62580124141436,0.0,17.29958489566703,498.417493096707,501.3905327685249,0.7236211076080625,0.0,5.0,False,False,False,False,4,wall_drift
6,502.7484206796359,6.0649792826802695,500.51926707332456,495.18222462381755,504.62580124141436,0.0,17.29958489566703,498.3856477134054,501.42237815182654,2.031443935315382,0.0,5.0,False,False,False,False,5,wall_drift
7,499.68801007119,6.507198677775364,500.35301567289764,495.18222462381755,504.62580124141436,0.0,17.29958489566703,498.36561258245433,501.4424132827776,1.3941587995449918,0.0,5.0,False,False,False,False,6,wall_drift
8,501.5191898814643,2.9680318328378803,500.586250514611,495.18222462381755,504.62580124141436,0.0,17.29958489566703,498.3529259059158,501.4550999593161,1.92071828700732,0.0,5.0,False,False,False,False,7,wall_drift
9,500.20426368761963,4.63428426767598,500.50985314921274,495.18222462381755,504.62580124141436,0.0,17.29958489566703,498.3448606072512,501.46316525798073,1.6115489333872866,0.0,5.0,False,False,False,False,8,wall_drift
10,498.60037806744856,4.764682457017784,500.12795813285993,495.18222462381755,504.62580124141436,0.0,17.29958489566703,498.33972063907305,501.46830522615886,0.2829965323773027,0.32855240100998384,5.0,False,False,False,False,9,wall_drift
11,498.4378069645689,7.23243514799168,499.78992789920176,495.18222462381755,504.62580124141436,0.0,17.29958489566703,498.3364399041914,501.4715859610405,0.0,0.7604302662468645,5.0,False,False,False,False,10,wall_drift
12,498.40450559140265,7.211050969438816,499.51284343764195,495.18222462381755,504.62580124141436,0.0,17.29958489566703,498.3343438324167,501.4736820328152,0.0,1.2134735156193357,5.0,False,False,False,False,11,wall_drift
13,502.01174539794226,12.163601539944978,500.0126238297021,495.18222462381755,504.62580124141436,0.0,17.29958489566703,498.33300381414693,501.475022051085,0.8396134465984526,0.0,5.0,False,False,False,False,12,wall_drift
14,499.17080922858185,6.645037459479795,499.84426090947807,495.18222462381755,504.62580124141436,0.0,17.29958489566703,498.33214680196863,501.4758790632633,0.0,0.0,5.0,False,False,False,False,13,wall_drift
15,502.2272726824817,10.187397227703968,500.3208632640788,495.18222462381755,504.62580124141436,0.0,17.29958489566703,498.33159855930694,501.476427305925,0.9765963195330476,0.0,5.0,False,False,False,False,14,wall_drift
16,500.9358127643624,5.8595796577884585,500.4438531641356,495.18222462381755,504.62580124141436,0.0,17.29958489566703,498.33124778429766,501.47677808093425,1.1323782802628708,0.0,5.0,False,False,False,False,15,wall_drift
17,499.55731774415244,9.891619221147664,500.266546080139,495.18222462381755,504.62580124141436,0.0,17.29958489566703,498.3310233293428,501.4770025358891,0.4120289029215649,0.0,5.0,False,False,False,False,16,wall_drift
18,499.91521806455984,6.612652109850217,500.19628047702315,495.18222462381755,504.62580124141436,0.0,17.29958489566703,498.3308796949786,501.4771461702533,0.0,0.0,5.0,False,False,False,False,17,wall_drift
19,498.61148783816844,8.524900641955014,499.87932194925224,495.18222462381755,504.62580124141436,0.0,17.29958489566703,498.3307877758676,501.47723808936433,0.0,0.3214913538942732,5.0,False,False,False,False,18,wall_drift
20,498.5877002553242,10.338428798633743,499.6209976104667,495.18222462381755,504.62580124141436,0.0,17.29958489566703,498.3307289504549,501.477296914777,0.0,0.6581014035264792,5.0,False,False,False,False,19,wall_drift
21,501.411257507311,7.561212613498753,499.9790495898356,495.18222462381755,504.62580124141436,0.0,17.29958489566703,498.330691303345,501.4773345618869,0.45796080991781174,0.0,5.0,False,False,False,False,20,wall_drift
22,500.8436175598258,8.068260923046466,500.1519631838337,495.18222462381755,504.62580124141436,0.0,17.29958489566703,498.33066720966747,501.47735865556444,0.5551461803588316,0.0,5.0,False,False,False,False,21,wall_drift
23,501.8749614740318,6.366354866742029,500.49656284187336,495.18222462381755,504.62580124141436,0.0,17.29958489566703,498.3306517899075,501.4773740753244,1.3078237436023823,0.0,5.0,False,False,False,False,22,wall_drift
24,499.1284839262149,7.950334563999036,500.2229470587417,495.18222462381755,504.62580124141436,0.0,17.29958489566703,498.3306419213404,501.47738394389154,0.3149200652215881,0.0,5.0,False,False,False,False,23,wall_drift
25,499.3515168976022,7.819051084237458,500.04866102651386,495.18222462381755,504.62580124141436,0.0,17.29958489566703,498.33063560548993,501.477390259742,0.0,0.0,5.0,False,False,False,False,24,wall_drift
26,497.45454405309374,8.636963078048723,499.5298376318299,495.18222462381755,504.62580124141436,0.0,17.29958489566703,498.33063156335896,501.47739430187295,0.0,1.0568111712528965,5.0,False,False,False,False,25,wall_drift
27,498.8411706324209,2.6871315589221467,499.3921042319481,495.18222462381755,504.62580124141436,0.0,17.29958489566703,498.3306289764006,501.4773968888313,0.0,1.2323228219853182,5.0,False,False,False,False,26,wall_drift
28,503.35915526131737,7.043792340765322,500.185514437822,495.18222462381755,504.62580124141436,0.0,17.29958489566703,498.33062732074944,501.47739854448247,1.6959879631703334,0.0,5.0,False,False,False,False,27,wall_drift
29,500.5106196449904,4.729741783891825,500.2505354792557,495.18222462381755,504.62580124141436,0.0,17.29958489566703,498.3306262611336,501.4773996040983,1.581529544970611,0.0,5.0,False,False,False,False,28,wall_drift
30,500.6724464299952,7.409109696127416,500.33491766940364,495.18222462381755,504.62580124141436,0.0,17.29958489566703,498.3306255829799,501.477400282252,1.5699235242067529,0.0,5.0,False,False,False,False,29,wall_drift
31,497.67745230859236,6.810379348154015,499.8034245972414,495.18222462381755,504.62580124141436,0.0,17.29958489566703,498.33062514896164,501.47740071627027,0.0,0.9151371678695828,5.0,False,False,False,False,30,wall_drift
32,498.9866043392987,5.854351497030393,499.6400605456529,495.18222462381755,504.62580124141436,0.0,17.29958489566703,498.33062487119,501.4774009940419,0.0,0.9982153847923807,5.0,False,False,False,False,31,wall_drift
33,496.2083436061888,7.517601421053314,498.9537171577601,495.18222462381755,504.62580124141436,0.0,17.29958489566703,498.3306246934162,501.4774011718157,0.0,2.8470753114229677,5.0,False,False,False,False,32,wall_drift
34,497.31403723768943,4.425638201710285,498.62578117374596,495.18222462381755,504.62580124141436,0.0,17.29958489566703,498.330624579641,501.47740128559093,0.0,3.9931885275751906,5.0,False,False,False,False,33,wall_drift
35,497.21695566419146,9.003765833918749,498.3440160718351,495.18222462381755,504.62580124141436,0.0,17.29958489566703,498.33062450682485,501.47740135840706,0.0,5.2010039679965105,5.0,False,False,False,True,34,wall_drift
36,499.6487601490509,10.978984791421965,498.60496488727824,495.18222462381755,504.62580124141436,0.0,17.29958489566703,498.3306244602225,501.4774014050094,0.0,4.863235212602088,5.0,False,False,False,False,35,wall_drift
37,499.49214599972737,12.76958258639587,498.7824011097681,495.18222462381755,504.62580124141436,0.0,17.29958489566703,498.33062443039705,501.47740143483486,0.0,4.625005855026289,5.0,False,False,False,False,36,wall_drift
38,495.20004237259246,5.16374566311265,498.065929362333,495.18222462381755,504.62580124141436,0.0,17.29958489566703,498.33062441130875,501.47740145392316,0.0,7.11471271691455,5.0,False,False,True,True,37,wall_drift
39,496.9108684239585,14.55279118967519,497.83491717465813,495.18222462381755,504.62580124141436,0.0,17.29958489566703,498.3306243990922,501.4774014661397,0.0,8.517068303959649,5.0,False,False,True,True,38,wall_drift
40,496.45663385721355,6.397438539140865,497.5592605111692,495.18222462381755,504.62580124141436,0.0,17.29958489566703,498.33062439127366,501.47740147395825,0.0,10.208122169145643,5.0,False,False,True,True,39,wall_drift
41,495.4034673338771,4.605148834107183,497.1281018757108,495.18222462381755,504.62580124141436,0.0,17.29958489566703,498.33062438626973,501.4774014789622,0.0,12.568538042735517,5.0,False,False,True,True,40,wall_drift
42,496.0433989038852,6.150319346969468,496.9111612813457,495.18222462381755,504.62580124141436,0.0,17.29958489566703,498.33062438306723,501.4774014821647,0.0,14.522232024345133,5.0,False,False,True,True,41,wall_drift
43,494.26600370594286,8.591343430958602,496.38212976626517,495.18222462381755,504.62580124141436,0.0,17.29958489566703,498.3306243810177,501.4774014842142,0.0,17.605586694041385,5.0,True,False,True,True,42,wall_drift
44,495.0479235368177,3.8132515245890772,496.1152885203757,495.18222462381755,504.62580124141436,0.0,17.29958489566703,498.3306243797059,501.477401485526,0.0,20.191975863213486,5.0,True,False,True,True,43,wall_drift
45,497.5152190582068,8.829865036322815,496.39527462794194,495.18222462381755,504.62580124141436,0.0,17.29958489566703,498.3306243788664,501.4774014863655,0.0,21.210223766091943,5.0,False,False,True,True,44,wall_drift
46,495.6993565140051,5.245531709236957,496.25609100515464,495.18222462381755,504.62580124141436,0.0,17.29958489566703,498.3306243783291,501.4774014869028,0.0,23.382581083426132,5.0,False,False,True,True,45,wall_drift
47,494.7575253148942,6.2134681232391245,495.9563778671026,495.18222462381755,504.62580124141436,0.0,17.29958489566703,498.33062437798526,501.47740148724665,0.0,26.153538915536544,5.0,True,False,True,True,46,wall_drift
48,494.26230754084554,11.972508269938032,495.61756380185125,495.18222462381755,504.62580124141436,0.0,17.29958489566703,498.33062437776516,501.47740148746675,0.0,29.239242760256985,5.0,True,False,True,True,47,wall_drift
49,493.46063610637555,6.642404236178834,495.18617826275613,495.18222462381755,504.62580124141436,0.0,17.29958489566703,498.33062437762436,501.47740148760755,0.0,32.834465650224764,5.0,True,False,True,True,48,wall_drift
50,492.6970958558521,6.3337802067587745,494.68836178137536,495.18222462381755,504.62580124141436,0.0,17.29958489566703,498.3306243775342,501.4774014876977,0.0,36.91497251405873,5.0,True,False,True,True,49,wall_drift
51,497.6078914131534,9.192656249156585,495.272267707731,495.18222462381755,504.62580124141436,0.0,17.29958489566703,498.3306243774765,501.4774014877554,0.0,37.874320563726826,5.0,False,False,True,True,50,wall_drift
52,494.56047124425675,9.176965527082302,495.12990841503614,495.18222462381755,504.62580124141436,0.0,17.29958489566703,498.33062437743956,501.47740148779235,0.0,40.77052023135266,5.0,True,False,True,True,51,wall_drift
53,493.3514206278695,3.8385059624449696,494.77421085760284,495.18222462381755,504.62580124141436,0.0,17.29958489566703,498.330624377416,501.47740148781594,0.0,44.43515730266945,5.0,True,False,True,True,52,wall_drift
54,494.6022614634621,14.39745760598322,494.7398209787747,495.18222462381755,504.62580124141436,0.0,17.29958489566703,498.33062437740085,501.47740148783106,0.0,47.3047963225353,5.0,True,False,True,True,53,wall_drift
55,491.708790431362,9.142185139906758,494.13361486929216,495.18222462381755,504.62580124141436,0.0,17.29958489566703,498.33062437739113,501.4774014878408,0.0,52.01344136698424,5.0,True,False,True,True,54,wall_drift
56,492.8605805329,7.435863381298361,493.87900800201373,495.18222462381755,504.62580124141436,0.0,17.29958489566703,498.33062437738494,501.477401487847,0.0,55.99004212542347,5.0,True,False,True,True,55,wall_drift
57,491.58888065210215,11.63903061644237,493.4209825320315,495.18222462381755,504.62580124141436,0.0,17.29958489566703,498.330624377381,501.4774014878509,0.0,60.77489833771162,5.0,True,False,True,True,56,wall_drift
58,490.8251647587601,5.599564921640535,492.9018189773772,495.18222462381755,504.62580124141436,0.0,17.29958489566703,498.33062437737846,501.47740148785346,0.0,66.0451501573325,5.0,True,False,True,True,57,wall_drift
59,495.00788877964703,8.165609475183999,493.3230329378312,495.18222462381755,504.62580124141436,0.0,17.29958489566703,498.3306243773768,501.4774014878551,0.0,68.65698425365706,5.0,True,False,True,True,58,wall_drift
60,491.6088785202222,12.897606610451646,492.9802020543095,495.18222462381755,504.62580124141436,0.0,17.29958489566703,498.3306243773758,501.4774014878561,0.0,73.42913040265319,5.0,True,False,True,True,59,wall_drift
61,491.00022595155815,6.119155556349483,492.58420683375925,495.18222462381755,504.62580124141436,0.0,17.29958489566703,498.3306243773751,501.4774014878568,0.0,78.58811842019873,5.0,True,False,True,True,60,wall_drift
62,490.98770642213947,8.871706895181319,492.2649067514353,495.18222462381755,504.62580124141436,0.0,17.29958489566703,498.3306243773747,501.4774014878572,0.0,83.75506348648277,5.0,True,False,True,True,61,wall_drift
63,490.8529931369923,6.943312238518217,491.9825240285468,495.18222462381755,504.62580124141436,0.0,17.29958489566703,498.3306243773744,501.4774014878575,0.0,89.00762839835316,5.0,True,False,True,True,62,wall_drift
64,488.40342504024,12.856637402469573,491.2667042308854,495.18222462381755,504.62580124141436,0.0,17.29958489566703,498.33062437737425,501.47740148785766,0.0,95.81706754106195,5.0,True,False,True,True,63,wall_drift
65,490.41704575053564,6.599439768749221,491.09677253481544,495.18222462381755,504.62580124141436,0.0,17.29958489566703,498.33062437737414,501.4774014878578,0.0,101.34670793120772,5.0,True,False,True,True,64,wall_drift
66,489.9488114708071,7.1081751517668295,490.86718032201384,495.18222462381755,504.62580124141436,0.0,17.29958489566703,498.3306243773741,501.47740148785783,0.0,107.17394440985214,5.0,True,False,True,True,65,wall_drift
67,491.1401855089821,14.22640638616349,490.92178135940753,495.18222462381755,504.62580124141436,0.0,17.29958489566703,498.330624377374,501.4774014878579,0.0,112.24397820375239,5.0,True,False,True,True,66,wall_drift
68,488.19799173076353,5.9885069324728875,490.37702343367874,495.18222462381755,504.62580124141436,0.0,17.29958489566703,498.330624377374,501.4774014878579,0.0,119.18398478245277,5.0,True,False,True,True,67,wall_drift
69,489.4114498300478,13.81871713288956,490.1839087129526,495.18222462381755,504.62580124141436,0.0,17.29958489566703,498.33062437737397,501.47740148785795,0.0,125.35275268953487,5.0,True,False,True,True,68,wall_drift
70,488.9442788792214,7.590768972854221,489.9359827462064,495.18222462381755,504.62580124141436,0.0,17.29958489566703,498.33062437737397,501.47740148785795,0.0,131.81844086419483,5.0,True,False,True,True,69,wall_drift
71,489.2873675832333,8.54210597101951,489.8062597136118,495.18222462381755,504.62580124141436,0.0,17.29958489566703,498.33062437737397,501.47740148785795,0.0,138.06607183812784,5.0,True,False,True,True,70,wall_drift
72,484.805178342507,7.760313019483249,488.8060434393908,495.18222462381755,504.62580124141436,0.0,17.29958489566703,498.33062437737397,501.47740148785795,0.0,147.1624519184358,5.0,True,False,True,True,71,wall_drift
73,487.5439197468724,3.7585094064288,488.55361870088717,495.18222462381755,504.62580124141436,0.0,17.29958489566703,498.33062437737397,501.47740148785795,0.0,154.51816762487323,5.0,True,False,True,True,72,wall_drift
74,486.944006587309,10.751932431924388,488.23169627817157,495.18222462381755,504.62580124141436,0.0,17.29958489566703,498.33062437737397,501.47740148785795,0.0,162.25517068564199,5.0,True,False,True,True,73,wall_drift
75,488.8552202563561,8.048005514134445,488.3564010738085,495.18222462381755,504.62580124141436,0.0,17.29958489566703,498.33062437737397,501.47740148785795,0.0,168.7774619305153,5.0,True,False,True,True,74,wall_drift
76,484.66411505759936,8.443481655396852,487.6179438705667,495.18222462381755,504.62580124141436,0.0,17.29958489566703,498.33062437737397,501.47740148785795,0.0,177.96349773155268,5.0,True,False,True,True,75,wall_drift
77,487.45598331808804,11.756601241273586,487.585551760071,495.18222462381755,504.62580124141436,0.0,17.29958489566703,498.33062437737397,501.47740148785795,0.0,185.3751032742873,5.0,True,False,True,True,76,wall_drift
78,484.70291933890377,8.316028382609431,487.00902527583753,495.18222462381755,504.62580124141436,0.0,17.29958489566703,498.33062437737397,501.47740148785795,0.0,194.53647620284153,5.0,True,False,True,True,77,wall_drift
79,486.1562470035844,11.857529046583352,486.83846962138693,495.18222462381755,504.62580124141436,0.0,17.29958489566703,498.33062437737397,501.47740148785795,0.0,202.7741563411828,5.0,True,False,True,True,78,wall_drift
80,483.755538242698,9.805564944713979,486.2218833456492,495.18222462381755,504.62580124141436,0.0,17.29958489566703,498.33062437737397,501.47740148785795,0.0,212.53765713767493,5.0,True,False,True,True,79,wall_drift
81,483.03413645150806,13.566835623179202,485.584333966821,495.18222462381755,504.62580124141436,0.0,17.29958489566703,498.33062437737397,501.47740148785795,0.0,222.75965992897721,5.0,True,False,True,True,80,wall_drift
82,484.3730410077631,7.060544965891211,485.3420753750095,495.18222462381755,504.62580124141436,0.0,17.29958489566703,498.33062437737397,501.47740148785795,0.0,232.13069392951624,5.0,True,False,True,True,81,wall_drift
83,486.26422755089726,6.513323955054943,485.526505810187,495.18222462381755,504.62580124141436,0.0,17.29958489566703,498.33062437737397,501.47740148785795,0.0,240.29974477285398,5.0,True,False,True,True,82,wall_drift
84,484.5703001424825,4.037506386682537,485.33526467664615,495.18222462381755,504.62580124141436,0.0,17.29958489566703,498.33062437737397,501.47740148785795,0.0,249.5454066051119,5.0,True,False,True,True,83,wall_drift
85,481.90089498106516,11.668562416738666,484.64839073752995,495.18222462381755,504.62580124141436,0.0,17.29958489566703,498.33062437737397,501.47740148785795,0.0,260.4876647120305,5.0,True,False,True,True,84,wall_drift
86,483.36389191592696,9.69130079986644,484.3914909732094,495.18222462381755,504.62580124141436,0.0,17.29958489566703,498.33062437737397,501.47740148785795,0.0,270.50008452186245,5.0,True,False,True,True,85,wall_drift
87,483.7083452827201,9.811948518016038,484.25486183511157,495.18222462381755,504.62580124141436,0.0,17.29958489566703,498.33062437737397,501.47740148785795,0.0,280.29357979099814,5.0,True,False,True,True,86,wall_drift
88,482.10759411214394,10.057258259350192,483.8254082905181,495.18222462381755,504.62580124141436,0.0,17.29958489566703,498.33062437737397,501.47740148785795,0.0,291.1044659425341,5.0,True,False,True,True,87,wall_drift
89,483.688152123323,7.824430508532259,483.7979570570791,495.18222462381755,504.62580124141436,0.0,17.29958489566703,498.33062437737397,501.47740148785795,0.0,300.910795396417,5.0,True,False,True,True,88,wall_drift
90,480.6294067691939,14.528948007875158,483.1642469995021,495.18222462381755,504.62580124141436,0.0,17.29958489566703,498.33062437737397,501.47740148785795,0.0,312.6611744265716,5.0,True,False,True,True,89,wall_drift
91,482.51725807512975,4.132143756151095,483.0348492146276,495.18222462381755,504.62580124141436,0.0,17.29958489566703,498.33062437737397,501.47740148785795,0.0,323.211690079275,5.0,True,False,True,True,90,wall_drift
92,483.8899149283576,12.638707817528825,483.2058623573737,495.18222462381755,504.62580124141436,0.0,17.29958489566703,498.33062437737397,501.47740148785795,0.0,332.8897849630243,5.0,True,False,True,True,91,wall_drift
93,482.93023833133395,7.1750143462560345,483.15073755216577,495.18222462381755,504.62580124141436,0.0,17.29958489566703,498.33062437737397,501.47740148785795,0.0,343.1778223773877,5.0,True,False,True,True,92,wall_drift
94,481.30268380279324,3.450888183796337,482.7811268022913,495.18222462381755,504.62580124141436,0.0,17.29958489566703,498.33062437737397,501.47740148785795,0.0,354.50028610883487,5.0,True,False,True,True,93,wall_drift
95,478.8588619004886,6.23042658065458,481.99667382193076,495.18222462381755,504.62580124141436,0.0,17.29958489566703,498.33062437737397,501.47740148785795,0.0,367.3759719570711,5.0,True,False,True,True,94,wall_drift
96,481.5980326065859,9.738879647977683,481.9169455788618,495.18222462381755,504.62580124141436,0.0,17.29958489566703,498.33062437737397,501.47740148785795,0.0,378.51072057974324,5.0,True,False,True,True,95,wall_drift
97,481.924314891442,7.5005774269845915,481.9184194413779,495.18222462381755,504.62580124141436,0.0,17.29958489566703,498.33062437737397,501.47740148785795,0.0,389.43809367284956,5.0,True,False,True,True,96,wall_drift
98,478.539603892794,8.21747152017332,481.2426563316611,495.18222462381755,504.62580124141436,0.0,17.29958489566703,498.33062437737397,501.47740148785795,0.0,402.5166906244054,5.0,True,False,True,True,97,wall_drift
99,479.6631811938456,9.365751506049435,480.9267613040981,495.18222462381755,504.62580124141436,0.0,17.29958489566703,498.33062437737397,501.47740148785795,0.0,414.88117452530486,5.0,True,False,True,True,98,wall_drift
100,479.99829527831224,6.137418656715113,480.74106809894096,495.18222462381755,504.62580124141436,0.0,17.29958489566703,498.33062437737397,501.47740148785795,0.0,427.0326696616998,5.0,True,False,True,True,99,wall_drift
1,498.6240094522016,5.82806475707406,499.64801223653313,495.18222462381755,504.62580124141436,0.0,17.29958489566703,498.9599797994708,500.84804606576114,0.0,0.313532980235422,5.0,False,False,False,False,0,rf_loss
2,502.33547635490834,9.540895716037141,500.18550506020824,495.18222462381755,504.62580124141436,0.0,17.29958489566703,498.6950606454596,501.1129652197723,1.045367426368745,0.0,5.0,False,False,False,False,1,rf_loss
3,498.06120281574675,5.164877525710324,499.760644611316,495.18222462381755,504.62580124141436,0.0,17.29958489566703,498.55249505949956,501.25553080573235,0.0,0.6712365078095743,5.0,False,False,False,False,2,rf_loss
4,498.43323277905347,7.580046476804398,499.49516224486354,495.18222462381755,504.62580124141436,0.0,17.29958489566703,498.46866526889755,501.33936059633436,0.0,1.1060215923090992,5.0,False,False,False,False,3,rf_loss
5,501.82924437927903,10.011102689651466,499.9619786717467,495.18222462381755,504.62580124141436,0.0,17.29958489566703,498.417493096707,501.3905327685249,0.7236211076080625,0.0,5.0,False,False,False,False,4,rf_loss
6,502.7484206796359,6.0649792826802695,500.51926707332456,495.18222462381755,504.62580124141436,0.0,17.29958489566703,498.3856477134054,501.42237815182654,2.031443935315382,0.0,5.0,False,False,False,False,5,rf_loss
7,499.68801007119,6.507198677775364,500.35301567289764,495.18222462381755,504.62580124141436,0.0,17.29958489566703,498.36561258245433,501.4424132827776,1.3941587995449918,0.0,5.0,False,False,False,False,6,rf_loss
8,501.5191898814643,2.9680318328378803,500.586250514611,495.18222462381755,504.62580124141436,0.0,17.29958489566703,498.3529259059158,501.4550999593161,1.92071828700732,0.0,5.0,False,False,False,False,7,rf_loss
9,500.20426368761963,4.63428426767598,500.50985314921274,495.18222462381755,504.62580124141436,0.0,17.29958489566703,498.3448606072512,501.46316525798073,1.6115489333872866,0.0,5.0,False,False,False,False,8,rf_loss
10,498.60037806744856,4.764682457017784,500.12795813285993,495.18222462381755,504.62580124141436,0.0,17.29958489566703,498.33972063907305,501.46830522615886,0.2829965323773027,0.32855240100998384,5.0,False,False,False,False,9,rf_loss
11,498.4378069645689,7.23243514799168,499.78992789920176,495.18222462381755,504.62580124141436,0.0,17.29958489566703,498.3364399041914,501.4715859610405,0.0,0.7604302662468645,5.0,False,False,False,False,10,rf_loss
12,498.40450559140265,7.211050969438816,499.51284343764195,495.18222462381755,504.62580124141436,0.0,17.29958489566703,498.3343438324167,501.4736820328152,0.0,1.2134735156193357,5.0,False,False,False,False,11,rf_loss
13,502.01174539794226,12.163601539944978,500.0126238297021,495.18222462381755,504.62580124141436,0.0,17.29958489566703,498.33300381414693,501.475022051085,0.8396134465984526,0.0,5.0,False,False,False,False,12,rf_loss
14,499.17080922858185,6.645037459479795,499.84426090947807,495.18222462381755,504.62580124141436,0.0,17.29958489566703,498.33214680196863,501.4758790632633,0.0,0.0,5.0,False,False,False,False,13,rf_loss
15,502.2272726824817,10.187397227703968,500.3208632640788,495.18222462381755,504.62580124141436,0.0,17.29958489566703,498.33159855930694,501.476427305925,0.9765963195330476,0.0,5.0,False,False,False,False,14,rf_loss
16,500.9358127643624,5.8595796577884585,500.4438531641356,495.18222462381755,504.62580124141436,0.0,17.29958489566703,498.33124778429766,501.47677808093425,1.1323782802628708,0.0,5.0,False,False,False,False,15,rf_loss
17,499.55731774415244,9.891619221147664,500.266546080139,495.18222462381755,504.62580124141436,0.0,17.29958489566703,498.3310233293428,501.4770025358891,0.4120289029215649,0.0,5.0,False,False,False,False,16,rf_loss
18,499.91521806455984,6.612652109850217,500.19628047702315,495.18222462381755,504.62580124141436,0.0,17.29958489566703,498.3308796949786,501.4771461702533,0.0,0.0,5.0,False,False,False,False,17,rf_loss
19,498.61148783816844,8.524900641955014,499.87932194925224,495.18222462381755,504.62580124141436,0.0,17.29958489566703,498.3307877758676,501.47723808936433,0.0,0.3214913538942732,5.0,False,False,False,False,18,rf_loss
20,498.5877002553242,10.338428798633743,499.6209976104667,495.18222462381755,504.62580124141436,0.0,17.29958489566703,498.3307289504549,501.477296914777,0.0,0.6581014035264792,5.0,False,False,False,False,19,rf_loss
21,501.411257507311,7.561212613498753,499.9790495898356,495.18222462381755,504.62580124141436,0.0,17.29958489566703,498.330691303345,501.4773345618869,0.45796080991781174,0.0,5.0,False,False,False,False,20,rf_loss
22,500.8436175598258,8.068260923046466,500.1519631838337,495.18222462381755,504.62580124141436,0.0,17.29958489566703,498.33066720966747,501.47735865556444,0.5551461803588316,0.0,5.0,False,False,False,False,21,rf_loss
23,501.8749614740318,6.366354866742029,500.49656284187336,495.18222462381755,504.62580124141436,0.0,17.29958489566703,498.3306517899075,501.4773740753244,1.3078237436023823,0.0,5.0,False,False,False,False,22,rf_loss
24,499.1284839262149,7.950334563999036,500.2229470587417,495.18222462381755,504.62580124141436,0.0,17.29958489566703,498.3306419213404,501.47738394389154,0.3149200652215881,0.0,5.0,False,False,False,False,23,rf_loss
25,499.3515168976022,7.819051084237458,500.04866102651386,495.18222462381755,504.62580124141436,0.0,17.29958489566703,498.33063560548993,501.477390259742,0.0,0.0,5.0,False,False,False,False,24,rf_loss
26,497.45454405309374,8.636963078048723,499.5298376318299,495.18222462381755,504.62580124141436,0.0,17.29958489566703,498.33063156335896,501.47739430187295,0.0,1.0568111712528965,5.0,False,False,False,False,25,rf_loss
27,498.8411706324209,2.6871315589221467,499.3921042319481,495.18222462381755,504.62580124141436,0.0,17.29958489566703,498.3306289764006,501.4773968888313,0.0,1.2323228219853182,5.0,False,False,False,False,26,rf_loss
28,503.35915526131737,7.043792340765322,500.185514437822,495.18222462381755,504.62580124141436,0.0,17.29958489566703,498.33062732074944,501.47739854448247,1.6959879631703334,0.0,5.0,False,False,False,False,27,rf_loss
29,500.5106196449904,4.729741783891825,500.2505354792557,495.18222462381755,504.62580124141436,0.0,17.29958489566703,498.3306262611336,501.4773996040983,1.581529544970611,0.0,5.0,False,False,False,False,28,rf_loss
30,500.6724464299952,7.409109696127416,500.33491766940364,495.18222462381755,504.62580124141436,0.0,17.29958489566703,498.3306255829799,501.477400282252,1.5699235242067529,0.0,5.0,False,False,False,False,29,rf_loss
31,458.174753675053,6.810379348154015,491.9028848705335,495.18222462381755,504.62580124141436,0.0,17.29958489566703,498.33062514896164,501.47740071627027,0.0,26.0219033903195,5.0,True,False,True,True,30,rf_loss
32,459.78363583171887,5.854351497030393,485.4790350627706,495.18222462381755,504.62580124141436,0.0,17.29958489566703,498.33062487119,501.4774009940419,0.0,51.021248079989,5.0,True,False,True,True,31,rf_loss
33,457.3049254404335,7.517601421053314,479.84421313830325,495.18222462381755,504.62580124141436,0.0,17.29958489566703,498.3306246934162,501.4774011718157,0.0,77.5959889952298,5.0,True,False,True,True,32,rf_loss
34,458.7099897374619,4.425638201710285,475.617368458135,495.18222462381755,504.62580124141436,0.0,17.29958489566703,498.330624579641,501.47740128559093,0.0,103.27771191288369,5.0,True,False,True,True,33,rf_loss
35,458.9120992609684,9.003765833918749,472.2763146187017,495.18222462381755,504.62580124141436,0.0,17.29958489566703,498.33062450682485,501.47740135840706,0.0,128.83097989622837,5.0,True,False,True,True,34,rf_loss
36,461.6429153820175,10.978984791421965,470.1496347713649,495.18222462381755,504.62580124141436,0.0,17.29958489566703,498.3306244602225,501.4774014050094,0.0,152.6486205852528,5.0,True,False,True,True,35,rf_loss
37,461.78513351571354,12.76958258639587,468.47673452023463,495.18222462381755,504.62580124141436,0.0,17.29958489566703,498.33062443039705,501.47740143483486,0.0,176.37587156524938,5.0,True,False,True,True,36,rf_loss
38,457.79168292600707,5.16374566311265,466.3397242013891,495.18222462381755,504.62580124141436,0.0,17.29958489566703,498.33062441130875,501.47740145392316,0.0,202.64124358114753,5.0,True,False,True,True,37,rf_loss
39,459.80098287672627,14.55279118967519,465.0319759364566,495.18222462381755,504.62580124141436,0.0,17.29958489566703,498.3306243990922,501.4774014661397,0.0,227.62956299358999,5.0,True,False,True,True,38,rf_loss
40,459.6450431787092,6.397438539140865,463.9545893849072,495.18222462381755,504.62580124141436,0.0,17.29958489566703,498.33062439127366,501.47740147395825,0.0,252.71699314221868,5.0,True,False,True,True,39,rf_loss
41,458.88999260086183,4.605148834107183,462.94167002809814,495.18222462381755,504.62580124141436,0.0,17.29958489566703,498.33062438626973,501.4774014789622,0.0,278.2843114757028,5.0,True,False,True,True,40,rf_loss
42,459.8278613004419,6.150319346969468,462.3189082825669,495.18222462381755,504.62580124141436,0.0,17.29958489566703,498.33062438306723,501.4774014821647,0.0,303.25554774385387,5.0,True,False,True,True,41,rf_loss
43,458.3482245234118,8.591343430958602,461.5247715307359,495.18222462381755,504.62580124141436,0.0,17.29958489566703,498.3306243810177,501.4774014842142,0.0,329.16719810876475,5.0,True,False,True,True,42,rf_loss
44,459.4277241737319,3.8132515245890772,461.1053620593351,495.18222462381755,504.62580124141436,0.0,17.29958489566703,498.3306243797059,501.477401485526,0.0,354.3927498957219,5.0,True,False,True,True,43,rf_loss
45,462.1924210202284,8.829865036322815,461.3227738515138,495.18222462381755,504.62580124141436,0.0,17.29958489566703,498.3306243788664,501.4774014863655,0.0,377.8611407847652,5.0,True,False,True,True,44,rf_loss
46,460.6737814138604,5.245531709236957,461.1929753639831,495.18222462381755,504.62580124141436,0.0,17.29958489566703,498.3306243783291,501.4774014869028,0.0,402.2947348344063,5.0,True,False,True,True,45,rf_loss
47,460.02899487231014,6.2134681232391245,460.96017926564855,495.18222462381755,504.62580124141436,0.0,17.29958489566703,498.33062437798526,501.47740148724665,0.0,427.1381364547216,5.0,True,False,True,True,46,rf_loss
48,459.83064358248487,11.972508269938032,460.73427212901584,495.18222462381755,504.62580124141436,0.0,17.29958489566703,498.33062437776516,501.47740148746675,0.0,452.1076043853353,5.0,True,False,True,True,47,rf_loss
49,459.325660565773,6.642404236178834,460.4525498163673,495.18222462381755,504.62580124141436,0.0,17.29958489566703,498.33062437762436,501.47740148760755,0.0,477.39802483275076,5.0,True,False,True,True,48,rf_loss
50,458.8586307733502,6.3337802067587745,460.1337660077639,495.18222462381755,504.62580124141436,0.0,17.29958489566703,498.3306243775342,501.4774014876977,0.0,502.98527583156863,5.0,True,False,True,True,49,rf_loss
51,464.0657589358386,9.192656249156585,460.92016459337884,495.18222462381755,504.62580124141436,0.0,17.29958489566703,498.3306243774765,501.4774014877554,0.0,525.2630276318955,5.0,True,False,True,True,50,rf_loss
52,461.314493625895,9.176965527082302,460.9990303998821,495.18222462381755,504.62580124141436,0.0,17.29958489566703,498.33062437743956,501.47740148779235,0.0,549.2894036361911,5.0,True,False,True,True,51,rf_loss
53,460.4014202288428,3.8385059624449696,460.87950836567427,495.18222462381755,504.62580124141436,0.0,17.29958489566703,498.330624377416,501.47740148781594,0.0,573.8961025327628,5.0,True,False,True,True,52,rf_loss
54,461.9480607507041,14.39745760598322,461.09321884268024,495.18222462381755,504.62580124141436,0.0,17.29958489566703,498.33062437740085,501.47740148783106,0.0,597.5198017013219,5.0,True,False,True,True,53,rf_loss
55,459.350211978294,9.142185139906758,460.744617469803,495.18222462381755,504.62580124141436,0.0,17.29958489566703,498.33062437739113,501.4774014878408,0.0,622.7946179850746,5.0,True,False,True,True,54,rf_loss
56,460.7974470193678,7.435863381298361,460.755183379716,495.18222462381755,504.62580124141436,0.0,17.29958489566703,498.33062437738494,501.477401487847,0.0,647.1496137729606,5.0,True,False,True,True,55,rf_loss
57,459.8210148643114,11.63903061644237,460.5683496766351,495.18222462381755,504.62580124141436,0.0,17.29958489566703,498.330624377381,501.4774014878509,0.0,672.1252014367715,5.0,True,False,True,True,56,rf_loss
58,459.3523895892129,5.599564921640535,460.3251576591507,495.18222462381755,504.62580124141436,0.0,17.29958489566703,498.33062437737846,501.47740148785346,0.0,697.3986336943651,5.0,True,False,True,True,57,rf_loss
59,463.8300272270782,8.165609475183999,461.02613157273623,495.18222462381755,504.62580124141436,0.0,17.29958489566703,498.3306243773768,501.4774014878551,0.0,719.8262097119682,5.0,True,False,True,True,58,rf_loss
60,460.7257536895353,12.897606610451646,460.96605599609603,495.18222462381755,504.62580124141436,0.0,17.29958489566703,498.3306243773758,501.4774014878561,0.0,744.2267716949264,5.0,True,False,True,True,59,rf_loss
61,460.41166105376203,6.119155556349483,460.8551770076292,495.18222462381755,504.62580124141436,0.0,17.29958489566703,498.3306243773751,501.4774014878568,0.0,768.8269618210579,5.0,True,False,True,True,60,rf_loss
62,460.69352477428464,8.871706895181319,460.82284656096033,495.18222462381755,504.62580124141436,0.0,17.29958489566703,498.3306243773747,501.4774014878572,0.0,793.2480075650955,5.0,True,False,True,True,61,rf_loss
63,460.8530181621071,6.943312238518217,460.8288808811897,495.18222462381755,504.62580124141436,0.0,17.29958489566703,498.3306243773744,501.4774014878575,0.0,817.567683951074,5.0,True,False,True,True,62,rf_loss
64,458.69748026726745,12.856637402469573,460.4026007584053,495.18222462381755,504.62580124141436,0.0,17.29958489566703,498.33062437737425,501.47740148785766,0.0,843.2573575241161,5.0,True,False,True,True,63,rf_loss
65,461.00495481426924,6.599439768749221,460.5230715695781,495.18222462381755,504.62580124141436,0.0,17.29958489566703,498.33062437737414,501.4774014878578,0.0,867.4804673934157,5.0,True,False,True,True,64,rf_loss
66,460.8303981118279,7.1081751517668295,460.58453687802813,495.18222462381755,504.62580124141436,0.0,17.29958489566703,498.3306243773741,501.47740148785783,0.0,891.8145204253941,5.0,True,False,True,True,65,rf_loss
67,462.31527357359545,14.22640638616349,460.9306842171416,495.18222462381755,504.62580124141436,0.0,17.29958489566703,498.330624377374,501.4774014878579,0.0,915.2048298049732,5.0,True,False,True,True,66,rf_loss
68,459.66640517093464,5.9885069324728875,460.6778284079003,495.18222462381755,504.62580124141436,0.0,17.29958489566703,498.330624377374,501.4774014878579,0.0,940.2786828927073,5.0,True,False,True,True,67,rf_loss
69,461.17301270333945,13.81871713288956,460.7768652669881,495.18222462381755,504.62580124141436,0.0,17.29958489566703,498.33062437737397,501.47740148785795,0.0,964.3949800560733,5.0,True,False,True,True,68,rf_loss
70,460.99881534873003,7.590768972854221,460.82125528333654,495.18222462381755,504.62580124141436,0.0,17.29958489566703,498.33062437737397,501.47740148785795,0.0,988.6219919910889,5.0,True,False,True,True,69,rf_loss
71,461.63470191752606,8.54210597101951,460.9839446101745,495.18222462381755,504.62580124141436,0.0,17.29958489566703,498.33062437737397,501.47740148785795,0.0,1012.4448529192362,5.0,True,False,True,True,70,rf_loss
72,457.445134915558,7.760313019483249,460.2761826712512,495.18222462381755,504.62580124141436,0.0,17.29958489566703,498.33062437737397,501.47740148785795,0.0,1038.9304807704107,5.0,True,False,True,True,71,rf_loss
73,460.4763230379998,3.7585094064288,460.31621074460094,495.18222462381755,504.62580124141436,0.0,17.29958489566703,498.33062437737397,501.47740148785795,0.0,1063.4895736202068,5.0,True,False,True,True,72,rf_loss
74,460.16868118111176,10.751932431924388,460.28670483190314,495.18222462381755,504.62580124141436,0.0,17.29958489566703,498.33062437737397,501.47740148785795,0.0,1088.244194685753,5.0,True,False,True,True,73,rf_loss
75,462.37199084265114,8.048005514134445,460.7037620340528,495.18222462381755,504.62580124141436,0.0,17.29958489566703,498.33062437737397,501.47740148785795,0.0,1111.5984562188755,5.0,True,False,True,True,74,rf_loss
76,458.47280643135775,8.443481655396852,460.2575709135138,495.18222462381755,504.62580124141436,0.0,17.29958489566703,498.33062437737397,501.47740148785795,0.0,1137.4309259468541,5.0,True,False,True,True,75,rf_loss
77,461.5564203793726,11.756601241273586,460.5173408066856,495.18222462381755,504.62580124141436,0.0,17.29958489566703,498.33062437737397,501.47740148785795,0.0,1161.3035403436488,5.0,True,False,True,True,76,rf_loss
78,459.09492709280585,8.316028382609431,460.23285806390965,495.18222462381755,504.62580124141436,0.0,17.29958489566703,498.33062437737397,501.47740148785795,0.0,1186.7406082750556,5.0,True,False,True,True,77,rf_loss
79,460.8396505601604,11.857529046583352,460.3542165631598,495.18222462381755,504.62580124141436,0.0,17.29958489566703,498.33062437737397,501.47740148785795,0.0,1211.0687807200031,5.0,True,False,True,True,78,rf_loss
80,458.73016281690724,9.805564944713979,460.0294058139093,495.18222462381755,504.62580124141436,0.0,17.29958489566703,498.33062437737397,501.47740148785795,0.0,1236.7376822151432,5.0,True,False,True,True,79,rf_loss
81,458.29980736314917,13.566835623179202,459.6834861237573,495.18222462381755,504.62580124141436,0.0,17.29958489566703,498.33062437737397,501.47740148785795,0.0,1262.68010511879,5.0,True,False,True,True,80,rf_loss
82,459.9295836814117,7.060544965891211,459.7327056352882,495.18222462381755,504.62580124141436,0.0,17.29958489566703,498.33062437737397,501.47740148785795,0.0,1287.5866896004316,5.0,True,False,True,True,81,rf_loss
83,462.1114675158424,6.513323955054943,460.20845801139905,495.18222462381755,504.62580124141436,0.0,17.29958489566703,498.33062437737397,501.47740148785795,0.0,1311.1065321821393,5.0,True,False,True,True,82,rf_loss
84,460.7080630326644,4.037506386682537,460.3083790156521,495.18222462381755,504.62580124141436,0.0,17.29958489566703,498.33062437737397,501.47740148785795,0.0,1335.5183378320303,5.0,True,False,True,True,83,rf_loss
85,458.3290065350126,11.668562416738666,459.91250451952425,495.18222462381755,504.62580124141436,0.0,17.29958489566703,498.33062437737397,501.47740148785795,0.0,1361.4422025913673,5.0,True,False,True,True,84,rf_loss
86,460.08217797669386,9.69130079986644,459.94643921095815,495.18222462381755,504.62580124141436,0.0,17.29958489566703,498.33062437737397,501.47740148785795,0.0,1386.251802577492,5.0,True,False,True,True,85,rf_loss
87,460.7166317978232,9.811948518016038,460.10047772833116,495.18222462381755,504.62580124141436,0.0,17.29958489566703,498.33062437737397,501.47740148785795,0.0,1410.6581621694907,5.0,True,False,True,True,86,rf_loss
88,459.4057071335004,10.057258259350192,459.96152360936503,495.18222462381755,504.62580124141436,0.0,17.29958489566703,498.33062437737397,501.47740148785795,0.0,1435.8977073468016,5.0,True,False,True,True,87,rf_loss
89,461.2759178071874,7.824430508532259,460.22440244892954,495.18222462381755,504.62580124141436,0.0,17.29958489566703,498.33062437737397,501.47740148785795,0.0,1459.9486010193991,5.0,True,False,True,True,88,rf_loss
90,458.50665137609576,14.528948007875158,459.8808522343628,495.18222462381755,504.62580124141436,0.0,17.29958489566703,498.33062437737397,501.47740148785795,0.0,1485.759559884962,5.0,True,False,True,True,89,rf_loss
91,460.6838079698111,4.132143756151095,460.0414433814525,495.18222462381755,504.62580124141436,0.0,17.29958489566703,498.33062437737397,501.47740148785795,0.0,1510.1867813472868,5.0,True,False,True,True,90,rf_loss
92,462.3455965797102,12.638707817528825,460.5022740211041,495.18222462381755,504.62580124141436,0.0,17.29958489566703,498.33062437737397,501.47740148785795,0.0,1533.5578183061953,5.0,True,False,True,True,91,rf_loss
93,461.6748783123372,7.1750143462560345,460.7367948793507,495.18222462381755,504.62580124141436,0.0,17.29958489566703,498.33062437737397,501.47740148785795,0.0,1557.3551442864257,5.0,True,False,True,True,92,rf_loss
94,460.33610879045136,3.450888183796337,460.6566576615709,495.18222462381755,504.62580124141436,0.0,17.29958489566703,498.33062437737397,501.47740148785795,0.0,1582.003353233502,5.0,True,False,True,True,93,rf_loss
95,458.1808986757686,6.23042658065458,460.16150586441046,495.18222462381755,504.62580124141436,0.0,17.29958489566703,498.33062437737397,501.47740148785795,0.0,1608.0213510401084,5.0,True,False,True,True,94,rf_loss
96,461.20850805435487,9.738879647977683,460.37090630239936,495.18222462381755,504.62580124141436,0.0,17.29958489566703,498.33062437737397,501.47740148785795,0.0,1632.115088390835,5.0,True,False,True,True,95,rf_loss
97,461.8230560004051,7.5005774269845915,460.6613362420005,495.18222462381755,504.62580124141436,0.0,17.29958489566703,498.33062437737397,501.47740148785795,0.0,1655.8182369426263,5.0,True,False,True,True,96,rf_loss
98,458.7264377554319,8.21747152017332,460.27435654468684,495.18222462381755,504.62580124141436,0.0,17.29958489566703,498.33062437737397,501.47740148785795,0.0,1681.4895059784878,5.0,True,False,True,True,97,rf_loss
99,460.13793500635245,9.365751506049435,460.24707223702,495.18222462381755,504.62580124141436,0.0,17.29958489566703,498.33062437737397,501.47740148785795,0.0,1706.2636684183863,5.0,True,False,True,True,98,rf_loss
100,460.7607963405334,6.137418656715113,460.3498170577227,495.18222462381755,504.62580124141436,0.0,17.29958489566703,498.33062437737397,501.47740148785795,0.0,1730.641958311668,5.0,True,False,True,True,99,rf_loss
1,498.6240094522016,5.82806475707406,499.64801223653313,495.18222462381755,504.62580124141436,0.0,17.29958489566703,498.9599797994708,500.84804606576114,0.0,0.313532980235422,5.0,False,False,False,False,0,vacuum_leak
2,502.33547635490834,9.540895716037141,500.18550506020824,495.18222462381755,504.62580124141436,0.0,17.29958489566703,498.6950606454596,501.1129652197723,1.045367426368745,0.0,5.0,False,False,False,False,1,vacuum_leak
3,498.06120281574675,5.164877525710324,499.760644611316,495.18222462381755,504.62580124141436,0.0,17.29958489566703,498.55249505949956,501.25553080573235,0.0,0.6712365078095743,5.0,False,False,False,False,2,vacuum_leak
4,498.43323277905347,7.580046476804398,499.49516224486354,495.18222462381755,504.62580124141436,0.0,17.29958489566703,498.46866526889755,501.33936059633436,0.0,1.1060215923090992,5.0,False,False,False,False,3,vacuum_leak
5,501.82924437927903,10.011102689651466,499.9619786717467,495.18222462381755,504.62580124141436,0.0,17.29958489566703,498.417493096707,501.3905327685249,0.7236211076080625,0.0,5.0,False,False,False,False,4,vacuum_leak
6,502.7484206796359,6.0649792826802695,500.51926707332456,495.18222462381755,504.62580124141436,0.0,17.29958489566703,498.3856477134054,501.42237815182654,2.031443935315382,0.0,5.0,False,False,False,False,5,vacuum_leak
7,499.68801007119,6.507198677775364,500.35301567289764,495.18222462381755,504.62580124141436,0.0,17.29958489566703,498.36561258245433,501.4424132827776,1.3941587995449918,0.0,5.0,False,False,False,False,6,vacuum_leak
8,501.5191898814643,2.9680318328378803,500.586250514611,495.18222462381755,504.62580124141436,0.0,17.29958489566703,498.3529259059158,501.4550999593161,1.92071828700732,0.0,5.0,False,False,False,False,7,vacuum_leak
9,500.20426368761963,4.63428426767598,500.50985314921274,495.18222462381755,504.62580124141436,0.0,17.29958489566703,498.3448606072512,501.46316525798073,1.6115489333872866,0.0,5.0,False,False,False,False,8,vacuum_leak
10,498.60037806744856,4.764682457017784,500.12795813285993,495.18222462381755,504.62580124141436,0.0,17.29958489566703,498.33972063907305,501.46830522615886,0.2829965323773027,0.32855240100998384,5.0,False,False,False,False,9,vacuum_leak
11,498.4378069645689,7.23243514799168,499.78992789920176,495.18222462381755,504.62580124141436,0.0,17.29958489566703,498.3364399041914,501.4715859610405,0.0,0.7604302662468645,5.0,False,False,False,False,10,vacuum_leak
12,498.40450559140265,7.211050969438816,499.51284343764195,495.18222462381755,504.62580124141436,0.0,17.29958489566703,498.3343438324167,501.4736820328152,0.0,1.2134735156193357,5.0,False,False,False,False,11,vacuum_leak
13,502.01174539794226,12.163601539944978,500.0126238297021,495.18222462381755,504.62580124141436,0.0,17.29958489566703,498.33300381414693,501.475022051085,0.8396134465984526,0.0,5.0,False,False,False,False,12,vacuum_leak
14,499.17080922858185,6.645037459479795,499.84426090947807,495.18222462381755,504.62580124141436,0.0,17.29958489566703,498.33214680196863,501.4758790632633,0.0,0.0,5.0,False,False,False,False,13,vacuum_leak
15,502.2272726824817,10.187397227703968,500.3208632640788,495.18222462381755,504.62580124141436,0.0,17.29958489566703,498.33159855930694,501.476427305925,0.9765963195330476,0.0,5.0,False,False,False,False,14,vacuum_leak
16,500.9358127643624,5.8595796577884585,500.4438531641356,495.18222462381755,504.62580124141436,0.0,17.29958489566703,498.33124778429766,501.47677808093425,1.1323782802628708,0.0,5.0,False,False,False,False,15,vacuum_leak
17,499.55731774415244,9.891619221147664,500.266546080139,495.18222462381755,504.62580124141436,0.0,17.29958489566703,498.3310233293428,501.4770025358891,0.4120289029215649,0.0,5.0,False,False,False,False,16,vacuum_leak
18,499.91521806455984,6.612652109850217,500.19628047702315,495.18222462381755,504.62580124141436,0.0,17.29958489566703,498.3308796949786,501.4771461702533,0.0,0.0,5.0,False,False,False,False,17,vacuum_leak
19,498.61148783816844,8.524900641955014,499.87932194925224,495.18222462381755,504.62580124141436,0.0,17.29958489566703,498.3307877758676,501.47723808936433,0.0,0.3214913538942732,5.0,False,False,False,False,18,vacuum_leak
20,498.5877002553242,10.338428798633743,499.6209976104667,495.18222462381755,504.62580124141436,0.0,17.29958489566703,498.3307289504549,501.477296914777,0.0,0.6581014035264792,5.0,False,False,False,False,19,vacuum_leak
21,501.411257507311,7.561212613498753,499.9790495898356,495.18222462381755,504.62580124141436,0.0,17.29958489566703,498.330691303345,501.4773345618869,0.45796080991781174,0.0,5.0,False,False,False,False,20,vacuum_leak
22,500.8436175598258,8.068260923046466,500.1519631838337,495.18222462381755,504.62580124141436,0.0,17.29958489566703,498.33066720966747,501.47735865556444,0.5551461803588316,0.0,5.0,False,False,False,False,21,vacuum_leak
23,501.8749614740318,6.366354866742029,500.49656284187336,495.18222462381755,504.62580124141436,0.0,17.29958489566703,498.3306517899075,501.4773740753244,1.3078237436023823,0.0,5.0,False,False,False,False,22,vacuum_leak
24,499.1284839262149,7.950334563999036,500.2229470587417,495.18222462381755,504.62580124141436,0.0,17.29958489566703,498.3306419213404,501.47738394389154,0.3149200652215881,0.0,5.0,False,False,False,False,23,vacuum_leak
25,499.3515168976022,7.819051084237458,500.04866102651386,495.18222462381755,504.62580124141436,0.0,17.29958489566703,498.33063560548993,501.477390259742,0.0,0.0,5.0,False,False,False,False,24,vacuum_leak
26,497.45454405309374,8.636963078048723,499.5298376318299,495.18222462381755,504.62580124141436,0.0,17.29958489566703,498.33063156335896,501.47739430187295,0.0,1.0568111712528965,5.0,False,False,False,False,25,vacuum_leak
27,498.8411706324209,2.6871315589221467,499.3921042319481,495.18222462381755,504.62580124141436,0.0,17.29958489566703,498.3306289764006,501.4773968888313,0.0,1.2323228219853182,5.0,False,False,False,False,26,vacuum_leak
28,503.35915526131737,7.043792340765322,500.185514437822,495.18222462381755,504.62580124141436,0.0,17.29958489566703,498.33062732074944,501.47739854448247,1.6959879631703334,0.0,5.0,False,False,False,False,27,vacuum_leak
29,500.5106196449904,4.729741783891825,500.2505354792557,495.18222462381755,504.62580124141436,0.0,17.29958489566703,498.3306262611336,501.4773996040983,1.581529544970611,0.0,5.0,False,False,False,False,28,vacuum_leak
30,500.6724464299952,7.409109696127416,500.33491766940364,495.18222462381755,504.62580124141436,0.0,17.29958489566703,498.3306255829799,501.477400282252,1.5699235242067529,0.0,5.0,False,False,False,False,29,vacuum_leak
31,500.03092581447163,6.810379348154015,500.27411929841725,495.18222462381755,504.62580124141436,0.0,17.29958489566703,498.33062514896164,501.47740071627027,1.1505856603541413,0.0,5.0,False,False,False,False,30,vacuum_leak
32,501.63980797113743,5.854351497030393,500.5472570329613,495.18222462381755,504.62580124141436,0.0,17.29958489566703,498.33062487119,501.4774009940419,1.7538064971514982,0.0,5.0,False,False,False,False,31,vacuum_leak
33,499.161097579852,7.517601421053314,500.2700251423394,495.18222462381755,504.62580124141436,0.0,17.29958489566703,498.3306246934162,501.4774011718157,0.7816311083775158,0.0,5.0,False,False,False,False,32,vacuum_leak
34,500.5661618768804,4.425638201710285,500.3292524892476,495.18222462381755,504.62580124141436,0.0,17.29958489566703,498.330624579641,501.47740128559093,0.7024737171904489,0.0,5.0,False,False,False,False,33,vacuum_leak
35,500.7682714003869,9.003765833918749,500.4170562714755,495.18222462381755,504.62580124141436,0.0,17.29958489566703,498.33062450682485,501.47740135840706,0.7517712603125855,0.0,5.0,False,False,False,False,34,vacuum_leak
36,503.4990875214361,10.978984791422022,501.03346252146764,495.18222462381755,504.62580124141436,0.0,17.29958489566703,498.3306244602225,501.4774014050094,2.5366960977550144,0.0,5.0,False,False,False,False,35,vacuum_leak
37,503.64130565513204,12.76958258639587,501.55503114820056,495.18222462381755,504.62580124141436,0.0,17.29958489566703,498.33062443039705,501.47740143483486,4.412010644225222,0.0,5.0,False,False,True,False,36,vacuum_leak
38,499.64785506542574,5.16374566311265,501.1735959316456,495.18222462381755,504.62580124141436,0.0,17.29958489566703,498.33062441130875,501.47740145392316,3.7492041547940014,0.0,5.0,False,False,False,False,37,vacuum_leak
39,501.6571550161449,14.55279118967519,501.2703077485455,495.18222462381755,504.62580124141436,0.0,17.29958489566703,498.3306243990922,501.4774014661397,4.363450268818436,0.0,5.0,False,False,False,False,38,vacuum_leak
40,501.50121531812783,6.397438539140865,501.316489262462,495.18222462381755,504.62580124141436,0.0,17.29958489566703,498.33062439127366,501.47740147395825,4.878585646656624,0.0,5.0,False,False,False,False,39,vacuum_leak
41,500.74616474028045,4.605148834107183,501.2024243580257,495.18222462381755,504.62580124141436,0.0,17.29958489566703,498.33062438626973,501.4774014789622,4.913832839639389,0.0,5.0,False,False,False,False,40,vacuum_leak
42,501.68403343986046,6.150319346969468,501.2987461743927,495.18222462381755,504.62580124141436,0.0,17.29958489566703,498.33062438306723,501.4774014821647,5.545162097955183,0.0,5.0,False,False,False,True,41,vacuum_leak
43,500.2043966628303,8.591343430958602,501.07987627208024,495.18222462381755,504.62580124141436,0.0,17.29958489566703,498.3306243810177,501.4774014842142,5.23607725951114,0.0,5.0,False,False,False,True,42,vacuum_leak
44,501.2838963131504,3.8132515245890772,501.1206802802943,495.18222462381755,504.62580124141436,0.0,17.29958489566703,498.3306243797059,501.477401485526,5.6130909990207805,0.0,5.0,False,False,False,True,43,vacuum_leak
45,504.04859315964694,8.829865036322815,501.70626285616487,495.18222462381755,504.62580124141436,0.0,17.29958489566703,498.3306243788664,501.4774014863655,7.747265636444332,0.0,5.0,False,False,True,True,44,vacuum_leak
46,502.52995355327903,5.245531709236957,501.87100099558774,495.18222462381755,504.62580124141436,0.0,17.29958489566703,498.3306243783291,501.4774014869028,8.916237113270135,0.0,5.0,False,False,True,True,45,vacuum_leak
47,501.88516701172887,6.2134681232391245,501.873834198816,495.18222462381755,504.62580124141436,0.0,17.29958489566703,498.33062437798526,501.47740148724665,9.675401019421837,0.0,5.0,False,False,True,True,46,vacuum_leak
48,501.68681572190343,11.972508269938032,501.83643050343346,495.18222462381755,504.62580124141436,0.0,17.29958489566703,498.33062437776516,501.47740148746675,10.308498615274917,0.0,5.0,False,False,True,True,47,vacuum_leak
49,501.1818327051916,6.642404236178834,501.7055109437851,495.18222462381755,504.62580124141436,0.0,17.29958489566703,498.33062437762436,501.47740148760755,10.620643694326349,0.0,5.0,False,False,True,True,48,vacuum_leak
50,500.71480291276873,6.3337802067587745,501.50736933758185,495.18222462381755,504.62580124141436,0.0,17.29958489566703,498.3306243775342,501.4774014876977,10.635958221975283,0.0,5.0,False,False,True,True,49,vacuum_leak
51,505.9219310752572,9.192656249156585,502.390281685117,495.18222462381755,504.62580124141436,0.0,17.29958489566703,498.3306243774765,501.4774014877554,13.960771948115294,0.0,5.0,True,False,True,True,50,vacuum_leak
52,503.1706657653137,9.176965527082302,502.54635850115636,495.18222462381755,504.62580124141436,0.0,17.29958489566703,498.33062437743956,501.47740148779235,15.536961470286613,0.0,5.0,False,False,True,True,51,vacuum_leak
53,502.2575923682613,3.8385059624449696,502.48860527457737,495.18222462381755,504.62580124141436,0.0,17.29958489566703,498.330624377416,501.47740148781594,16.532828100181707,0.0,5.0,False,False,True,True,52,vacuum_leak
54,503.8042328901226,14.39745760598322,502.75173079768643,495.18222462381755,504.62580124141436,0.0,17.29958489566703,498.33062437740085,501.47740148783106,18.511694458089547,0.0,5.0,False,False,True,True,53,vacuum_leak
55,501.2063841177126,9.142185139906758,502.4426614616917,495.18222462381755,504.62580124141436,0.0,17.29958489566703,498.33062437739113,501.4774014878408,18.83944370080368,0.0,5.0,False,False,True,True,54,vacuum_leak
56,502.6536191587863,7.435863381298361,502.48485300111065,495.18222462381755,504.62580124141436,0.0,17.29958489566703,498.33062437738494,501.477401487847,20.0870134393845,0.0,5.0,False,False,True,True,55,vacuum_leak
57,501.6771870037299,11.63903061644237,502.32331980163457,495.18222462381755,504.62580124141436,0.0,17.29958489566703,498.330624377381,501.4774014878509,20.71399130204043,0.0,5.0,False,False,True,True,56,vacuum_leak
58,501.2085617286314,5.599564921640535,502.10036818703395,495.18222462381755,504.62580124141436,0.0,17.29958489566703,498.33062437737846,501.47740148785346,21.043124570913616,0.0,5.0,False,False,True,True,57,vacuum_leak
59,505.6861993664967,8.165609475183999,502.81753442292654,495.18222462381755,504.62580124141436,0.0,17.29958489566703,498.3306243773768,501.4774014878551,24.218114079777397,0.0,5.0,True,False,True,True,58,vacuum_leak
60,502.5819258289539,12.897606610451646,502.770412704132,495.18222462381755,504.62580124141436,0.0,17.29958489566703,498.3306243773758,501.4774014878561,25.420117623286103,0.0,5.0,False,False,True,True,59,vacuum_leak
61,502.26783319318054,6.119155556349483,502.6698968019418,495.18222462381755,504.62580124141436,0.0,17.29958489566703,498.3306243773751,501.4774014878568,26.422493023621332,0.0,5.0,False,False,True,True,60,vacuum_leak
62,502.54969691370314,8.871706895181319,502.64585682429407,495.18222462381755,504.62580124141436,0.0,17.29958489566703,498.3306243773747,501.4774014878572,27.604012806050566,0.0,5.0,False,False,True,True,61,vacuum_leak
63,502.7091903015257,6.943312238518217,502.65852351974047,495.18222462381755,504.62580124141436,0.0,17.29958489566703,498.3306243773744,501.4774014878575,28.886901946539002,0.0,5.0,False,False,True,True,62,vacuum_leak
64,500.55365240668596,12.856637402469573,502.2375492971296,495.18222462381755,504.62580124141436,0.0,17.29958489566703,498.33062437737425,501.47740148785766,28.79979389996374,0.0,5.0,False,False,True,True,63,vacuum_leak
65,502.86112695368774,6.599439768749221,502.36226482844125,495.18222462381755,504.62580124141436,0.0,17.29958489566703,498.33062437737414,501.4774014878578,30.17924955713098,0.0,5.0,False,False,True,True,64,vacuum_leak
66,502.6865702512465,7.1081751517668295,502.4271259130023,495.18222462381755,504.62580124141436,0.0,17.29958489566703,498.3306243773741,501.47740148785783,31.447762051619385,0.0,5.0,False,False,True,True,65,vacuum_leak
67,504.17144571301395,14.22640638616349,502.7759898730047,495.18222462381755,504.62580124141436,0.0,17.29958489566703,498.330624377374,501.4774014878579,33.660018198507146,0.0,5.0,False,False,True,True,66,vacuum_leak
68,501.52257731035314,5.9885069324728875,502.5253073604744,495.18222462381755,504.62580124141436,0.0,17.29958489566703,498.330624377374,501.4774014878579,34.188730637239885,0.0,5.0,False,False,True,True,67,vacuum_leak
69,503.02918484275807,13.81871713288956,502.6260828569312,495.18222462381755,504.62580124141436,0.0,17.29958489566703,498.33062437737397,501.47740148785795,35.67499900034071,0.0,5.0,False,False,True,True,68,vacuum_leak
70,502.8549874881486,7.590768972854221,502.6718637831747,495.18222462381755,504.62580124141436,0.0,17.29958489566703,498.33062437737397,501.47740148785795,37.05055259179208,0.0,5.0,False,False,True,True,69,vacuum_leak
71,503.4908740569446,8.54210597101951,502.8356658379287,495.18222462381755,504.62580124141436,0.0,17.29958489566703,498.33062437737397,501.47740148785795,38.830257190111695,0.0,5.0,False,False,True,True,70,vacuum_leak
72,499.3013070549765,7.760313019483249,502.12879408133824,495.18222462381755,504.62580124141436,0.0,17.29958489566703,498.33062437737397,501.47740148785795,37.94719486540403,0.0,5.0,False,False,True,True,71,vacuum_leak
73,502.3324951774183,3.7585094064288,502.1695343005543,495.18222462381755,504.62580124141436,0.0,17.29958489566703,498.33062437737397,501.47740148785795,38.99066754207468,0.0,5.0,False,False,True,True,72,vacuum_leak
74,502.0248533205304,10.751932431924388,502.14059810454955,495.18222462381755,504.62580124141436,0.0,17.29958489566703,498.33062437737397,501.47740148785795,39.83861200299534,0.0,5.0,False,False,True,True,73,vacuum_leak
75,504.22816298206965,8.048005514134445,502.55811108005355,495.18222462381755,504.62580124141436,0.0,17.29958489566703,498.33062437737397,501.47740148785795,42.08691599633955,0.0,5.0,False,False,True,True,74,vacuum_leak
76,500.3289785707763,8.443481655396852,502.11228457819817,495.18222462381755,504.62580124141436,0.0,17.29958489566703,498.33062437737397,501.47740148785795,41.8570117948278,0.0,5.0,False,False,True,True,75,vacuum_leak
77,503.4125925187912,11.756601241273586,502.3723461663168,495.18222462381755,504.62580124141436,0.0,17.29958489566703,498.33062437737397,501.47740148785795,43.58696292450001,0.0,5.0,False,False,True,True,76,vacuum_leak
78,500.95109923222435,8.316028382609431,502.0880967794983,495.18222462381755,504.62580124141436,0.0,17.29958489566703,498.33062437737397,501.47740148785795,43.752460519559946,0.0,5.0,False,False,True,True,77,vacuum_leak
79,502.695822699579,11.857529046583352,502.20964196351446,495.18222462381755,504.62580124141436,0.0,17.29958489566703,498.33062437737397,501.47740148785795,45.026853601079246,0.0,5.0,False,False,True,True,78,vacuum_leak
80,500.58633495632586,9.805564944713979,501.88498056207675,495.18222462381755,504.62580124141436,0.0,17.29958489566703,498.33062437737397,501.47740148785795,44.96051763240617,0.0,5.0,False,False,True,True,79,vacuum_leak
81,500.1559795025678,13.566835623179202,501.539180350175,495.18222462381755,504.62580124141436,0.0,17.29958489566703,498.33062437737397,501.47740148785795,44.62066025522643,0.0,5.0,False,False,True,True,80,vacuum_leak
82,501.7857558208302,7.060544965891211,501.5884954443061,495.18222462381755,504.62580124141436,0.0,17.29958489566703,498.33062437737397,501.47740148785795,45.31664130005158,0.0,5.0,False,False,True,True,81,vacuum_leak
83,503.967639655261,6.513323955054943,502.0643242864971,495.18222462381755,504.62580124141436,0.0,17.29958489566703,498.33062437737397,501.47740148785795,47.39936424481076,0.0,5.0,False,False,True,True,82,vacuum_leak
84,502.56423517208293,4.037506386682537,502.1643064636143,495.18222462381755,504.62580124141436,0.0,17.29958489566703,498.33062437737397,501.47740148785795,48.5901241213867,0.0,5.0,False,False,True,True,83,vacuum_leak
85,500.18517867443114,11.668562416738666,501.76848090577766,495.18222462381755,504.62580124141436,0.0,17.29958489566703,498.33062437737397,501.47740148785795,48.268824888516626,0.0,5.0,False,False,True,True,84,vacuum_leak
86,501.93835011611236,9.69130079986644,501.80245474784465,495.18222462381755,504.62580124141436,0.0,17.29958489566703,498.33062437737397,501.47740148785795,49.06179042885863,0.0,5.0,False,False,True,True,85,vacuum_leak
87,502.57280393724176,9.811948518016038,501.95652458572414,495.18222462381755,504.62580124141436,0.0,17.29958489566703,498.33062437737397,501.47740148785795,50.257996363326804,0.0,5.0,False,False,True,True,86,vacuum_leak
88,501.26187927291903,10.057258259350192,501.81759552316316,495.18222462381755,504.62580124141436,0.0,17.29958489566703,498.33062437737397,501.47740148785795,50.62101671248284,0.0,5.0,False,False,True,True,87,vacuum_leak
89,503.132089946606,7.824430508532259,502.0804944078518,495.18222462381755,504.62580124141436,0.0,17.29958489566703,498.33062437737397,501.47740148785795,52.17268856635211,0.0,5.0,False,False,True,True,88,vacuum_leak
90,500.3628235155144,14.528948007875158,501.73696022938435,495.18222462381755,504.62580124141436,0.0,17.29958489566703,498.33062437737397,501.47740148785795,51.96429522725594,0.0,5.0,False,False,True,True,89,vacuum_leak
91,502.5399801092296,4.132143756151095,501.89756420535343,495.18222462381755,504.62580124141436,0.0,17.29958489566703,498.33062437737397,501.47740148785795,53.13963929139792,0.0,5.0,False,False,True,True,90,vacuum_leak
92,504.20176871912884,12.638707817528825,502.3584051081085,495.18222462381755,504.62580124141436,0.0,17.29958489566703,498.33062437737397,501.47740148785795,55.371167858956255,0.0,5.0,False,False,True,True,91,vacuum_leak
93,503.53105045175573,7.1750143462560345,502.59293417683796,495.18222462381755,504.62580124141436,0.0,17.29958489566703,498.33062437737397,501.47740148785795,57.17640740519275,0.0,5.0,False,False,True,True,92,vacuum_leak
94,502.19228092987,3.450888183796337,502.5128035274444,495.18222462381755,504.62580124141436,0.0,17.29958489566703,498.33062437737397,501.47740148785795,58.13076398458331,0.0,5.0,False,False,True,True,93,vacuum_leak
95,500.0370708151871,6.23042658065458,502.017656984993,495.18222462381755,504.62580124141436,0.0,17.29958489566703,498.33062437737397,501.47740148785795,57.71533170444365,0.0,5.0,False,False,True,True,94,vacuum_leak
96,503.06468019377354,9.738879647977683,502.2270616267491,495.18222462381755,504.62580124141436,0.0,17.29958489566703,498.33062437737397,501.47740148785795,59.22415988018402,0.0,5.0,False,False,True,True,95,vacuum_leak
97,503.6792281398237,7.5005774269845915,502.51749492936403,495.18222462381755,504.62580124141436,0.0,17.29958489566703,498.33062437737397,501.47740148785795,61.12357685485945,0.0,5.0,False,False,True,True,96,vacuum_leak
98,500.5826098948504,8.21747152017332,502.1305179224613,495.18222462381755,504.62580124141436,0.0,17.29958489566703,498.33062437737397,501.47740148785795,61.05487334546477,0.0,5.0,False,False,True,True,97,vacuum_leak
99,501.99410714577095,9.365751506049435,502.10323576712324,495.18222462381755,504.62580124141436,0.0,17.29958489566703,498.33062437737397,501.47740148785795,61.88327643203324,0.0,5.0,False,False,True,True,98,vacuum_leak
100,502.6169684799519,6.137418656715113,502.205982309689,495.18222462381755,504.62580124141436,0.0,17.29958489566703,498.33062437737397,501.47740148785795,63.10755206521823,0.0,5.0,False,False,True,True,99,vacuum_leak
1,498.6240094522016,5.82806475707406,499.64801223653313,495.18222462381755,504.62580124141436,0.0,17.29958489566703,498.9599797994708,500.84804606576114,0.0,0.313532980235422,5.0,False,False,False,False,0,flow_restriction
2,502.33547635490834,9.540895716037141,500.18550506020824,495.18222462381755,504.62580124141436,0.0,17.29958489566703,498.6950606454596,501.1129652197723,1.045367426368745,0.0,5.0,False,False,False,False,1,flow_restriction
3,498.06120281574675,5.164877525710324,499.760644611316,495.18222462381755,504.62580124141436,0.0,17.29958489566703,498.55249505949956,501.25553080573235,0.0,0.6712365078095743,5.0,False,False,False,False,2,flow_restriction
4,498.43323277905347,7.580046476804398,499.49516224486354,495.18222462381755,504.62580124141436,0.0,17.29958489566703,498.46866526889755,501.33936059633436,0.0,1.1060215923090992,5.0,False,False,False,False,3,flow_restriction
5,501.82924437927903,10.011102689651466,499.9619786717467,495.18222462381755,504.62580124141436,0.0,17.29958489566703,498.417493096707,501.3905327685249,0.7236211076080625,0.0,5.0,False,False,False,False,4,flow_restriction
6,502.7484206796359,6.0649792826802695,500.51926707332456,495.18222462381755,504.62580124141436,0.0,17.29958489566703,498.3856477134054,501.42237815182654,2.031443935315382,0.0,5.0,False,False,False,False,5,flow_restriction
7,499.68801007119,6.507198677775364,500.35301567289764,495.18222462381755,504.62580124141436,0.0,17.29958489566703,498.36561258245433,501.4424132827776,1.3941587995449918,0.0,5.0,False,False,False,False,6,flow_restriction
8,501.5191898814643,2.9680318328378803,500.586250514611,495.18222462381755,504.62580124141436,0.0,17.29958489566703,498.3529259059158,501.4550999593161,1.92071828700732,0.0,5.0,False,False,False,False,7,flow_restriction
9,500.20426368761963,4.63428426767598,500.50985314921274,495.18222462381755,504.62580124141436,0.0,17.29958489566703,498.3448606072512,501.46316525798073,1.6115489333872866,0.0,5.0,False,False,False,False,8,flow_restriction
10,498.60037806744856,4.764682457017784,500.12795813285993,495.18222462381755,504.62580124141436,0.0,17.29958489566703,498.33972063907305,501.46830522615886,0.2829965323773027,0.32855240100998384,5.0,False,False,False,False,9,flow_restriction
11,498.4378069645689,7.23243514799168,499.78992789920176,495.18222462381755,504.62580124141436,0.0,17.29958489566703,498.3364399041914,501.4715859610405,0.0,0.7604302662468645,5.0,False,False,False,False,10,flow_restriction
12,498.40450559140265,7.211050969438816,499.51284343764195,495.18222462381755,504.62580124141436,0.0,17.29958489566703,498.3343438324167,501.4736820328152,0.0,1.2134735156193357,5.0,False,False,False,False,11,flow_restriction
13,502.01174539794226,12.163601539944978,500.0126238297021,495.18222462381755,504.62580124141436,0.0,17.29958489566703,498.33300381414693,501.475022051085,0.8396134465984526,0.0,5.0,False,False,False,False,12,flow_restriction
14,499.17080922858185,6.645037459479795,499.84426090947807,495.18222462381755,504.62580124141436,0.0,17.29958489566703,498.33214680196863,501.4758790632633,0.0,0.0,5.0,False,False,False,False,13,flow_restriction
15,502.2272726824817,10.187397227703968,500.3208632640788,495.18222462381755,504.62580124141436,0.0,17.29958489566703,498.33159855930694,501.476427305925,0.9765963195330476,0.0,5.0,False,False,False,False,14,flow_restriction
16,500.9358127643624,5.8595796577884585,500.4438531641356,495.18222462381755,504.62580124141436,0.0,17.29958489566703,498.33124778429766,501.47677808093425,1.1323782802628708,0.0,5.0,False,False,False,False,15,flow_restriction
17,499.55731774415244,9.891619221147664,500.266546080139,495.18222462381755,504.62580124141436,0.0,17.29958489566703,498.3310233293428,501.4770025358891,0.4120289029215649,0.0,5.0,False,False,False,False,16,flow_restriction
18,499.91521806455984,6.612652109850217,500.19628047702315,495.18222462381755,504.62580124141436,0.0,17.29958489566703,498.3308796949786,501.4771461702533,0.0,0.0,5.0,False,False,False,False,17,flow_restriction
19,498.61148783816844,8.524900641955014,499.87932194925224,495.18222462381755,504.62580124141436,0.0,17.29958489566703,498.3307877758676,501.47723808936433,0.0,0.3214913538942732,5.0,False,False,False,False,18,flow_restriction
20,498.5877002553242,10.338428798633743,499.6209976104667,495.18222462381755,504.62580124141436,0.0,17.29958489566703,498.3307289504549,501.477296914777,0.0,0.6581014035264792,5.0,False,False,False,False,19,flow_restriction
21,501.411257507311,7.561212613498753,499.9790495898356,495.18222462381755,504.62580124141436,0.0,17.29958489566703,498.330691303345,501.4773345618869,0.45796080991781174,0.0,5.0,False,False,False,False,20,flow_restriction
22,500.8436175598258,8.068260923046466,500.1519631838337,495.18222462381755,504.62580124141436,0.0,17.29958489566703,498.33066720966747,501.47735865556444,0.5551461803588316,0.0,5.0,False,False,False,False,21,flow_restriction
23,501.8749614740318,6.366354866742029,500.49656284187336,495.18222462381755,504.62580124141436,0.0,17.29958489566703,498.3306517899075,501.4773740753244,1.3078237436023823,0.0,5.0,False,False,False,False,22,flow_restriction
24,499.1284839262149,7.950334563999036,500.2229470587417,495.18222462381755,504.62580124141436,0.0,17.29958489566703,498.3306419213404,501.47738394389154,0.3149200652215881,0.0,5.0,False,False,False,False,23,flow_restriction
25,499.3515168976022,7.819051084237458,500.04866102651386,495.18222462381755,504.62580124141436,0.0,17.29958489566703,498.33063560548993,501.477390259742,0.0,0.0,5.0,False,False,False,False,24,flow_restriction
26,497.45454405309374,8.636963078048723,499.5298376318299,495.18222462381755,504.62580124141436,0.0,17.29958489566703,498.33063156335896,501.47739430187295,0.0,1.0568111712528965,5.0,False,False,False,False,25,flow_restriction
27,498.8411706324209,2.6871315589221467,499.3921042319481,495.18222462381755,504.62580124141436,0.0,17.29958489566703,498.3306289764006,501.4773968888313,0.0,1.2323228219853182,5.0,False,False,False,False,26,flow_restriction
28,503.35915526131737,7.043792340765322,500.185514437822,495.18222462381755,504.62580124141436,0.0,17.29958489566703,498.33062732074944,501.47739854448247,1.6959879631703334,0.0,5.0,False,False,False,False,27,flow_restriction
29,500.5106196449904,4.729741783891825,500.2505354792557,495.18222462381755,504.62580124141436,0.0,17.29958489566703,498.3306262611336,501.4773996040983,1.581529544970611,0.0,5.0,False,False,False,False,28,flow_restriction
30,500.6724464299952,7.409109696127416,500.33491766940364,495.18222462381755,504.62580124141436,0.0,17.29958489566703,498.3306255829799,501.477400282252,1.5699235242067529,0.0,5.0,False,False,False,False,29,flow_restriction
31,459.5158238650512,6.810379348154015,492.17109890853317,495.18222462381755,504.62580124141436,0.0,17.29958489566703,498.33062514896164,501.47740071627027,0.0,25.169558185741675,5.0,True,False,True,True,30,flow_restriction
32,461.124706021717,5.854351497030393,485.96182033117,495.18222462381755,504.62580124141436,0.0,17.29958489566703,498.33062487119,501.4774009940419,0.0,49.31655767083338,5.0,True,False,True,True,31,flow_restriction
33,458.6459956304317,7.517601421053314,480.49865539102234,495.18222462381755,504.62580124141436,0.0,17.29958489566703,498.3306246934162,501.4774011718157,0.0,75.03895338149636,5.0,True,False,True,True,32,flow_restriction
34,460.05105992746,4.425638201710285,476.4091362983099,495.18222462381755,504.62580124141436,0.0,17.29958489566703,498.330624579641,501.47740128559093,0.0,99.86833109457245,5.0,True,False,True,True,33,flow_restriction
35,460.2531694509665,9.003765833918749,473.1779429288412,495.18222462381755,504.62580124141436,0.0,17.29958489566703,498.33062450682485,501.47740135840706,0.0,124.56925387333935,5.0,True,False,True,True,34,flow_restriction
36,462.98398557201574,10.978984791421965,471.13915145747615,495.18222462381755,504.62580124141436,0.0,17.29958489566703,498.3306244602225,501.4774014050094,0.0,147.53454935778592,5.0,True,False,True,True,35,flow_restriction
37,463.12620370571165,12.76958258639587,469.5365619071233,495.18222462381755,504.62580124141436,0.0,17.29958489566703,498.33062443039705,501.47740143483486,0.0,170.40945513320474,5.0,True,False,True,True,36,flow_restriction
38,459.1327531160053,5.16374566311265,467.45580014889975,495.18222462381755,504.62580124141436,0.0,17.29958489566703,498.33062441130875,501.47740145392316,0.0,195.82248194452504,5.0,True,False,True,True,37,flow_restriction
39,461.1420530667245,14.55279118967519,466.19305073246477,495.18222462381755,504.62580124141436,0.0,17.29958489566703,498.3306243990922,501.4774014661397,0.0,219.95845615238963,5.0,True,False,True,True,38,flow_restriction
40,460.98611336870744,6.397438539140865,465.15166325971336,495.18222462381755,504.62580124141436,0.0,17.29958489566703,498.33062439127366,501.47740147395825,0.0,244.19354109644047,5.0,True,False,True,True,39,flow_restriction
41,460.23106279086005,4.605148834107183,464.1675431659427,495.18222462381755,504.62580124141436,0.0,17.29958489566703,498.33062438626973,501.4774014789622,0.0,268.9085142253467,5.0,True,False,True,True,40,flow_restriction
42,461.16893149044,6.150319346969468,463.56782083084215,495.18222462381755,504.62580124141436,0.0,17.29958489566703,498.33062438306723,501.4774014821647,0.0,293.02740528891997,5.0,True,False,True,True,41,flow_restriction
43,459.6892947134099,8.591343430958602,462.79211560735575,495.18222462381755,504.62580124141436,0.0,17.29958489566703,498.3306243810177,501.4774014842142,0.0,318.086710449253,5.0,True,False,True,True,42,flow_restriction
44,460.76879436373,3.8132515245890772,462.38745135863064,495.18222462381755,504.62580124141436,0.0,17.29958489566703,498.3306243797059,501.477401485526,0.0,342.4599170316324,5.0,True,False,True,True,43,flow_restriction
45,463.53349121022654,8.829865036322815,462.6166593289499,495.18222462381755,504.62580124141436,0.0,17.29958489566703,498.3306243788664,501.4774014863655,0.0,365.0759627160979,5.0,True,False,True,True,44,flow_restriction
46,462.0148516038586,5.245531709236957,462.49629778393165,495.18222462381755,504.62580124141436,0.0,17.29958489566703,498.3306243783291,501.4774014869028,0.0,388.65721156116115,5.0,True,False,True,True,45,flow_restriction
47,461.37006506230836,6.2134681232391245,462.27105123960706,495.18222462381755,504.62580124141436,0.0,17.29958489566703,498.33062437798526,501.47740148724665,0.0,412.6482679768985,5.0,True,False,True,True,46,flow_restriction
48,461.17171377248303,11.972508269938032,462.0511837461823,495.18222462381755,504.62580124141436,0.0,17.29958489566703,498.33062437776516,501.47740148746675,0.0,436.7653907029345,5.0,True,False,True,True,47,flow_restriction
49,460.6667307557711,6.642404236178834,461.77429314810007,495.18222462381755,504.62580124141436,0.0,17.29958489566703,498.33062437762436,501.47740148760755,0.0,461.20346594577217,5.0,True,False,True,True,48,flow_restriction
50,460.19970096334845,6.3337802067587745,461.4593747111498,495.18222462381755,504.62580124141436,0.0,17.29958489566703,498.3306243775342,501.4774014876977,0.0,485.9383717400122,5.0,True,False,True,True,49,flow_restriction
51,465.4068291258368,9.192656249156585,462.24886559408725,495.18222462381755,504.62580124141436,0.0,17.29958489566703,498.3306243774765,501.4774014877554,0.0,507.3637783357612,5.0,True,False,True,True,50,flow_restriction
52,462.65556381589323,9.176965527082302,462.3302052384485,495.18222462381755,504.62580124141436,0.0,17.29958489566703,498.33062437743956,501.47740148779235,0.0,530.5378091354789,5.0,True,False,True,True,51,flow_restriction
53,461.74249041884093,3.8385059624449696,462.212662274527,495.18222462381755,504.62580124141436,0.0,17.29958489566703,498.330624377416,501.47740148781594,0.0,554.2921628274729,5.0,True,False,True,True,52,flow_restriction
54,463.2891309407022,14.39745760598322,462.4279560077621,495.18222462381755,504.62580124141436,0.0,17.29958489566703,498.33062437740085,501.47740148783106,0.0,577.063516791454,5.0,True,False,True,True,53,flow_restriction
55,460.6912821682921,9.142185139906758,462.08062123986815,495.18222462381755,504.62580124141436,0.0,17.29958489566703,498.33062437739113,501.4774014878408,0.0,601.4859878706291,5.0,True,False,True,True,54,flow_restriction
56,462.138517209366,7.435863381298361,462.09220043376774,495.18222462381755,504.62580124141436,0.0,17.29958489566703,498.33062437738494,501.477401487847,0.0,624.9886384539373,5.0,True,False,True,True,55,flow_restriction
57,461.1620850543096,11.63903061644237,461.9061773578761,495.18222462381755,504.62580124141436,0.0,17.29958489566703,498.330624377381,501.4774014878509,0.0,649.1118809131702,5.0,True,False,True,True,56,flow_restriction
58,460.693459779211,5.599564921640535,461.6636338421431,495.18222462381755,504.62580124141436,0.0,17.29958489566703,498.33062437737846,501.47740148785346,0.0,673.5329679661861,5.0,True,False,True,True,57,flow_restriction
59,465.17109741707634,8.165609475183999,462.36512655712977,495.18222462381755,504.62580124141436,0.0,17.29958489566703,498.3306243773768,501.4774014878551,0.0,695.1081987792113,5.0,True,False,True,True,58,flow_restriction
60,462.0668238795335,12.897606610451646,462.3054660216105,495.18222462381755,504.62580124141436,0.0,17.29958489566703,498.3306243773758,501.4774014878561,0.0,718.6564155575916,5.0,True,False,True,True,59,flow_restriction
61,461.7527312437602,6.119155556349483,462.1949190660405,495.18222462381755,504.62580124141436,0.0,17.29958489566703,498.3306243773751,501.4774014878568,0.0,742.4042604791454,5.0,True,False,True,True,60,flow_restriction
62,462.03459496428275,8.871706895181319,462.16285424568895,495.18222462381755,504.62580124141436,0.0,17.29958489566703,498.3306243773747,501.4774014878572,0.0,765.9729610186051,5.0,True,False,True,True,61,flow_restriction
63,462.1940883521053,6.943312238518217,462.16910106697225,495.18222462381755,504.62580124141436,0.0,17.29958489566703,498.3306243773744,501.4774014878575,0.0,789.4402922000057,5.0,True,False,True,True,62,flow_restriction
64,460.0385504572656,12.856637402469573,461.74299094503095,495.18222462381755,504.62580124141436,0.0,17.29958489566703,498.33062437737425,501.47740148785766,0.0,814.27762056847,5.0,True,False,True,True,63,flow_restriction
65,462.34602500426746,6.599439768749221,461.8635977568783,495.18222462381755,504.62580124141436,0.0,17.29958489566703,498.33062437737414,501.4774014878578,0.0,837.6483852331917,5.0,True,False,True,True,64,flow_restriction
66,462.1714683018261,7.1081751517668295,461.9251718658679,495.18222462381755,504.62580124141436,0.0,17.29958489566703,498.3306243773741,501.47740148785783,0.0,861.1300930605923,5.0,True,False,True,True,65,flow_restriction
67,463.6563437635935,14.22640638616349,462.2714062454131,495.18222462381755,504.62580124141436,0.0,17.29958489566703,498.330624377374,501.4774014878579,0.0,883.6680572355937,5.0,True,False,True,True,66,flow_restriction
68,461.00747536093286,5.9885069324728875,462.01862006851707,495.18222462381755,504.62580124141436,0.0,17.29958489566703,498.330624377374,501.4774014878579,0.0,907.8895651187498,5.0,True,False,True,True,67,flow_restriction
69,462.5140828933377,13.81871713288956,462.11771263348123,495.18222462381755,504.62580124141436,0.0,17.29958489566703,498.33062437737397,501.47740148785795,0.0,931.153517077538,5.0,True,False,True,True,68,flow_restriction
70,462.33988553872825,7.590768972854221,462.16214721453065,495.18222462381755,504.62580124141436,0.0,17.29958489566703,498.33062437737397,501.47740148785795,0.0,954.5281838079757,5.0,True,False,True,True,69,flow_restriction
71,462.9757721075242,8.54210597101951,462.3248721931294,495.18222462381755,504.62580124141436,0.0,17.29958489566703,498.33062437737397,501.47740148785795,0.0,977.4986995315451,5.0,True,False,True,True,70,flow_restriction
72,458.7862051055561,7.760313019483249,461.61713877561476,495.18222462381755,504.62580124141436,0.0,17.29958489566703,498.33062437737397,501.47740148785795,0.0,1003.1319821781418,5.0,True,False,True,True,71,flow_restriction
73,461.81739322799797,3.7585094064288,461.6571896660914,495.18222462381755,504.62580124141436,0.0,17.29958489566703,498.33062437737397,501.47740148785795,0.0,1026.8387298233602,5.0,True,False,True,True,72,flow_restriction
74,461.50975137111,10.751932431924388,461.6277020070952,495.18222462381755,504.62580124141436,0.0,17.29958489566703,498.33062437737397,501.47740148785795,0.0,1050.7410056843285,5.0,True,False,True,True,73,flow_restriction
75,463.71306103264925,8.048005514134445,462.044773812206,495.18222462381755,504.62580124141436,0.0,17.29958489566703,498.33062437737397,501.47740148785795,0.0,1073.2429220128734,5.0,True,False,True,True,74,flow_restriction
76,459.81387662135586,8.443481655396852,461.598594374036,495.18222462381755,504.62580124141436,0.0,17.29958489566703,498.33062437737397,501.47740148785795,0.0,1098.223046536274,5.0,True,False,True,True,75,flow_restriction
77,462.8974905693708,11.756601241273586,461.858373613103,495.18222462381755,504.62580124141436,0.0,17.29958489566703,498.33062437737397,501.47740148785795,0.0,1121.2433157284909,5.0,True,False,True,True,76,flow_restriction
78,460.43599728280395,8.316028382609431,461.57389834704327,495.18222462381755,504.62580124141436,0.0,17.29958489566703,498.33062437737397,501.47740148785795,0.0,1145.82803845532,5.0,True,False,True,True,77,flow_restriction
79,462.1807207501586,11.857529046583352,461.6952628276664,495.18222462381755,504.62580124141436,0.0,17.29958489566703,498.33062437737397,501.47740148785795,0.0,1169.3038656956896,5.0,True,False,True,True,78,flow_restriction
80,460.07123300690535,9.805564944713979,461.37045686351416,495.18222462381755,504.62580124141436,0.0,17.29958489566703,498.33062437737397,501.47740148785795,0.0,1194.1204219862518,5.0,True,False,True,True,79,flow_restriction
81,459.6408775531474,13.566835623179202,461.02454100144087,495.18222462381755,504.62580124141436,0.0,17.29958489566703,498.33062437737397,501.47740148785795,0.0,1219.2104996853207,5.0,True,False,True,True,80,flow_restriction
82,461.2706538714098,7.060544965891211,461.07376357543467,495.18222462381755,504.62580124141436,0.0,17.29958489566703,498.33062437737397,501.47740148785795,0.0,1243.2647389623846,5.0,True,False,True,True,81,flow_restriction
83,463.4525377058406,6.513323955054943,461.5495184015159,495.18222462381755,504.62580124141436,0.0,17.29958489566703,498.33062437737397,501.47740148785795,0.0,1265.9322363395145,5.0,True,False,True,True,82,flow_restriction
84,462.0491332226626,4.037506386682537,461.6494413657453,495.18222462381755,504.62580124141436,0.0,17.29958489566703,498.33062437737397,501.47740148785795,0.0,1289.4916967848276,5.0,True,False,True,True,83,flow_restriction
85,459.6700767250107,11.668562416738666,461.2535684375984,495.18222462381755,504.62580124141436,0.0,17.29958489566703,498.33062437737397,501.47740148785795,0.0,1314.5632163395867,5.0,True,False,True,True,84,flow_restriction
86,461.4232481666921,9.69130079986644,461.2875043834172,495.18222462381755,504.62580124141436,0.0,17.29958489566703,498.33062437737397,501.47740148785795,0.0,1338.5204711211336,5.0,True,False,True,True,85,flow_restriction
87,462.05770198782136,9.811948518016038,461.44154390429804,495.18222462381755,504.62580124141436,0.0,17.29958489566703,498.33062437737397,501.47740148785795,0.0,1362.0744855085545,5.0,True,False,True,True,86,flow_restriction
88,460.7467773234986,10.057258259350192,461.3025905881382,495.18222462381755,504.62580124141436,0.0,17.29958489566703,498.33062437737397,501.47740148785795,0.0,1386.4616854812875,5.0,True,False,True,True,87,flow_restriction
89,462.6169879971856,7.824430508532259,461.5654700699477,495.18222462381755,504.62580124141436,0.0,17.29958489566703,498.33062437737397,501.47740148785795,0.0,1409.6602339493072,5.0,True,False,True,True,88,flow_restriction
90,459.847721566094,14.528948007875158,461.221920369177,495.18222462381755,504.62580124141436,0.0,17.29958489566703,498.33062437737397,501.47740148785795,0.0,1434.6188476102925,5.0,True,False,True,True,89,flow_restriction
91,462.0248781598092,4.132143756151095,461.3825119273035,495.18222462381755,504.62580124141436,0.0,17.29958489566703,498.33062437737397,501.47740148785795,0.0,1458.1937238680396,5.0,True,False,True,True,90,flow_restriction
92,463.68666676970844,12.638707817528825,461.84334289578453,495.18222462381755,504.62580124141436,0.0,17.29958489566703,498.33062437737397,501.47740148785795,0.0,1480.7124156223704,5.0,True,False,True,True,91,flow_restriction
93,463.01594850233533,7.1750143462560345,462.0778640170947,495.18222462381755,504.62580124141436,0.0,17.29958489566703,498.33062437737397,501.47740148785795,0.0,1503.657396398023,5.0,True,False,True,True,92,flow_restriction
94,461.6771789804496,3.450888183796337,461.99772700976575,495.18222462381755,504.62580124141436,0.0,17.29958489566703,498.33062437737397,501.47740148785795,0.0,1527.4532601405215,5.0,True,False,True,True,93,flow_restriction
95,459.5219688657668,6.23042658065458,461.502575380966,495.18222462381755,504.62580124141436,0.0,17.29958489566703,498.33062437737397,501.47740148785795,0.0,1552.61891274255,5.0,True,False,True,True,94,flow_restriction
96,462.54957824435303,9.738879647977683,461.71197595364345,495.18222462381755,504.62580124141436,0.0,17.29958489566703,498.33062437737397,501.47740148785795,0.0,1575.8603048886987,5.0,True,False,True,True,95,flow_restriction
97,463.1641261904033,7.5005774269845915,462.00240600099545,495.18222462381755,504.62580124141436,0.0,17.29958489566703,498.33062437737397,501.47740148785795,0.0,1598.7111082359122,5.0,True,False,True,True,96,flow_restriction
98,460.06750794543007,8.21747152017332,461.6154263898824,495.18222462381755,504.62580124141436,0.0,17.29958489566703,498.33062437737397,501.47740148785795,0.0,1623.5300320671959,5.0,True,False,True,True,97,flow_restriction
99,461.47900519635067,9.365751506049435,461.58814215117604,495.18222462381755,504.62580124141436,0.0,17.29958489566703,498.33062437737397,501.47740148785795,0.0,1647.4518493025164,5.0,True,False,True,True,98,flow_restriction
100,462.10186653053154,6.137418656715113,461.6908870270472,495.18222462381755,504.62580124141436,0.0,17.29958489566703,498.33062437737397,501.47740148785795,0.0,1670.9777939912203,5.0,True,False,True,True,99,flow_restriction
1,498.6240094522016,5.82806475707406,499.64801223653313,495.18222462381755,504.62580124141436,0.0,17.29958489566703,498.9599797994708,500.84804606576114,0.0,0.313532980235422,5.0,False,False,False,False,0,sensor_bias
2,502.33547635490834,9.540895716037141,500.18550506020824,495.18222462381755,504.62580124141436,0.0,17.29958489566703,498.6950606454596,501.1129652197723,1.045367426368745,0.0,5.0,False,False,False,False,1,sensor_bias
3,498.06120281574675,5.164877525710324,499.760644611316,495.18222462381755,504.62580124141436,0.0,17.29958489566703,498.55249505949956,501.25553080573235,0.0,0.6712365078095743,5.0,False,False,False,False,2,sensor_bias
4,498.43323277905347,7.580046476804398,499.49516224486354,495.18222462381755,504.62580124141436,0.0,17.29958489566703,498.46866526889755,501.33936059633436,0.0,1.1060215923090992,5.0,False,False,False,False,3,sensor_bias
5,501.82924437927903,10.011102689651466,499.9619786717467,495.18222462381755,504.62580124141436,0.0,17.29958489566703,498.417493096707,501.3905327685249,0.7236211076080625,0.0,5.0,False,False,False,False,4,sensor_bias
6,502.7484206796359,6.0649792826802695,500.51926707332456,495.18222462381755,504.62580124141436,0.0,17.29958489566703,498.3856477134054,501.42237815182654,2.031443935315382,0.0,5.0,False,False,False,False,5,sensor_bias
7,499.68801007119,6.507198677775364,500.35301567289764,495.18222462381755,504.62580124141436,0.0,17.29958489566703,498.36561258245433,501.4424132827776,1.3941587995449918,0.0,5.0,False,False,False,False,6,sensor_bias
8,501.5191898814643,2.9680318328378803,500.586250514611,495.18222462381755,504.62580124141436,0.0,17.29958489566703,498.3529259059158,501.4550999593161,1.92071828700732,0.0,5.0,False,False,False,False,7,sensor_bias
9,500.20426368761963,4.63428426767598,500.50985314921274,495.18222462381755,504.62580124141436,0.0,17.29958489566703,498.3448606072512,501.46316525798073,1.6115489333872866,0.0,5.0,False,False,False,False,8,sensor_bias
10,498.60037806744856,4.764682457017784,500.12795813285993,495.18222462381755,504.62580124141436,0.0,17.29958489566703,498.33972063907305,501.46830522615886,0.2829965323773027,0.32855240100998384,5.0,False,False,False,False,9,sensor_bias
11,498.4378069645689,7.23243514799168,499.78992789920176,495.18222462381755,504.62580124141436,0.0,17.29958489566703,498.3364399041914,501.4715859610405,0.0,0.7604302662468645,5.0,False,False,False,False,10,sensor_bias
12,498.40450559140265,7.211050969438816,499.51284343764195,495.18222462381755,504.62580124141436,0.0,17.29958489566703,498.3343438324167,501.4736820328152,0.0,1.2134735156193357,5.0,False,False,False,False,11,sensor_bias
13,502.01174539794226,12.163601539944978,500.0126238297021,495.18222462381755,504.62580124141436,0.0,17.29958489566703,498.33300381414693,501.475022051085,0.8396134465984526,0.0,5.0,False,False,False,False,12,sensor_bias
14,499.17080922858185,6.645037459479795,499.84426090947807,495.18222462381755,504.62580124141436,0.0,17.29958489566703,498.33214680196863,501.4758790632633,0.0,0.0,5.0,False,False,False,False,13,sensor_bias
15,502.2272726824817,10.187397227703968,500.3208632640788,495.18222462381755,504.62580124141436,0.0,17.29958489566703,498.33159855930694,501.476427305925,0.9765963195330476,0.0,5.0,False,False,False,False,14,sensor_bias
16,500.9358127643624,5.8595796577884585,500.4438531641356,495.18222462381755,504.62580124141436,0.0,17.29958489566703,498.33124778429766,501.47677808093425,1.1323782802628708,0.0,5.0,False,False,False,False,15,sensor_bias
17,499.55731774415244,9.891619221147664,500.266546080139,495.18222462381755,504.62580124141436,0.0,17.29958489566703,498.3310233293428,501.4770025358891,0.4120289029215649,0.0,5.0,False,False,False,False,16,sensor_bias
18,499.91521806455984,6.612652109850217,500.19628047702315,495.18222462381755,504.62580124141436,0.0,17.29958489566703,498.3308796949786,501.4771461702533,0.0,0.0,5.0,False,False,False,False,17,sensor_bias
19,498.61148783816844,8.524900641955014,499.87932194925224,495.18222462381755,504.62580124141436,0.0,17.29958489566703,498.3307877758676,501.47723808936433,0.0,0.3214913538942732,5.0,False,False,False,False,18,sensor_bias
20,498.5877002553242,10.338428798633743,499.6209976104667,495.18222462381755,504.62580124141436,0.0,17.29958489566703,498.3307289504549,501.477296914777,0.0,0.6581014035264792,5.0,False,False,False,False,19,sensor_bias
21,501.411257507311,7.561212613498753,499.9790495898356,495.18222462381755,504.62580124141436,0.0,17.29958489566703,498.330691303345,501.4773345618869,0.45796080991781174,0.0,5.0,False,False,False,False,20,sensor_bias
22,500.8436175598258,8.068260923046466,500.1519631838337,495.18222462381755,504.62580124141436,0.0,17.29958489566703,498.33066720966747,501.47735865556444,0.5551461803588316,0.0,5.0,False,False,False,False,21,sensor_bias
23,501.8749614740318,6.366354866742029,500.49656284187336,495.18222462381755,504.62580124141436,0.0,17.29958489566703,498.3306517899075,501.4773740753244,1.3078237436023823,0.0,5.0,False,False,False,False,22,sensor_bias
24,499.1284839262149,7.950334563999036,500.2229470587417,495.18222462381755,504.62580124141436,0.0,17.29958489566703,498.3306419213404,501.47738394389154,0.3149200652215881,0.0,5.0,False,False,False,False,23,sensor_bias
25,499.3515168976022,7.819051084237458,500.04866102651386,495.18222462381755,504.62580124141436,0.0,17.29958489566703,498.33063560548993,501.477390259742,0.0,0.0,5.0,False,False,False,False,24,sensor_bias
26,497.45454405309374,8.636963078048723,499.5298376318299,495.18222462381755,504.62580124141436,0.0,17.29958489566703,498.33063156335896,501.47739430187295,0.0,1.0568111712528965,5.0,False,False,False,False,25,sensor_bias
27,498.8411706324209,2.6871315589221467,499.3921042319481,495.18222462381755,504.62580124141436,0.0,17.29958489566703,498.3306289764006,501.4773968888313,0.0,1.2323228219853182,5.0,False,False,False,False,26,sensor_bias
28,503.35915526131737,7.043792340765322,500.185514437822,495.18222462381755,504.62580124141436,0.0,17.29958489566703,498.33062732074944,501.47739854448247,1.6959879631703334,0.0,5.0,False,False,False,False,27,sensor_bias
29,500.5106196449904,4.729741783891825,500.2505354792557,495.18222462381755,504.62580124141436,0.0,17.29958489566703,498.3306262611336,501.4773996040983,1.581529544970611,0.0,5.0,False,False,False,False,28,sensor_bias
30,500.6724464299952,7.409109696127416,500.33491766940364,495.18222462381755,504.62580124141436,0.0,17.29958489566703,498.3306255829799,501.477400282252,1.5699235242067529,0.0,5.0,False,False,False,False,29,sensor_bias
31,497.9773623265896,6.810379348154015,499.86340660084085,495.18222462381755,504.62580124141436,0.0,17.29958489566703,498.33062514896164,501.47740071627027,0.0,0.724523084019753,5.0,False,False,False,False,30,sensor_bias
32,499.58624448325554,5.854351497030393,499.80797417732384,495.18222462381755,504.62580124141436,0.0,17.29958489566703,498.33062487119,501.4774009940419,0.0,0.4264874673894652,5.0,False,False,False,False,31,sensor_bias
33,497.10753409197,7.517601421053314,499.2678861602531,495.18222462381755,504.62580124141436,0.0,17.29958489566703,498.3306246934162,501.4774011718157,0.0,1.7038480763305888,5.0,False,False,False,False,32,sensor_bias
34,498.5125983889985,4.425638201710285,499.11682860600223,495.18222462381755,504.62580124141436,0.0,17.29958489566703,498.330624579641,501.47740128559093,0.0,2.0881906876847247,5.0,False,False,False,False,33,sensor_bias
35,498.7147079125049,9.003765833918749,499.03640446730276,495.18222462381755,504.62580124141436,0.0,17.29958489566703,498.33062450682485,501.47740135840706,0.0,2.3440783647297296,5.0,False,False,False,False,34,sensor_bias
36,501.4455240335542,10.978984791421965,499.51822838055307,495.18222462381755,504.62580124141436,0.0,17.29958489566703,498.3306244602225,501.4774014050094,0.47973961727535974,0.86433874745437,5.0,False,False,False,False,35,sensor_bias
37,501.58774216725016,12.76958258639587,499.9321311378925,495.18222462381755,504.62580124141436,0.0,17.29958489566703,498.33062443039705,501.47740143483486,1.0498689435784985,0.0,5.0,False,False,False,False,36,sensor_bias
38,497.59429157754374,5.16374566311265,499.46456322582276,495.18222462381755,504.62580124141436,0.0,17.29958489566703,498.33062441130875,501.47740145392316,0.0,0.9679917095983617,5.0,False,False,False,False,37,sensor_bias
39,499.60359152826294,14.55279118967519,499.4923688863108,495.18222462381755,504.62580124141436,0.0,17.29958489566703,498.3306243990922,501.4774014661397,0.0,0.6589308157410321,5.0,False,False,False,False,38,sensor_bias
40,499.44765183024583,6.397438539140865,499.4834254750979,495.18222462381755,504.62580124141436,0.0,17.29958489566703,498.33062439127366,501.47740147395825,0.0,0.44898065806998533,5.0,False,False,False,False,39,sensor_bias
41,498.6926012523985,4.605148834107183,499.32526063055803,495.18222462381755,504.62580124141436,0.0,17.29958489566703,498.33062438626973,501.4774014789622,0.0,0.7189186852543257,5.0,False,False,False,False,40,sensor_bias
42,499.63046995197845,6.150319346969468,499.38630249484214,495.18222462381755,504.62580124141436,0.0,17.29958489566703,498.33062438306723,501.4774014821647,0.0,0.3927746471056728,5.0,False,False,False,False,41,sensor_bias
43,498.1508331749484,8.591343430958602,499.13920863086344,495.18222462381755,504.62580124141436,0.0,17.29958489566703,498.3306243810177,501.4774014842142,0.0,1.0070447057167853,5.0,False,False,False,False,42,sensor_bias
44,499.2303328252685,3.8132515245890772,499.1574334697445,495.18222462381755,504.62580124141436,0.0,17.29958489566703,498.3306243797059,501.477401485526,0.0,0.9352161863742494,5.0,False,False,False,False,43,sensor_bias
45,501.99502967176505,8.829865036322815,499.7249527101486,495.18222462381755,504.62580124141436,0.0,17.29958489566703,498.3306243788664,501.4774014863655,0.8289894172564829,0.0,5.0,False,False,False,False,44,sensor_bias
46,500.476390065397,5.245531709236957,499.8752401811983,495.18222462381755,504.62580124141436,0.0,17.29958489566703,498.3306243783291,501.4774014869028,0.6927756739151449,0.0,5.0,False,False,False,False,45,sensor_bias
47,499.83160352384687,6.2134681232391245,499.86651284972805,495.18222462381755,504.62580124141436,0.0,17.29958489566703,498.33062437798526,501.47740148724665,0.1467543598997061,0.0,5.0,False,False,False,False,46,sensor_bias
48,499.6332522340214,11.972508269938032,499.81986072658674,495.18222462381755,504.62580124141436,0.0,17.29958489566703,498.33062437776516,501.47740148746675,0.0,0.0,5.0,False,False,False,False,47,sensor_bias
49,499.12826921730965,6.642404236178834,499.68154242473133,495.18222462381755,504.62580124141436,0.0,17.29958489566703,498.33062437762436,501.47740148760755,0.0,0.0,5.0,False,False,False,False,48,sensor_bias
50,498.66123942488684,6.3337802067587745,499.47748182476244,495.18222462381755,504.62580124141436,0.0,17.29958489566703,498.3306243775342,501.4774014876977,0.0,0.2898706925181338,5.0,False,False,False,False,49,sensor_bias
51,503.8683675873752,9.192656249156585,500.35565897728503,495.18222462381755,504.62580124141436,0.0,17.29958489566703,498.3306243774765,501.4774014877554,2.019628505972869,0.0,5.0,False,False,False,False,50,sensor_bias
52,501.1171022774317,9.176965527082302,500.5079476373144,495.18222462381755,504.62580124141436,0.0,17.29958489566703,498.33062437743956,501.47740148779235,2.2906328079770475,0.0,5.0,False,False,False,False,51,sensor_bias
53,500.20402888037944,3.8385059624449696,500.4471638859274,495.18222462381755,504.62580124141436,0.0,17.29958489566703,498.330624377416,501.47740148781594,1.9813142177050707,0.0,5.0,False,False,False,False,52,sensor_bias
54,501.7506694022407,14.39745760598322,500.7078649891901,495.18222462381755,504.62580124141436,0.0,17.29958489566703,498.33062437740085,501.47740148783106,2.6549953554458403,0.0,5.0,False,False,False,False,53,sensor_bias
55,499.15282062983067,9.142185139906758,500.39685611731824,495.18222462381755,504.62580124141436,0.0,17.29958489566703,498.33062437739113,501.4774014878408,1.6775593779928704,0.0,5.0,False,False,False,False,54,sensor_bias
56,500.6000556709044,7.435863381298361,500.4374960280355,495.18222462381755,504.62580124141436,0.0,17.29958489566703,498.33062437738494,501.477401487847,1.6199438964066193,0.0,5.0,False,False,False,False,55,sensor_bias
57,499.62362351584795,11.63903061644237,500.27472152559807,495.18222462381755,504.62580124141436,0.0,17.29958489566703,498.330624377381,501.4774014878509,0.9417365388954448,0.0,5.0,False,False,False,False,56,sensor_bias
58,499.1549982407495,5.599564921640535,500.05077686862836,495.18222462381755,504.62580124141436,0.0,17.29958489566703,498.33062437737846,501.47740148785346,0.0,0.0,5.0,False,False,False,False,57,sensor_bias
59,503.63263587861474,8.165609475183999,500.76714867062566,495.18222462381755,504.62580124141436,0.0,17.29958489566703,498.3306243773768,501.4774014878551,1.8698042886966757,0.0,5.0,False,False,False,False,58,sensor_bias
60,500.528362341072,12.897606610451646,500.719391404715,495.18222462381755,504.62580124141436,0.0,17.29958489566703,498.3306243773758,501.4774014878561,1.7666226120383133,0.0,5.0,False,False,False,False,59,sensor_bias
61,500.21426970529865,6.119155556349483,500.6183670648317,495.18222462381755,504.62580124141436,0.0,17.29958489566703,498.3306243773751,501.4774014878568,1.4638127922064728,0.0,5.0,False,False,False,False,60,sensor_bias
62,500.4961334258213,8.871706895181319,500.59392033702966,495.18222462381755,504.62580124141436,0.0,17.29958489566703,498.3306243773747,501.4774014878572,1.3401473544686728,0.0,5.0,False,False,False,False,61,sensor_bias
63,500.65562681364383,6.943312238518217,500.6062616323525,495.18222462381755,504.62580124141436,0.0,17.29958489566703,498.3306243773744,501.4774014878575,1.3178512747900395,0.0,5.0,False,False,False,False,62,sensor_bias
64,498.50008891880395,12.856637402469573,500.18502708964286,495.18222462381755,504.62580124141436,0.0,17.29958489566703,498.33062437737425,501.47740148785766,0.0,0.39229326674240306,5.0,False,False,False,False,63,sensor_bias
65,500.8075634658059,6.599439768749221,500.3095343648755,495.18222462381755,504.62580124141436,0.0,17.29958489566703,498.33062437737414,501.4774014878578,0.07427043700020974,0.0,5.0,False,False,False,False,64,sensor_bias
66,500.6330067633645,7.1081751517668295,500.3742288445733,495.18222462381755,504.62580124141436,0.0,17.29958489566703,498.3306243773741,501.47740148785783,0.037597711321472715,0.0,5.0,False,False,False,False,65,sensor_bias
67,502.11788222513206,14.22640638616349,500.72295952068504,495.18222462381755,504.62580124141436,0.0,17.29958489566703,498.330624377374,501.4774014878579,0.9446686380421672,0.0,5.0,False,False,False,False,66,sensor_bias
68,499.46901382247125,5.9885069324728875,500.4721703810423,495.18222462381755,504.62580124141436,0.0,17.29958489566703,498.330624377374,501.4774014878579,0.1681958566078362,0.0,5.0,False,False,False,False,67,sensor_bias
69,500.97562135487607,13.81871713288956,500.5728605758091,495.18222462381755,504.62580124141436,0.0,17.29958489566703,498.33062437737397,501.47740148785795,0.3492789995415181,0.0,5.0,False,False,False,False,68,sensor_bias
70,500.8014240002667,7.590768972854221,500.6185732607006,495.18222462381755,504.62580124141436,0.0,17.29958489566703,498.33062437737397,501.47740148785795,0.41964737082582326,0.0,5.0,False,False,False,False,69,sensor_bias
71,501.43731056906273,8.54210597101951,500.782320722373,495.18222462381755,504.62580124141436,0.0,17.29958489566703,498.33062437737397,501.47740148785795,0.8941667489783693,0.0,5.0,False,False,False,False,70,sensor_bias
72,497.2477435670946,7.760313019483249,500.07540529131734,495.18222462381755,504.62580124141436,0.0,17.29958489566703,498.33062437737397,501.47740148785795,0.0,1.1882475448747694,5.0,False,False,False,False,71,sensor_bias
73,500.2789316895364,3.7585094064288,500.1161105709612,495.18222462381755,504.62580124141436,0.0,17.29958489566703,498.33062437737397,501.47740148785795,0.0,0.4499600883711866,5.0,False,False,False,False,72,sensor_bias
74,499.9712898326484,10.751932431924388,500.0871464232987,495.18222462381755,504.62580124141436,0.0,17.29958489566703,498.33062437737397,501.47740148785795,0.0,0.0,5.0,False,False,False,False,73,sensor_bias
75,502.1745994941877,8.048005514134445,500.5046370374765,495.18222462381755,504.62580124141436,0.0,17.29958489566703,498.33062437737397,501.47740148785795,0.9431187731771058,0.0,5.0,False,False,False,False,74,sensor_bias
76,498.2754150828943,8.443481655396852,500.0587926465601,495.18222462381755,504.62580124141436,0.0,17.29958489566703,498.33062437737397,501.47740148785795,0.0,0.5350894216788951,5.0,False,False,False,False,75,sensor_bias
77,501.3590290309092,11.756601241273586,500.31883992343,495.18222462381755,504.62580124141436,0.0,17.29958489566703,498.33062437737397,501.47740148785795,0.42476590950506865,0.0,5.0,False,False,False,False,76,sensor_bias
78,498.89753574434235,8.316028382609431,500.03457908761254,495.18222462381755,504.62580124141436,0.0,17.29958489566703,498.33062437737397,501.47740148785795,0.0,0.13968762510719834,5.0,False,False,False,False,77,sensor_bias
79,500.6422592116971,11.857529046583352,500.15611511242946,495.18222462381755,504.62580124141436,0.0,17.29958489566703,498.33062437737397,501.47740148785795,0.0,0.0,5.0,False,False,False,False,78,sensor_bias
80,498.53277146844385,9.805564944713979,499.8314463836324,495.18222462381755,504.62580124141436,0.0,17.29958489566703,498.33062437737397,501.47740148785795,0.0,0.3715211888402131,5.0,False,False,False,False,79,sensor_bias
81,498.1024160146858,13.566835623179202,499.4856403098431,495.18222462381755,504.62580124141436,0.0,17.29958489566703,498.33062437737397,501.47740148785795,0.0,1.016563786187096,5.0,False,False,False,False,80,sensor_bias
82,499.73219233294833,7.060544965891211,499.5349507144642,495.18222462381755,504.62580124141436,0.0,17.29958489566703,498.33062437737397,501.47740148785795,0.0,0.6257679615290208,5.0,False,False,False,False,81,sensor_bias
83,501.91407616737905,6.513323955054943,500.01077580504716,495.18222462381755,504.62580124141436,0.0,17.29958489566703,498.33062437737397,501.47740148785795,0.7775377245920791,0.0,5.0,False,False,False,False,82,sensor_bias
84,500.51067168420104,4.037506386682537,500.11075498087797,495.18222462381755,504.62580124141436,0.0,17.29958489566703,498.33062437737397,501.47740148785795,0.6631123810009498,0.0,5.0,False,False,False,False,83,sensor_bias
85,498.13161518654914,11.668562416738666,499.7149270220122,495.18222462381755,504.62580124141436,0.0,17.29958489566703,498.33062437737397,501.47740148785795,0.0,0.6264844530372193,5.0,False,False,False,False,84,sensor_bias
86,499.8847866282305,9.69130079986644,499.7488989432559,495.18222462381755,504.62580124141436,0.0,17.29958489566703,498.33062437737397,501.47740148785795,0.0,0.13870413286228733,5.0,False,False,False,False,85,sensor_bias
87,500.51924044935976,9.811948518016038,499.9029672444767,495.18222462381755,504.62580124141436,0.0,17.29958489566703,498.33062437737397,501.47740148785795,0.0,0.0,5.0,False,False,False,False,86,sensor_bias
88,499.20831578503703,10.057258259350192,499.7640369525888,495.18222462381755,504.62580124141436,0.0,17.29958489566703,498.33062437737397,501.47740148785795,0.0,0.0,5.0,False,False,False,False,87,sensor_bias
89,501.07852645872407,7.824430508532259,500.0269348538159,495.18222462381755,504.62580124141436,0.0,17.29958489566703,498.33062437737397,501.47740148785795,0.2464866337021614,0.0,5.0,False,False,False,False,88,sensor_bias
90,498.30926002763243,14.528948007875158,499.68339988857923,495.18222462381755,504.62580124141436,0.0,17.29958489566703,498.33062437737397,501.47740148785795,0.0,0.5135785592632758,5.0,False,False,False,False,89,sensor_bias
91,500.4864166213477,4.132143756151095,499.84400323513296,495.18222462381755,504.62580124141436,0.0,17.29958489566703,498.33062437737397,501.47740148785795,0.0,0.0,5.0,False,False,False,False,90,sensor_bias
92,502.14820523124683,12.638707817528825,500.30484363435573,495.18222462381755,504.62580124141436,0.0,17.29958489566703,498.33062437737397,501.47740148785795,0.9263433473911917,0.0,5.0,False,False,False,False,91,sensor_bias
93,501.47748696387373,7.1750143462560345,500.53937230025934,495.18222462381755,504.62580124141436,0.0,17.29958489566703,498.33062437737397,501.47740148785795,1.4263976734605408,0.0,5.0,False,False,False,False,92,sensor_bias
94,500.138717441988,3.450888183796337,500.4592413286051,495.18222462381755,504.62580124141436,0.0,17.29958489566703,498.33062437737397,501.47740148785795,1.0755690326839602,0.0,5.0,False,False,False,False,93,sensor_bias
95,497.98350732730523,6.23042658065458,499.9640945283452,495.18222462381755,504.62580124141436,0.0,17.29958489566703,498.33062437737397,501.47740148785795,0.0,0.7206175003067328,5.0,False,False,False,False,94,sensor_bias
96,501.01111670589154,9.738879647977683,500.17349896385446,495.18222462381755,504.62580124141436,0.0,17.29958489566703,498.33062437737397,501.47740148785795,0.20364295557323076,0.0,5.0,False,False,False,False,95,sensor_bias
97,501.62566465194175,7.5005774269845915,500.4639321014719,495.18222462381755,504.62580124141436,0.0,17.29958489566703,498.33062437737397,501.47740148785795,0.7978747100815617,0.0,5.0,False,False,False,False,96,sensor_bias
98,498.5290464069685,8.21747152017332,500.0769549625713,495.18222462381755,504.62580124141436,0.0,17.29958489566703,498.33062437737397,501.47740148785795,0.0,0.37388872956175045,5.0,False,False,False,False,97,sensor_bias
99,499.94054365788907,9.365751506049435,500.04967270163485,495.18222462381755,504.62580124141436,0.0,17.29958489566703,498.33062437737397,501.47740148785795,0.0,0.0,5.0,False,False,False,False,98,sensor_bias
100,500.56340499207,6.137418656715113,500.15241915972194,495.18222462381755,504.62580124141436,0.0,17.29958489566703,498.33062437737397,501.47740148785795,0.0,0.0,5.0,False,False,False,False,99,sensor_bias
