campaign,tool,lot,failure_next_5,sensor_forest,age_only
117,ETCH-01,0,0,0.012434354986930051,0.0016994860506774087
117,ETCH-01,1,0,0.01348644557597974,0.0019392912392089338
117,ETCH-01,2,0,0.015650094040489053,0.0022128590219960454
117,ETCH-01,3,0,0.009623833984205998,0.0025249202500988777
117,ETCH-01,4,0,0.009368757213094188,0.0028808618349007884
117,ETCH-01,5,0,0.021860876397451143,0.0032868156672249548
117,ETCH-01,6,0,0.009239637735517454,0.003749758964263824
117,ETCH-01,7,0,0.009073743891206945,0.004277627322091259
117,ETCH-01,8,0,0.010340503025388808,0.0048794418338637
117,ETCH-01,9,0,0.010873710793955289,0.0055654516999249035
117,ETCH-01,10,0,0.01121490760223746,0.006347293796070979
117,ETCH-01,11,0,0.010784792705897083,0.007238170667111699
117,ETCH-01,12,0,0.01002880979113315,0.008253048357386826
117,ETCH-01,13,0,0.013742400244223237,0.009408875355785535
117,ETCH-01,14,0,0.013628197655755445,0.010724823691580595
117,ETCH-01,15,0,0.011281975780559445,0.01222255283306718
117,ETCH-01,16,0,0.01426887532181451,0.013926496468851147
117,ETCH-01,17,0,0.01383155019895332,0.015864171436888105
117,ETCH-01,18,0,0.01606366020566108,0.018066506943209912
117,ETCH-01,19,0,0.015112773370893279,0.020568190703359905
117,ETCH-01,20,0,0.013956217051150748,0.0234080266566112
117,ETCH-01,21,0,0.014623765336201074,0.026629296349067525
117,ETCH-01,22,0,0.015968695851070587,0.03028011285587452
117,ETCH-01,23,0,0.016062597964752692,0.03441375211893017
117,ETCH-01,24,0,0.016816842345048273,0.039088941737438564
117,ETCH-01,25,0,0.03959539190785631,0.04437008152720019
117,ETCH-01,26,0,0.04160025653055977,0.05032736359376719
117,ETCH-01,27,0,0.04026119916819519,0.05703675238884091
117,ETCH-01,28,0,0.048155513749804056,0.06457977754644699
117,ETCH-01,29,0,0.020431273461835747,0.0730430847594295
117,ETCH-01,30,0,0.05535827498149094,0.08251768338556707
117,ETCH-01,31,0,0.07478890570673069,0.0930978250513127
117,ETCH-01,32,0,0.11570051787359086,0.10487944683337558
117,ETCH-01,33,0,0.08567006789815827,0.11795811761829424
117,ETCH-01,34,0,0.1316988090682148,0.13242643923984326
117,ETCH-01,35,0,0.12597749239541484,0.14837087732351398
117,ETCH-01,36,0,0.11826362989996515,0.16586803246727091
117,ETCH-01,37,0,0.18789581792475768,0.18498041161474152
117,ETCH-01,38,0,0.1771252891695882,0.20575182176004442
117,ETCH-01,39,0,0.28031347564002096,0.22820258054495718
117,ETCH-01,40,0,0.29589573193620805,0.2523248147932473
117,ETCH-01,41,0,0.3501991470761616,0.27807818901596076
117,ETCH-01,42,0,0.3239625719694611,0.3053864587751017
117,ETCH-01,43,0,0.32444714144282133,0.3341352642068455
117,ETCH-01,44,0,0.30243079392545563,0.36417155355279246
117,ETCH-01,45,0,0.3889397328007223,0.39530494610209993
117,ETCH-01,46,0,0.3910528552217859,0.4273112072867518
117,ETCH-01,47,0,0.4483233801735985,0.4599378251834118
117,ETCH-01,48,0,0.5557553010396056,0.4929114679615276
117,ETCH-01,49,0,0.6197798090307937,0.5259468953695469
117,ETCH-01,50,0,0.6653088125722377,0.5587567272733381
117,ETCH-01,51,0,0.6363840058841925,0.5910613681203879
117,ETCH-01,52,0,0.6820857838826149,0.6225983669619332
117,ETCH-01,53,0,0.6826670525049334,0.6531305618913489
117,ETCH-01,54,0,0.6084218441922083,0.682452502705571
117,ETCH-01,55,1,0.6714633294853143,0.7103948404678427
117,ETCH-01,56,1,0.6807752536086898,0.7368265849350608
117,ETCH-01,57,1,0.661386307165184,0.7616553286791048
117,ETCH-01,58,1,0.6948131721446126,0.7848256952952948
117,ETCH-01,59,1,0.715813744736202,0.8063163740706525
117,ETCH-01,61,0,0.011441291801634994,0.0016994860506774087
117,ETCH-01,62,0,0.01352211566995698,0.0019392912392089338
117,ETCH-01,63,0,0.008871328522981477,0.0022128590219960454
117,ETCH-01,64,0,0.010390069926959289,0.0025249202500988777
117,ETCH-01,65,0,0.010523437953239873,0.0028808618349007884
117,ETCH-01,66,0,0.008707974064307785,0.0032868156672249548
117,ETCH-01,67,0,0.010942033440836153,0.003749758964263824
117,ETCH-01,68,0,0.00984669822118472,0.004277627322091259
117,ETCH-01,69,0,0.010170472746789835,0.0048794418338637
117,ETCH-01,70,0,0.012233525785006241,0.0055654516999249035
117,ETCH-01,71,0,0.011362592634642947,0.006347293796070979
117,ETCH-01,72,0,0.012150182890642925,0.007238170667111699
117,ETCH-01,73,0,0.011427932018002166,0.008253048357386826
117,ETCH-01,74,0,0.011125273736250808,0.009408875355785535
117,ETCH-01,75,0,0.013724024926310174,0.010724823691580595
117,ETCH-01,76,0,0.03513859311945729,0.01222255283306718
117,ETCH-01,77,0,0.015560303712552603,0.013926496468851147
117,ETCH-01,78,0,0.015387986013587738,0.015864171436888105
117,ETCH-01,79,0,0.012798945009021756,0.018066506943209912
117,ETCH-01,80,0,0.013879657446412346,0.020568190703359905
117,ETCH-01,81,0,0.014760996001007184,0.0234080266566112
117,ETCH-01,82,0,0.01317946461507281,0.026629296349067525
117,ETCH-01,83,0,0.014490144915515238,0.03028011285587452
117,ETCH-01,84,0,0.01793018997973363,0.03441375211893017
117,ETCH-01,85,0,0.018763616396559712,0.039088941737438564
117,ETCH-01,86,0,0.01866104421931538,0.04437008152720019
117,ETCH-01,87,0,0.051303318547094134,0.05032736359376719
117,ETCH-01,88,0,0.016928087830218975,0.05703675238884091
117,ETCH-01,89,0,0.015165123412303336,0.06457977754644699
117,ETCH-01,90,0,0.029550006832642618,0.0730430847594295
117,ETCH-01,91,0,0.06549515585573487,0.08251768338556707
117,ETCH-01,92,0,0.10202231881664522,0.0930978250513127
117,ETCH-01,93,0,0.05272821237477522,0.10487944683337558
117,ETCH-01,94,0,0.11317773086287186,0.11795811761829424
117,ETCH-01,95,0,0.11136224695984649,0.13242643923984326
117,ETCH-01,96,0,0.11596889008836948,0.14837087732351398
117,ETCH-01,97,0,0.13433672776436248,0.16586803246727091
117,ETCH-01,98,0,0.11989535741623251,0.18498041161474152
117,ETCH-01,99,0,0.1381505904687865,0.20575182176004442
117,ETCH-01,100,0,0.14510065664693084,0.22820258054495718
117,ETCH-01,101,0,0.2172240020839739,0.2523248147932473
117,ETCH-01,102,0,0.28236718626116314,0.27807818901596076
117,ETCH-01,103,0,0.33390284952699223,0.3053864587751017
117,ETCH-01,104,0,0.25785420408383314,0.3341352642068455
117,ETCH-01,105,0,0.34438762720960825,0.36417155355279246
117,ETCH-01,106,0,0.38562039538548765,0.39530494610209993
117,ETCH-01,107,0,0.3928201810700996,0.4273112072867518
117,ETCH-01,108,0,0.38824819990222353,0.4599378251834118
117,ETCH-01,109,0,0.5166298480808098,0.4929114679615276
117,ETCH-01,110,0,0.5560430403462556,0.5259468953695469
117,ETCH-01,111,1,0.43546802442860544,0.5587567272733381
117,ETCH-01,112,1,0.4715363292659739,0.5910613681203879
117,ETCH-01,113,1,0.5929595880771416,0.6225983669619332
117,ETCH-01,114,1,0.5174265627586435,0.6531305618913489
117,ETCH-01,115,1,0.6045418051087247,0.682452502705571
117,ETCH-01,117,0,0.010037356615345426,0.0016994860506774087
117,ETCH-01,118,0,0.008688400087129056,0.0019392912392089338
117,ETCH-01,119,0,0.009079109973552896,0.0022128590219960454
117,ETCH-01,120,0,0.00927041062332067,0.0025249202500988777
117,ETCH-01,121,0,0.010268716325401975,0.0028808618349007884
117,ETCH-01,122,0,0.009173056194235892,0.0032868156672249548
117,ETCH-01,123,0,0.0106920380196107,0.003749758964263824
117,ETCH-01,124,0,0.010552127130000906,0.004277627322091259
117,ETCH-01,125,0,0.010382577859254092,0.0048794418338637
117,ETCH-01,126,0,0.009210854578426107,0.0055654516999249035
117,ETCH-01,127,0,0.010138120248124424,0.006347293796070979
117,ETCH-01,128,0,0.010140892565732642,0.007238170667111699
117,ETCH-01,129,0,0.012894994622396672,0.008253048357386826
117,ETCH-01,130,0,0.01484935663249598,0.009408875355785535
117,ETCH-01,131,0,0.0167992089972914,0.010724823691580595
117,ETCH-01,132,0,0.015300455380858797,0.01222255283306718
117,ETCH-01,133,0,0.016852105493011388,0.013926496468851147
117,ETCH-01,134,0,0.017597819369632277,0.015864171436888105
117,ETCH-01,135,0,0.016654031095659563,0.018066506943209912
117,ETCH-01,136,0,0.013928106286101843,0.020568190703359905
117,ETCH-01,137,0,0.014055568752618786,0.0234080266566112
117,ETCH-01,138,0,0.018265542259336125,0.026629296349067525
117,ETCH-01,139,0,0.01619520965827472,0.03028011285587452
117,ETCH-01,140,0,0.04367499131382708,0.03441375211893017
117,ETCH-01,141,0,0.02319887444744319,0.039088941737438564
117,ETCH-01,142,0,0.0232068103574786,0.04437008152720019
117,ETCH-01,143,0,0.04772686684688793,0.05032736359376719
117,ETCH-01,144,1,0.03881500016276711,0.05703675238884091
117,ETCH-01,145,1,0.03495723770334301,0.06457977754644699
117,ETCH-01,146,1,0.07780553175430915,0.0730430847594295
117,ETCH-01,147,1,0.06890906760645124,0.08251768338556707
117,ETCH-01,148,1,0.06829619258001933,0.0930978250513127
117,ETCH-01,150,0,0.012622791501932245,0.0016994860506774087
117,ETCH-01,151,0,0.012924878055133126,0.0019392912392089338
117,ETCH-01,152,0,0.012221499968306295,0.0022128590219960454
117,ETCH-01,153,0,0.011444222992487246,0.0025249202500988777
117,ETCH-01,154,0,0.008730871340008646,0.0028808618349007884
117,ETCH-01,155,0,0.00950464917381724,0.0032868156672249548
117,ETCH-01,156,0,0.01005119498038613,0.003749758964263824
117,ETCH-01,157,0,0.03209043733362306,0.004277627322091259
117,ETCH-01,158,0,0.00937080616965721,0.0048794418338637
117,ETCH-01,159,0,0.011400499636416109,0.0055654516999249035
117,ETCH-01,160,0,0.010826564678456852,0.006347293796070979
117,ETCH-01,161,0,0.011051291313304613,0.007238170667111699
117,ETCH-01,162,0,0.010209853198056385,0.008253048357386826
117,ETCH-01,163,0,0.01234050830696136,0.009408875355785535
117,ETCH-01,164,0,0.009764346778367667,0.010724823691580595
117,ETCH-01,165,0,0.014170911242703973,0.01222255283306718
117,ETCH-01,166,0,0.01468654557687866,0.013926496468851147
117,ETCH-01,167,0,0.013835625179691455,0.015864171436888105
117,ETCH-01,168,0,0.01823464992902426,0.018066506943209912
117,ETCH-01,169,0,0.013961068189672706,0.020568190703359905
117,ETCH-01,170,0,0.01738616439476511,0.0234080266566112
117,ETCH-01,171,0,0.01667488327558269,0.026629296349067525
117,ETCH-01,172,0,0.015242204594300696,0.03028011285587452
117,ETCH-01,173,0,0.017676643219541394,0.03441375211893017
117,ETCH-01,174,0,0.013176020753317096,0.039088941737438564
117,ETCH-01,175,0,0.02301939013578646,0.04437008152720019
117,ETCH-01,176,0,0.0365905380054624,0.05032736359376719
117,ETCH-01,177,0,0.02418131467170276,0.05703675238884091
117,ETCH-01,178,0,0.024090148377661144,0.06457977754644699
117,ETCH-01,179,0,0.04275916147216713,0.0730430847594295
117,ETCH-01,180,0,0.06317585559787513,0.08251768338556707
117,ETCH-01,181,0,0.07418625166041744,0.0930978250513127
117,ETCH-01,182,0,0.08300671870473776,0.10487944683337558
117,ETCH-01,183,0,0.10840988724185988,0.11795811761829424
117,ETCH-01,184,0,0.11964738037092086,0.13242643923984326
117,ETCH-01,185,0,0.11827441621598933,0.14837087732351398
117,ETCH-01,186,0,0.12330942305177062,0.16586803246727091
117,ETCH-01,187,0,0.17882256885953957,0.18498041161474152
117,ETCH-01,188,0,0.22053061902369922,0.20575182176004442
117,ETCH-01,189,0,0.21040682271190966,0.22820258054495718
117,ETCH-01,190,1,0.3284501714367015,0.2523248147932473
117,ETCH-01,191,1,0.271312206906933,0.27807818901596076
117,ETCH-01,192,1,0.36640194147376315,0.3053864587751017
117,ETCH-01,193,1,0.3294693983151631,0.3341352642068455
117,ETCH-01,194,1,0.32394654792496325,0.36417155355279246
117,ETCH-01,196,0,0.011699383223753065,0.0016994860506774087
117,ETCH-01,197,0,0.021662548056717724,0.0019392912392089338
117,ETCH-01,198,0,0.0127405463609431,0.0022128590219960454
117,ETCH-01,199,0,0.015270654005810702,0.0025249202500988777
117,ETCH-01,200,0,0.010515409704968845,0.0028808618349007884
117,ETCH-01,201,0,0.00988673622338593,0.0032868156672249548
117,ETCH-01,202,0,0.009044478806558256,0.003749758964263824
117,ETCH-01,203,0,0.008773626729572725,0.004277627322091259
117,ETCH-01,204,0,0.008623869236299191,0.0048794418338637
117,ETCH-01,205,0,0.010569971243506737,0.0055654516999249035
117,ETCH-01,206,0,0.01657777930504855,0.006347293796070979
117,ETCH-01,207,0,0.016855017375912242,0.007238170667111699
117,ETCH-01,208,0,0.014696031725886757,0.008253048357386826
117,ETCH-01,209,0,0.011384858703500058,0.009408875355785535
117,ETCH-01,210,0,0.012784144508091308,0.010724823691580595
117,ETCH-01,211,0,0.012207569330794418,0.01222255283306718
117,ETCH-01,212,0,0.012109799831869505,0.013926496468851147
117,ETCH-01,213,0,0.011916611756663352,0.015864171436888105
117,ETCH-01,214,0,0.014143876046384337,0.018066506943209912
117,ETCH-01,215,0,0.013165711742386815,0.020568190703359905
117,ETCH-01,216,0,0.016110392945358508,0.0234080266566112
117,ETCH-01,217,0,0.0118650051888855,0.026629296349067525
117,ETCH-01,218,0,0.018056068863836004,0.03028011285587452
117,ETCH-01,219,0,0.015345705031612287,0.03441375211893017
117,ETCH-01,220,0,0.0150510427354906,0.039088941737438564
117,ETCH-01,221,0,0.015589546733560753,0.04437008152720019
117,ETCH-01,222,1,0.048557390973503756,0.05032736359376719
117,ETCH-01,223,1,0.03002721355765761,0.05703675238884091
117,ETCH-01,224,1,0.021597649328072458,0.06457977754644699
117,ETCH-01,225,1,0.06915515464689684,0.0730430847594295
117,ETCH-01,226,1,0.06492338540167487,0.08251768338556707
117,ETCH-01,228,0,0.011992412977490676,0.0016994860506774087
117,ETCH-01,229,0,0.009508937777035412,0.0019392912392089338
117,ETCH-01,230,0,0.011050042078180057,0.0022128590219960454
117,ETCH-01,231,0,0.008767529497164177,0.0025249202500988777
117,ETCH-01,232,0,0.010711180603964825,0.0028808618349007884
117,ETCH-01,233,0,0.008935449477995504,0.0032868156672249548
117,ETCH-01,234,0,0.01010235684429273,0.003749758964263824
117,ETCH-02,0,0,0.010705662420397558,0.0016994860506774087
117,ETCH-02,1,0,0.008999856220647034,0.0019392912392089338
117,ETCH-02,2,0,0.009182039335885643,0.0022128590219960454
117,ETCH-02,3,0,0.008291557831989222,0.0025249202500988777
117,ETCH-02,4,0,0.006674642475472899,0.0028808618349007884
117,ETCH-02,5,0,0.007856691022691743,0.0032868156672249548
117,ETCH-02,6,0,0.006024288085160997,0.003749758964263824
117,ETCH-02,7,0,0.007268731427083705,0.004277627322091259
117,ETCH-02,8,0,0.008785670909672593,0.0048794418338637
117,ETCH-02,9,0,0.007261638758474825,0.0055654516999249035
117,ETCH-02,10,0,0.006022731369759298,0.006347293796070979
117,ETCH-02,11,0,0.008329087125549205,0.007238170667111699
117,ETCH-02,12,0,0.007601545130613981,0.008253048357386826
117,ETCH-02,13,0,0.007139915870279985,0.009408875355785535
117,ETCH-02,14,0,0.005006284589223018,0.010724823691580595
117,ETCH-02,15,0,0.007428225915379191,0.01222255283306718
117,ETCH-02,16,0,0.013178832020007417,0.013926496468851147
117,ETCH-02,17,0,0.006822167771613994,0.015864171436888105
117,ETCH-02,18,0,0.0071436516375344445,0.018066506943209912
117,ETCH-02,19,0,0.007917314666476018,0.020568190703359905
117,ETCH-02,20,0,0.008555335920997945,0.0234080266566112
117,ETCH-02,21,0,0.013171719887515526,0.026629296349067525
117,ETCH-02,22,0,0.024794695102818627,0.03028011285587452
117,ETCH-02,23,0,0.009509746817686704,0.03441375211893017
117,ETCH-02,24,0,0.005961585528808304,0.039088941737438564
117,ETCH-02,25,0,0.017398496061060052,0.04437008152720019
117,ETCH-02,26,0,0.007503115695352916,0.05032736359376719
117,ETCH-02,27,0,0.01317936704454305,0.05703675238884091
117,ETCH-02,28,0,0.02205361284905643,0.06457977754644699
117,ETCH-02,29,0,0.03656492680435585,0.0730430847594295
117,ETCH-02,30,0,0.02737104862422745,0.08251768338556707
117,ETCH-02,31,0,0.05443976337203014,0.0930978250513127
117,ETCH-02,32,0,0.10968784885026853,0.10487944683337558
117,ETCH-02,33,0,0.08736530089333862,0.11795811761829424
117,ETCH-02,34,0,0.12007534588525821,0.13242643923984326
117,ETCH-02,35,0,0.08382349318432371,0.14837087732351398
117,ETCH-02,36,1,0.11316505149430385,0.16586803246727091
117,ETCH-02,37,1,0.18997837158454342,0.18498041161474152
117,ETCH-02,38,1,0.20944307732530887,0.20575182176004442
117,ETCH-02,39,1,0.26443389647721405,0.22820258054495718
117,ETCH-02,40,1,0.2030858739039148,0.2523248147932473
117,ETCH-02,42,0,0.010533206316185173,0.0016994860506774087
117,ETCH-02,43,0,0.012790151147498338,0.0019392912392089338
117,ETCH-02,44,0,0.010740156075262198,0.0022128590219960454
117,ETCH-02,45,0,0.029583796031157673,0.0025249202500988777
117,ETCH-02,46,0,0.011666378234341879,0.0028808618349007884
117,ETCH-02,47,0,0.006159869991038791,0.0032868156672249548
117,ETCH-02,48,0,0.008331534854194406,0.003749758964263824
117,ETCH-02,49,0,0.005839345878432008,0.004277627322091259
117,ETCH-02,50,0,0.0057107567300654985,0.0048794418338637
117,ETCH-02,51,0,0.006782421954594256,0.0055654516999249035
117,ETCH-02,52,0,0.006165672684390275,0.006347293796070979
117,ETCH-02,53,0,0.00786688492183403,0.007238170667111699
117,ETCH-02,54,0,0.006828047882353241,0.008253048357386826
117,ETCH-02,55,0,0.005777520881917411,0.009408875355785535
117,ETCH-02,56,0,0.008412959782880088,0.010724823691580595
117,ETCH-02,57,0,0.007226855454139312,0.01222255283306718
117,ETCH-02,58,0,0.006197232741249462,0.013926496468851147
117,ETCH-02,59,0,0.008915785545969192,0.015864171436888105
117,ETCH-02,60,0,0.006978992586317977,0.018066506943209912
117,ETCH-02,61,0,0.007981630544041687,0.020568190703359905
117,ETCH-02,62,0,0.012130732879673445,0.0234080266566112
117,ETCH-02,63,0,0.005758832422608635,0.026629296349067525
117,ETCH-02,64,0,0.006717918819573301,0.03028011285587452
117,ETCH-02,65,0,0.014597693378574337,0.03441375211893017
117,ETCH-02,66,0,0.007870153463710606,0.039088941737438564
117,ETCH-02,67,0,0.009141257810974673,0.04437008152720019
117,ETCH-02,68,0,0.011343282920888993,0.05032736359376719
117,ETCH-02,69,0,0.02746188027431583,0.05703675238884091
117,ETCH-02,70,0,0.013850377385563526,0.06457977754644699
117,ETCH-02,71,0,0.07127479417660718,0.0730430847594295
117,ETCH-02,72,0,0.11329213338646864,0.08251768338556707
117,ETCH-02,73,1,0.06479070717949353,0.0930978250513127
117,ETCH-02,74,1,0.08257297601341113,0.10487944683337558
117,ETCH-02,75,1,0.09895660143835024,0.11795811761829424
117,ETCH-02,76,1,0.23989136996259633,0.13242643923984326
117,ETCH-02,77,1,0.13206931343236333,0.14837087732351398
117,ETCH-02,79,0,0.019955844093299036,0.0016994860506774087
117,ETCH-02,80,0,0.01372427688579476,0.0019392912392089338
117,ETCH-02,81,0,0.012142624926845737,0.0022128590219960454
117,ETCH-02,82,0,0.006493471369842322,0.0025249202500988777
117,ETCH-02,83,0,0.008800712257642826,0.0028808618349007884
117,ETCH-02,84,0,0.006327018488470469,0.0032868156672249548
117,ETCH-02,85,0,0.006846359973609254,0.003749758964263824
117,ETCH-02,86,0,0.006692171939007514,0.004277627322091259
117,ETCH-02,87,0,0.007137998716188751,0.0048794418338637
117,ETCH-02,88,0,0.012556826514843009,0.0055654516999249035
117,ETCH-02,89,0,0.006349819761720164,0.006347293796070979
117,ETCH-02,90,0,0.008144461789932835,0.007238170667111699
117,ETCH-02,91,0,0.006884412434653894,0.008253048357386826
117,ETCH-02,92,0,0.006608518626748728,0.009408875355785535
117,ETCH-02,93,0,0.0082080645198237,0.010724823691580595
117,ETCH-02,94,0,0.006621004672917127,0.01222255283306718
117,ETCH-02,95,0,0.008403303524650988,0.013926496468851147
117,ETCH-02,96,0,0.006156328127414417,0.015864171436888105
117,ETCH-02,97,0,0.008084643030043555,0.018066506943209912
117,ETCH-02,98,0,0.007266074076737586,0.020568190703359905
117,ETCH-02,99,0,0.007476657663803908,0.0234080266566112
117,ETCH-02,100,0,0.0074259657627466875,0.026629296349067525
117,ETCH-02,101,0,0.00852987063330621,0.03028011285587452
117,ETCH-02,102,0,0.01284543743581024,0.03441375211893017
117,ETCH-02,103,0,0.008029781094256696,0.039088941737438564
117,ETCH-02,104,0,0.011484073620479901,0.04437008152720019
117,ETCH-02,105,0,0.06437952035600625,0.05032736359376719
117,ETCH-02,106,0,0.028058926052785472,0.05703675238884091
117,ETCH-02,107,0,0.03593964425964211,0.06457977754644699
117,ETCH-02,108,0,0.06491096881319004,0.0730430847594295
117,ETCH-02,109,0,0.08815845913834869,0.08251768338556707
117,ETCH-02,110,0,0.0571676443861822,0.0930978250513127
117,ETCH-02,111,0,0.07480893862193283,0.10487944683337558
117,ETCH-02,112,0,0.1906516226642793,0.11795811761829424
117,ETCH-02,113,0,0.14632982329718233,0.13242643923984326
117,ETCH-02,114,0,0.1345038563359064,0.14837087732351398
117,ETCH-02,115,0,0.22937997357127887,0.16586803246727091
117,ETCH-02,116,0,0.19444008481207228,0.18498041161474152
117,ETCH-02,117,0,0.20630923000907747,0.20575182176004442
117,ETCH-02,118,0,0.3176075280087609,0.22820258054495718
117,ETCH-02,119,0,0.2210109565667552,0.2523248147932473
117,ETCH-02,120,0,0.2829663549620932,0.27807818901596076
117,ETCH-02,121,1,0.25487784610932085,0.3053864587751017
117,ETCH-02,122,1,0.2837270568250138,0.3341352642068455
117,ETCH-02,123,1,0.28437716762282655,0.36417155355279246
117,ETCH-02,124,1,0.6089329066881704,0.39530494610209993
117,ETCH-02,125,1,0.5425654456024085,0.4273112072867518
117,ETCH-02,127,0,0.030319546714444073,0.0016994860506774087
117,ETCH-02,128,0,0.010283357095010234,0.0019392912392089338
117,ETCH-02,129,0,0.008166757218435024,0.0022128590219960454
117,ETCH-02,130,0,0.007356822353613329,0.0025249202500988777
117,ETCH-02,131,0,0.008868316498675973,0.0028808618349007884
117,ETCH-02,132,0,0.006614747915365933,0.0032868156672249548
117,ETCH-02,133,0,0.005902397619257355,0.003749758964263824
117,ETCH-02,134,0,0.005428608167402477,0.004277627322091259
117,ETCH-02,135,0,0.012558331974404341,0.0048794418338637
117,ETCH-02,136,0,0.006126000365092371,0.0055654516999249035
117,ETCH-02,137,0,0.006969394786583027,0.006347293796070979
117,ETCH-02,138,0,0.005642224407847073,0.007238170667111699
117,ETCH-02,139,0,0.005744471317316314,0.008253048357386826
117,ETCH-02,140,1,0.008239936617387476,0.009408875355785535
117,ETCH-02,141,1,0.007723085495415458,0.010724823691580595
117,ETCH-02,142,1,0.00792762141819877,0.01222255283306718
117,ETCH-02,143,1,0.0054573216169687515,0.013926496468851147
117,ETCH-02,144,1,0.008388704727566372,0.015864171436888105
117,ETCH-02,146,0,0.011068188865337503,0.0016994860506774087
117,ETCH-02,147,0,0.009584153983611364,0.0019392912392089338
117,ETCH-02,148,0,0.006650448324503134,0.0022128590219960454
117,ETCH-02,149,0,0.009379783910165704,0.0025249202500988777
117,ETCH-02,150,0,0.011092905545984822,0.0028808618349007884
117,ETCH-02,151,0,0.009141096715352815,0.0032868156672249548
117,ETCH-02,152,0,0.0057795494112642,0.003749758964263824
117,ETCH-02,153,0,0.006020027013202131,0.004277627322091259
117,ETCH-02,154,0,0.007560178834996359,0.0048794418338637
117,ETCH-02,155,0,0.012561644893242938,0.0055654516999249035
117,ETCH-02,156,0,0.006546422948994128,0.006347293796070979
117,ETCH-02,157,0,0.005812663834292716,0.007238170667111699
117,ETCH-02,158,0,0.007099669291450239,0.008253048357386826
117,ETCH-02,159,0,0.006420183750542862,0.009408875355785535
117,ETCH-02,160,0,0.00802580246684952,0.010724823691580595
117,ETCH-02,161,0,0.005206200597872538,0.01222255283306718
117,ETCH-02,162,0,0.008101850360086947,0.013926496468851147
117,ETCH-02,163,0,0.007974146123767512,0.015864171436888105
117,ETCH-02,164,0,0.008409638738706485,0.018066506943209912
117,ETCH-02,165,0,0.0070640974208835226,0.020568190703359905
117,ETCH-02,166,0,0.006528594364532785,0.0234080266566112
117,ETCH-02,167,0,0.00826695117040155,0.026629296349067525
117,ETCH-02,168,0,0.008093278594709017,0.03028011285587452
117,ETCH-02,169,0,0.009578141928492524,0.03441375211893017
117,ETCH-02,170,0,0.010682517611241895,0.039088941737438564
117,ETCH-02,171,0,0.07067875439369281,0.04437008152720019
117,ETCH-02,172,0,0.04625592620219651,0.05032736359376719
117,ETCH-02,173,0,0.01872683170999006,0.05703675238884091
117,ETCH-02,174,0,0.0645074840048733,0.06457977754644699
117,ETCH-02,175,0,0.06466008381085855,0.0730430847594295
117,ETCH-02,176,0,0.039790319932219285,0.08251768338556707
117,ETCH-02,177,0,0.052841603240192214,0.0930978250513127
117,ETCH-02,178,0,0.08485276699816693,0.10487944683337558
117,ETCH-02,179,0,0.07292484803655333,0.11795811761829424
117,ETCH-02,180,0,0.10310960136372756,0.13242643923984326
117,ETCH-02,181,0,0.12227292336003659,0.14837087732351398
117,ETCH-02,182,0,0.24168573967474968,0.16586803246727091
117,ETCH-02,183,0,0.14118889862550227,0.18498041161474152
117,ETCH-02,184,0,0.1832178821398574,0.20575182176004442
117,ETCH-02,185,0,0.2696797890918713,0.22820258054495718
117,ETCH-02,186,0,0.16495857197330177,0.2523248147932473
117,ETCH-02,187,0,0.2969113728033227,0.27807818901596076
117,ETCH-02,188,0,0.28072499580210175,0.3053864587751017
117,ETCH-02,189,0,0.2838855801709103,0.3341352642068455
117,ETCH-02,190,0,0.4114499772782424,0.36417155355279246
117,ETCH-02,191,0,0.5656184977255406,0.39530494610209993
117,ETCH-02,192,0,0.53923068978789,0.4273112072867518
117,ETCH-02,193,0,0.5007401698470307,0.4599378251834118
117,ETCH-02,194,0,0.5300549727466004,0.4929114679615276
117,ETCH-02,195,0,0.5623209606971733,0.5259468953695469
117,ETCH-02,196,0,0.6353765581771711,0.5587567272733381
117,ETCH-02,197,0,0.695317860672171,0.5910613681203879
117,ETCH-02,198,0,0.6586285947644044,0.6225983669619332
117,ETCH-02,199,0,0.6338771966159277,0.6531305618913489
117,ETCH-02,200,0,0.6800090828439695,0.682452502705571
117,ETCH-02,201,1,0.6804982005801994,0.7103948404678427
117,ETCH-02,202,1,0.6328072191039755,0.7368265849350608
117,ETCH-02,203,1,0.6604374717372103,0.7616553286791048
117,ETCH-02,204,1,0.6174898162145638,0.7848256952952948
117,ETCH-02,205,1,0.5899428214536199,0.8063163740706525
117,ETCH-02,207,0,0.019911755580698146,0.0016994860506774087
117,ETCH-02,208,0,0.01019115218086103,0.0019392912392089338
117,ETCH-02,209,0,0.009603220468570222,0.0022128590219960454
117,ETCH-02,210,0,0.005793362440384458,0.0025249202500988777
117,ETCH-02,211,0,0.008175464035463452,0.0028808618349007884
117,ETCH-02,212,0,0.010283062513081039,0.0032868156672249548
117,ETCH-02,213,0,0.01173354133306004,0.003749758964263824
117,ETCH-02,214,0,0.0057704385455561846,0.004277627322091259
117,ETCH-02,215,0,0.008381754337592615,0.0048794418338637
117,ETCH-02,216,0,0.0059134938836799805,0.0055654516999249035
117,ETCH-02,217,0,0.00487782442586406,0.006347293796070979
117,ETCH-02,218,0,0.005858315250703065,0.007238170667111699
117,ETCH-02,219,0,0.006149902208180027,0.008253048357386826
117,ETCH-02,220,0,0.006710079316847138,0.009408875355785535
117,ETCH-02,221,0,0.005453653545531646,0.010724823691580595
117,ETCH-02,222,0,0.005092236098066909,0.01222255283306718
117,ETCH-02,223,0,0.00772630597371773,0.013926496468851147
117,ETCH-02,224,0,0.013050688913493152,0.015864171436888105
117,ETCH-02,225,0,0.005907334678967295,0.018066506943209912
117,ETCH-02,226,0,0.008339244706315115,0.020568190703359905
117,ETCH-02,227,0,0.008087201602337795,0.0234080266566112
117,ETCH-02,228,0,0.008383674129681686,0.026629296349067525
117,ETCH-02,229,0,0.009007029919142798,0.03028011285587452
117,ETCH-02,230,0,0.011891357919753834,0.03441375211893017
117,ETCH-02,231,0,0.00888996730590678,0.039088941737438564
117,ETCH-02,232,0,0.033232743263712713,0.04437008152720019
117,ETCH-02,233,0,0.06951771136407045,0.05032736359376719
117,ETCH-02,234,0,0.03288134941534811,0.05703675238884091
117,ETCH-03,0,0,0.008879203181186077,0.0016994860506774087
117,ETCH-03,1,0,0.008260207194138138,0.0019392912392089338
117,ETCH-03,2,0,0.008198593731698432,0.0022128590219960454
117,ETCH-03,3,0,0.006718463188379454,0.0025249202500988777
117,ETCH-03,4,0,0.00951832380130463,0.0028808618349007884
117,ETCH-03,5,0,0.007102988132356313,0.0032868156672249548
117,ETCH-03,6,0,0.006532635626566141,0.003749758964263824
117,ETCH-03,7,0,0.0069633491172955055,0.004277627322091259
117,ETCH-03,8,0,0.007686848629394623,0.0048794418338637
117,ETCH-03,9,0,0.006675424195641622,0.0055654516999249035
117,ETCH-03,10,0,0.010336602616500708,0.006347293796070979
117,ETCH-03,11,0,0.011385431283973702,0.007238170667111699
117,ETCH-03,12,0,0.010584477880425928,0.008253048357386826
117,ETCH-03,13,0,0.01772300390628945,0.009408875355785535
117,ETCH-03,14,0,0.011279596067961506,0.010724823691580595
117,ETCH-03,15,0,0.013616229058153888,0.01222255283306718
117,ETCH-03,16,0,0.0119042684551523,0.013926496468851147
117,ETCH-03,17,0,0.012747745099046612,0.015864171436888105
117,ETCH-03,18,0,0.013856220365383937,0.018066506943209912
117,ETCH-03,19,0,0.016065193301393926,0.020568190703359905
117,ETCH-03,20,0,0.012017439520967906,0.0234080266566112
117,ETCH-03,21,0,0.017987851652310656,0.026629296349067525
117,ETCH-03,22,0,0.0129862854786837,0.03028011285587452
117,ETCH-03,23,0,0.03470919394020348,0.03441375211893017
117,ETCH-03,24,0,0.021272352823095284,0.039088941737438564
117,ETCH-03,25,0,0.016865045758849097,0.04437008152720019
117,ETCH-03,26,0,0.033246383390116305,0.05032736359376719
117,ETCH-03,27,0,0.020752341297535254,0.05703675238884091
117,ETCH-03,28,0,0.05345714858569188,0.06457977754644699
117,ETCH-03,29,0,0.06192042506051852,0.0730430847594295
117,ETCH-03,30,0,0.14207878810468394,0.08251768338556707
117,ETCH-03,31,0,0.08890850914534137,0.0930978250513127
117,ETCH-03,32,0,0.11257698512340057,0.10487944683337558
117,ETCH-03,33,0,0.15712508400183237,0.11795811761829424
117,ETCH-03,34,0,0.15488924600048626,0.13242643923984326
117,ETCH-03,35,0,0.12843726864923027,0.14837087732351398
117,ETCH-03,36,0,0.1359745716375711,0.16586803246727091
117,ETCH-03,37,0,0.16328195685165411,0.18498041161474152
117,ETCH-03,38,0,0.20591363839382343,0.20575182176004442
117,ETCH-03,39,0,0.2541229797069892,0.22820258054495718
117,ETCH-03,40,0,0.19167162086292114,0.2523248147932473
117,ETCH-03,41,0,0.20402059631421854,0.27807818901596076
117,ETCH-03,42,0,0.2858524317914354,0.3053864587751017
117,ETCH-03,43,1,0.3824586004993214,0.3341352642068455
117,ETCH-03,44,1,0.31107991036362376,0.36417155355279246
117,ETCH-03,45,1,0.3559503773742011,0.39530494610209993
117,ETCH-03,46,1,0.3530727566565976,0.4273112072867518
117,ETCH-03,47,1,0.3692918279151799,0.4599378251834118
117,ETCH-03,49,0,0.008784566998575691,0.0016994860506774087
117,ETCH-03,50,0,0.00882653064386349,0.0019392912392089338
117,ETCH-03,51,0,0.007097427971333651,0.0022128590219960454
117,ETCH-03,52,0,0.008085217189635818,0.0025249202500988777
117,ETCH-03,53,0,0.006570305228919164,0.0028808618349007884
117,ETCH-03,54,0,0.00633866512022276,0.0032868156672249548
117,ETCH-03,55,0,0.006554348242586894,0.003749758964263824
117,ETCH-03,56,0,0.006776623975459728,0.004277627322091259
117,ETCH-03,57,0,0.006749813761514159,0.0048794418338637
117,ETCH-03,58,0,0.008076707235053975,0.0055654516999249035
117,ETCH-03,59,0,0.0071256136135681,0.006347293796070979
117,ETCH-03,60,0,0.0077081009225894405,0.007238170667111699
117,ETCH-03,61,0,0.00812244800370349,0.008253048357386826
117,ETCH-03,62,0,0.012207133591432504,0.009408875355785535
117,ETCH-03,63,0,0.01246797002700858,0.010724823691580595
117,ETCH-03,64,0,0.015238627537387358,0.01222255283306718
117,ETCH-03,65,0,0.014696860995368866,0.013926496468851147
117,ETCH-03,66,0,0.015513580651441653,0.015864171436888105
117,ETCH-03,67,0,0.015049598092376127,0.018066506943209912
117,ETCH-03,68,0,0.01283293283694877,0.020568190703359905
117,ETCH-03,69,0,0.014271682126438503,0.0234080266566112
117,ETCH-03,70,0,0.013381088550163314,0.026629296349067525
117,ETCH-03,71,0,0.013085383616010943,0.03028011285587452
117,ETCH-03,72,0,0.01529719853506949,0.03441375211893017
117,ETCH-03,73,0,0.012414113556160475,0.039088941737438564
117,ETCH-03,74,0,0.012385044638927246,0.04437008152720019
117,ETCH-03,75,0,0.05669700438678038,0.05032736359376719
117,ETCH-03,76,0,0.02085395494451158,0.05703675238884091
117,ETCH-03,77,0,0.04166264340773548,0.06457977754644699
117,ETCH-03,78,0,0.046976265860371416,0.0730430847594295
117,ETCH-03,79,0,0.12643624153283856,0.08251768338556707
117,ETCH-03,80,0,0.07512366747782705,0.0930978250513127
117,ETCH-03,81,0,0.15239014470936457,0.10487944683337558
117,ETCH-03,82,0,0.14089689802490393,0.11795811761829424
117,ETCH-03,83,0,0.10751447996925692,0.13242643923984326
117,ETCH-03,84,0,0.11801401747308589,0.14837087732351398
117,ETCH-03,85,0,0.19475483198647653,0.16586803246727091
117,ETCH-03,86,0,0.19302963511197158,0.18498041161474152
117,ETCH-03,87,0,0.17123115381279702,0.20575182176004442
117,ETCH-03,88,0,0.230199925551198,0.22820258054495718
117,ETCH-03,89,0,0.17975251642729312,0.2523248147932473
117,ETCH-03,90,1,0.2749179460420662,0.27807818901596076
117,ETCH-03,91,1,0.20940356059401047,0.3053864587751017
117,ETCH-03,92,1,0.25066214442937806,0.3341352642068455
117,ETCH-03,93,1,0.3049436439636162,0.36417155355279246
117,ETCH-03,94,1,0.3667580585005955,0.39530494610209993
117,ETCH-03,96,0,0.010452844136567843,0.0016994860506774087
117,ETCH-03,97,0,0.010785124759827578,0.0019392912392089338
117,ETCH-03,98,0,0.006586744460401785,0.0022128590219960454
117,ETCH-03,99,0,0.006644648550506729,0.0025249202500988777
117,ETCH-03,100,0,0.007738115038603959,0.0028808618349007884
117,ETCH-03,101,0,0.0069963179987154915,0.0032868156672249548
117,ETCH-03,102,0,0.006585127681761306,0.003749758964263824
117,ETCH-03,103,0,0.0064249028323905815,0.004277627322091259
117,ETCH-03,104,0,0.006767973210176172,0.0048794418338637
117,ETCH-03,105,0,0.007240844056804798,0.0055654516999249035
117,ETCH-03,106,0,0.008402662095053174,0.006347293796070979
117,ETCH-03,107,0,0.011354970686321323,0.007238170667111699
117,ETCH-03,108,0,0.01400850953258359,0.008253048357386826
117,ETCH-03,109,0,0.011460164406510565,0.009408875355785535
117,ETCH-03,110,0,0.012054781167253129,0.010724823691580595
117,ETCH-03,111,0,0.013294082898663665,0.01222255283306718
117,ETCH-03,112,0,0.01269315907127438,0.013926496468851147
117,ETCH-03,113,0,0.015333733551947903,0.015864171436888105
117,ETCH-03,114,0,0.014655160554097001,0.018066506943209912
117,ETCH-03,115,0,0.014068894472282897,0.020568190703359905
117,ETCH-03,116,0,0.012075915767386852,0.0234080266566112
117,ETCH-03,117,0,0.032071066489607856,0.026629296349067525
117,ETCH-03,118,0,0.013138452027907394,0.03028011285587452
117,ETCH-03,119,0,0.020047536593173727,0.03441375211893017
117,ETCH-03,120,0,0.012729658746137972,0.039088941737438564
117,ETCH-03,121,0,0.060481016118508944,0.04437008152720019
117,ETCH-03,122,0,0.01565008766182236,0.05032736359376719
117,ETCH-03,123,0,0.04190966683180187,0.05703675238884091
117,ETCH-03,124,0,0.08712172436530646,0.06457977754644699
117,ETCH-03,125,0,0.10913913666064039,0.0730430847594295
117,ETCH-03,126,0,0.08982516572234359,0.08251768338556707
117,ETCH-03,127,0,0.09253750392215662,0.0930978250513127
117,ETCH-03,128,0,0.14336543660872808,0.10487944683337558
117,ETCH-03,129,0,0.13005428700845212,0.11795811761829424
117,ETCH-03,130,0,0.1621344416972958,0.13242643923984326
117,ETCH-03,131,0,0.16096411589875506,0.14837087732351398
117,ETCH-03,132,1,0.22061622917770993,0.16586803246727091
117,ETCH-03,133,1,0.16030972497901902,0.18498041161474152
117,ETCH-03,134,1,0.19703061625766324,0.20575182176004442
117,ETCH-03,135,1,0.23026299180665344,0.22820258054495718
117,ETCH-03,136,1,0.19214418272730993,0.2523248147932473
117,ETCH-03,138,0,0.01628403291025971,0.0016994860506774087
117,ETCH-03,139,0,0.011504231581468205,0.0019392912392089338
117,ETCH-03,140,0,0.008438430656828588,0.0022128590219960454
117,ETCH-03,141,0,0.009958665167475822,0.0025249202500988777
117,ETCH-03,142,0,0.008233623609939275,0.0028808618349007884
117,ETCH-03,143,0,0.00762696538526129,0.0032868156672249548
117,ETCH-03,144,0,0.006496053929062083,0.003749758964263824
117,ETCH-03,145,0,0.008676157474829771,0.004277627322091259
117,ETCH-03,146,0,0.012524821660960991,0.0048794418338637
117,ETCH-03,147,0,0.011246136220127151,0.0055654516999249035
117,ETCH-03,148,0,0.010644550122038495,0.006347293796070979
117,ETCH-03,149,0,0.00717434640019349,0.007238170667111699
117,ETCH-03,150,0,0.013652411910982664,0.008253048357386826
117,ETCH-03,151,0,0.03132623610070836,0.009408875355785535
117,ETCH-03,152,0,0.014467800561500169,0.010724823691580595
117,ETCH-03,153,0,0.016158771027111513,0.01222255283306718
117,ETCH-03,154,0,0.014711001297008319,0.013926496468851147
117,ETCH-03,155,0,0.012761731316212993,0.015864171436888105
117,ETCH-03,156,0,0.015698573924682324,0.018066506943209912
117,ETCH-03,157,0,0.013152240484407765,0.020568190703359905
117,ETCH-03,158,0,0.012808666540461413,0.0234080266566112
117,ETCH-03,159,0,0.013088415312156262,0.026629296349067525
117,ETCH-03,160,0,0.023444789050430175,0.03028011285587452
117,ETCH-03,161,0,0.01395855056300763,0.03441375211893017
117,ETCH-03,162,0,0.011722435449578895,0.039088941737438564
117,ETCH-03,163,0,0.017268561975624323,0.04437008152720019
117,ETCH-03,164,0,0.013369126671677087,0.05032736359376719
117,ETCH-03,165,0,0.035458564266074265,0.05703675238884091
117,ETCH-03,166,0,0.04096332605576466,0.06457977754644699
117,ETCH-03,167,0,0.08187783036980514,0.0730430847594295
117,ETCH-03,168,0,0.07503277953518175,0.08251768338556707
117,ETCH-03,169,0,0.10869394722796555,0.0930978250513127
117,ETCH-03,170,0,0.13726643718782963,0.10487944683337558
117,ETCH-03,171,0,0.14640959866509798,0.11795811761829424
117,ETCH-03,172,0,0.15315222281924173,0.13242643923984326
117,ETCH-03,173,0,0.1686891128899432,0.14837087732351398
117,ETCH-03,174,0,0.13356616165350757,0.16586803246727091
117,ETCH-03,175,0,0.1993889031110693,0.18498041161474152
117,ETCH-03,176,0,0.16152644354698484,0.20575182176004442
117,ETCH-03,177,0,0.20100472937797775,0.22820258054495718
117,ETCH-03,178,0,0.252192663269885,0.2523248147932473
117,ETCH-03,179,0,0.2376582509249499,0.27807818901596076
117,ETCH-03,180,0,0.3093286118277165,0.3053864587751017
117,ETCH-03,181,0,0.29439171867317965,0.3341352642068455
117,ETCH-03,182,0,0.3146405801984254,0.36417155355279246
117,ETCH-03,183,0,0.36065363302173853,0.39530494610209993
117,ETCH-03,184,0,0.45655545274552845,0.4273112072867518
117,ETCH-03,185,0,0.37574338101310195,0.4599378251834118
117,ETCH-03,186,1,0.4273991555124046,0.4929114679615276
117,ETCH-03,187,1,0.5238122207648435,0.5259468953695469
117,ETCH-03,188,1,0.45154540475046917,0.5587567272733381
117,ETCH-03,189,1,0.6843330177539098,0.5910613681203879
117,ETCH-03,190,1,0.7042745723309849,0.6225983669619332
117,ETCH-03,192,0,0.007358772835740546,0.0016994860506774087
117,ETCH-03,193,0,0.008171352177496429,0.0019392912392089338
117,ETCH-03,194,0,0.006770344266440563,0.0022128590219960454
117,ETCH-03,195,0,0.0065572622139144455,0.0025249202500988777
117,ETCH-03,196,0,0.007075742924451718,0.0028808618349007884
117,ETCH-03,197,0,0.0066039490953328644,0.0032868156672249548
117,ETCH-03,198,0,0.006125583067696642,0.003749758964263824
117,ETCH-03,199,0,0.010219474647582215,0.004277627322091259
117,ETCH-03,200,0,0.006581725722595018,0.0048794418338637
117,ETCH-03,201,0,0.013342888618329241,0.0055654516999249035
117,ETCH-03,202,0,0.008572973348714182,0.006347293796070979
117,ETCH-03,203,0,0.012707475035897175,0.007238170667111699
117,ETCH-03,204,0,0.01671593613597071,0.008253048357386826
117,ETCH-03,205,0,0.013536395055886174,0.009408875355785535
117,ETCH-03,206,0,0.014874362816247318,0.010724823691580595
117,ETCH-03,207,0,0.01352041372312251,0.01222255283306718
117,ETCH-03,208,0,0.01474717635588652,0.013926496468851147
117,ETCH-03,209,0,0.013966090108431709,0.015864171436888105
117,ETCH-03,210,0,0.015090968006863058,0.018066506943209912
117,ETCH-03,211,0,0.01349570926830983,0.020568190703359905
117,ETCH-03,212,0,0.01408342190576812,0.0234080266566112
117,ETCH-03,213,0,0.012693478703246473,0.026629296349067525
117,ETCH-03,214,0,0.014477834067026876,0.03028011285587452
117,ETCH-03,215,0,0.01218341015387438,0.03441375211893017
117,ETCH-03,216,0,0.013418775554014236,0.039088941737438564
117,ETCH-03,217,0,0.012994246152587851,0.04437008152720019
117,ETCH-03,218,0,0.05131742974761007,0.05032736359376719
117,ETCH-03,219,0,0.04087528627631154,0.05703675238884091
117,ETCH-03,220,0,0.06846837005321098,0.06457977754644699
117,ETCH-03,221,0,0.12177626382135623,0.0730430847594295
117,ETCH-03,222,0,0.08330067769688372,0.08251768338556707
117,ETCH-03,223,0,0.09783983346120612,0.0930978250513127
117,ETCH-03,224,0,0.14829344293222368,0.10487944683337558
117,ETCH-03,225,0,0.1275083937279199,0.11795811761829424
117,ETCH-03,226,0,0.12996797655385584,0.13242643923984326
117,ETCH-03,227,0,0.17834912562871136,0.14837087732351398
117,ETCH-03,228,0,0.10729138564928813,0.16586803246727091
117,ETCH-03,229,0,0.19445988349852988,0.18498041161474152
117,ETCH-03,230,0,0.25964191748209986,0.20575182176004442
117,ETCH-03,231,0,0.28959826123813537,0.22820258054495718
117,ETCH-03,232,0,0.3705325664139343,0.2523248147932473
117,ETCH-03,233,0,0.2437172136288556,0.27807818901596076
117,ETCH-03,234,0,0.26467385473639143,0.3053864587751017
117,ETCH-04,0,0,0.01140874543525786,0.0016994860506774087
117,ETCH-04,1,0,0.010452692201840457,0.0019392912392089338
117,ETCH-04,2,0,0.009282906827286556,0.0022128590219960454
117,ETCH-04,3,0,0.009507042234803689,0.0025249202500988777
117,ETCH-04,4,0,0.009282390616487947,0.0028808618349007884
117,ETCH-04,5,0,0.030969269995288207,0.0032868156672249548
117,ETCH-04,6,0,0.00889670326335731,0.003749758964263824
117,ETCH-04,7,0,0.04159169853326278,0.004277627322091259
117,ETCH-04,8,0,0.01731747995245297,0.0048794418338637
117,ETCH-04,9,0,0.009576079233241126,0.0055654516999249035
117,ETCH-04,10,0,0.00986231856083793,0.006347293796070979
117,ETCH-04,11,0,0.010963817953871892,0.007238170667111699
117,ETCH-04,12,0,0.009742451916734857,0.008253048357386826
117,ETCH-04,13,0,0.011965212320682516,0.009408875355785535
117,ETCH-04,14,0,0.011600114720138988,0.010724823691580595
117,ETCH-04,15,0,0.04242395853704962,0.01222255283306718
117,ETCH-04,16,0,0.016470329252054165,0.013926496468851147
117,ETCH-04,17,0,0.013800480308096955,0.015864171436888105
117,ETCH-04,18,0,0.01566260943725311,0.018066506943209912
117,ETCH-04,19,0,0.01201584696557493,0.020568190703359905
117,ETCH-04,20,0,0.010562864268003274,0.0234080266566112
117,ETCH-04,21,0,0.01052608343229648,0.026629296349067525
117,ETCH-04,22,0,0.00948306285090933,0.03028011285587452
117,ETCH-04,23,0,0.009937399734755388,0.03441375211893017
117,ETCH-04,24,0,0.04717420839369303,0.039088941737438564
117,ETCH-04,25,0,0.016073696445714155,0.04437008152720019
117,ETCH-04,26,0,0.013964995916211285,0.05032736359376719
117,ETCH-04,27,0,0.012614611716319895,0.05703675238884091
117,ETCH-04,28,0,0.019665768061003508,0.06457977754644699
117,ETCH-04,29,0,0.05005286425205535,0.0730430847594295
117,ETCH-04,30,0,0.0419202605053424,0.08251768338556707
117,ETCH-04,31,0,0.04142804725054146,0.0930978250513127
117,ETCH-04,32,0,0.09269720817029893,0.10487944683337558
117,ETCH-04,33,0,0.07001216291434093,0.11795811761829424
117,ETCH-04,34,0,0.10128670908287137,0.13242643923984326
117,ETCH-04,35,0,0.11263534631396666,0.14837087732351398
117,ETCH-04,36,0,0.13764026511241328,0.16586803246727091
117,ETCH-04,37,0,0.16467882339795376,0.18498041161474152
117,ETCH-04,38,0,0.25332213454577224,0.20575182176004442
117,ETCH-04,39,0,0.21397250442910404,0.22820258054495718
117,ETCH-04,40,0,0.2783450042894061,0.2523248147932473
117,ETCH-04,41,0,0.28037369716960514,0.27807818901596076
117,ETCH-04,42,0,0.3157691040646107,0.3053864587751017
117,ETCH-04,43,0,0.4374274959348183,0.3341352642068455
117,ETCH-04,44,0,0.4718945362944914,0.36417155355279246
117,ETCH-04,45,0,0.6072177592198489,0.39530494610209993
117,ETCH-04,46,0,0.6812669656135071,0.4273112072867518
117,ETCH-04,47,0,0.680535876052308,0.4599378251834118
117,ETCH-04,48,0,0.7524053621031342,0.4929114679615276
117,ETCH-04,49,0,0.667923801110769,0.5259468953695469
117,ETCH-04,50,0,0.7367085052282045,0.5587567272733381
117,ETCH-04,51,0,0.860621153349987,0.5910613681203879
117,ETCH-04,52,0,0.8168756874363808,0.6225983669619332
117,ETCH-04,53,0,0.820816607768579,0.6531305618913489
117,ETCH-04,54,0,0.8061575718510385,0.682452502705571
117,ETCH-04,55,1,0.8152962140775465,0.7103948404678427
117,ETCH-04,56,1,0.8075612694979364,0.7368265849350608
117,ETCH-04,57,1,0.7859192764251257,0.7616553286791048
117,ETCH-04,58,1,0.7659625771548005,0.7848256952952948
117,ETCH-04,59,1,0.813921049300142,0.8063163740706525
117,ETCH-04,61,0,0.011989093123113628,0.0016994860506774087
117,ETCH-04,62,0,0.013698548267190877,0.0019392912392089338
117,ETCH-04,63,0,0.009037833550332773,0.0022128590219960454
117,ETCH-04,64,0,0.015787191395803563,0.0025249202500988777
117,ETCH-04,65,0,0.009849098620901438,0.0028808618349007884
117,ETCH-04,66,0,0.009016688499362165,0.0032868156672249548
117,ETCH-04,67,0,0.009364479090071594,0.003749758964263824
117,ETCH-04,68,0,0.01111636759922414,0.004277627322091259
117,ETCH-04,69,0,0.010110356834543937,0.0048794418338637
117,ETCH-04,70,0,0.00987472914355195,0.0055654516999249035
117,ETCH-04,71,0,0.03560909834115737,0.006347293796070979
117,ETCH-04,72,0,0.015553492600971743,0.007238170667111699
117,ETCH-04,73,0,0.00991573810260962,0.008253048357386826
117,ETCH-04,74,0,0.012142390814370806,0.009408875355785535
117,ETCH-04,75,0,0.015803413415250954,0.010724823691580595
117,ETCH-04,76,0,0.012707093307677742,0.01222255283306718
117,ETCH-04,77,0,0.01231279367849672,0.013926496468851147
117,ETCH-04,78,0,0.009865895292926577,0.015864171436888105
117,ETCH-04,79,0,0.015580808185623973,0.018066506943209912
117,ETCH-04,80,0,0.020069876847284958,0.020568190703359905
117,ETCH-04,81,0,0.014044884336602077,0.0234080266566112
117,ETCH-04,82,0,0.009434768074470867,0.026629296349067525
117,ETCH-04,83,0,0.0446264310081033,0.03028011285587452
117,ETCH-04,84,0,0.013430875958285024,0.03441375211893017
117,ETCH-04,85,0,0.011015157682573235,0.039088941737438564
117,ETCH-04,86,0,0.027353578264507877,0.04437008152720019
117,ETCH-04,87,0,0.028771812661912234,0.05032736359376719
117,ETCH-04,88,0,0.0399904967848971,0.05703675238884091
117,ETCH-04,89,0,0.06551232734160153,0.06457977754644699
117,ETCH-04,90,0,0.032640856501715915,0.0730430847594295
117,ETCH-04,91,0,0.07987212646528573,0.08251768338556707
117,ETCH-04,92,0,0.07630744909522716,0.0930978250513127
117,ETCH-04,93,0,0.08623127995701992,0.10487944683337558
117,ETCH-04,94,0,0.16886407878315718,0.11795811761829424
117,ETCH-04,95,0,0.12061459731432993,0.13242643923984326
117,ETCH-04,96,0,0.1642472706034502,0.14837087732351398
117,ETCH-04,97,0,0.21493082861902177,0.16586803246727091
117,ETCH-04,98,0,0.2346333723945321,0.18498041161474152
117,ETCH-04,99,1,0.26160233453954757,0.20575182176004442
117,ETCH-04,100,1,0.29864078542265027,0.22820258054495718
117,ETCH-04,101,1,0.28427674503786493,0.2523248147932473
117,ETCH-04,102,1,0.3228537214607138,0.27807818901596076
117,ETCH-04,103,1,0.30972481756319015,0.3053864587751017
117,ETCH-04,105,0,0.0201966557966684,0.0016994860506774087
117,ETCH-04,106,0,0.010052134470350856,0.0019392912392089338
117,ETCH-04,107,0,0.011266949443176518,0.0022128590219960454
117,ETCH-04,108,0,0.010005705668404993,0.0025249202500988777
117,ETCH-04,109,0,0.00850716832781015,0.0028808618349007884
117,ETCH-04,110,0,0.008559029500022236,0.0032868156672249548
117,ETCH-04,111,0,0.04729261942794073,0.003749758964263824
117,ETCH-04,112,0,0.00911854055949381,0.004277627322091259
117,ETCH-04,113,0,0.00912255459130604,0.0048794418338637
117,ETCH-04,114,0,0.03208440805020134,0.0055654516999249035
117,ETCH-04,115,0,0.012374641169483015,0.006347293796070979
117,ETCH-04,116,0,0.01022387239756167,0.007238170667111699
117,ETCH-04,117,0,0.010501006602331846,0.008253048357386826
117,ETCH-04,118,0,0.010961263017449378,0.009408875355785535
117,ETCH-04,119,0,0.009624509192519686,0.010724823691580595
117,ETCH-04,120,0,0.07557632132030634,0.01222255283306718
117,ETCH-04,121,0,0.01944441712076777,0.013926496468851147
117,ETCH-04,122,0,0.006572281950062391,0.015864171436888105
117,ETCH-04,123,0,0.014709840642720826,0.018066506943209912
117,ETCH-04,124,0,0.03550690151775293,0.020568190703359905
117,ETCH-04,125,0,0.012153617265150612,0.0234080266566112
117,ETCH-04,126,0,0.011014914556321791,0.026629296349067525
117,ETCH-04,127,0,0.014058244605587583,0.03028011285587452
117,ETCH-04,128,0,0.026279050103318775,0.03441375211893017
117,ETCH-04,129,0,0.030559300072090945,0.039088941737438564
117,ETCH-04,130,0,0.008917582866422672,0.04437008152720019
117,ETCH-04,131,0,0.021254089077710113,0.05032736359376719
117,ETCH-04,132,0,0.03533395183686218,0.05703675238884091
117,ETCH-04,133,0,0.0578556521716307,0.06457977754644699
117,ETCH-04,134,0,0.08958671515293601,0.0730430847594295
117,ETCH-04,135,0,0.04126292540771228,0.08251768338556707
117,ETCH-04,136,0,0.05107972158954177,0.0930978250513127
117,ETCH-04,137,0,0.06478040583493673,0.10487944683337558
117,ETCH-04,138,0,0.1169268778829436,0.11795811761829424
117,ETCH-04,139,0,0.13411375034401476,0.13242643923984326
117,ETCH-04,140,0,0.08982186224848768,0.14837087732351398
117,ETCH-04,141,0,0.12309185350289975,0.16586803246727091
117,ETCH-04,142,0,0.16449184679393536,0.18498041161474152
117,ETCH-04,143,0,0.22440357962859653,0.20575182176004442
117,ETCH-04,144,0,0.20759741526503594,0.22820258054495718
117,ETCH-04,145,0,0.2820668115734065,0.2523248147932473
117,ETCH-04,146,0,0.2948322877804416,0.27807818901596076
117,ETCH-04,147,0,0.2823832812001815,0.3053864587751017
117,ETCH-04,148,0,0.3296277815518189,0.3341352642068455
117,ETCH-04,149,0,0.3679640934681082,0.36417155355279246
117,ETCH-04,150,0,0.39718940103109135,0.39530494610209993
117,ETCH-04,151,0,0.6911760022777798,0.4273112072867518
117,ETCH-04,152,1,0.5501199853972639,0.4599378251834118
117,ETCH-04,153,1,0.7304178217329318,0.4929114679615276
117,ETCH-04,154,1,0.7674867310908811,0.5259468953695469
117,ETCH-04,155,1,0.6804607471749208,0.5587567272733381
117,ETCH-04,156,1,0.8090395635762506,0.5910613681203879
117,ETCH-04,158,0,0.010205650548964686,0.0016994860506774087
117,ETCH-04,159,0,0.013952847480480321,0.0019392912392089338
117,ETCH-04,160,0,0.01668865831925316,0.0022128590219960454
117,ETCH-04,161,0,0.008966067289700931,0.0025249202500988777
117,ETCH-04,162,0,0.009066360627931652,0.0028808618349007884
117,ETCH-04,163,0,0.04662500844630453,0.0032868156672249548
117,ETCH-04,164,0,0.008061579662468,0.003749758964263824
117,ETCH-04,165,0,0.00797542726695755,0.004277627322091259
117,ETCH-04,166,0,0.009826710586964413,0.0048794418338637
117,ETCH-04,167,0,0.009613406650655578,0.0055654516999249035
117,ETCH-04,168,0,0.009950055212118463,0.006347293796070979
117,ETCH-04,169,0,0.046657037512565745,0.007238170667111699
117,ETCH-04,170,0,0.035369432437354784,0.008253048357386826
117,ETCH-04,171,0,0.010941113249994085,0.009408875355785535
117,ETCH-04,172,0,0.014756340436691912,0.010724823691580595
117,ETCH-04,173,0,0.014997891001284198,0.01222255283306718
117,ETCH-04,174,0,0.014014012133032633,0.013926496468851147
117,ETCH-04,175,0,0.011991613026250823,0.015864171436888105
117,ETCH-04,176,0,0.012882886720952216,0.018066506943209912
117,ETCH-04,177,0,0.01666414954207007,0.020568190703359905
117,ETCH-04,178,0,0.01810568863652982,0.0234080266566112
117,ETCH-04,179,0,0.009598040562133276,0.026629296349067525
117,ETCH-04,180,0,0.012473046479216775,0.03028011285587452
117,ETCH-04,181,0,0.0306922665488709,0.03441375211893017
117,ETCH-04,182,0,0.018031309002577416,0.039088941737438564
117,ETCH-04,183,0,0.011970544575588781,0.04437008152720019
117,ETCH-04,184,0,0.07800645969857997,0.05032736359376719
117,ETCH-04,185,0,0.020179609774625636,0.05703675238884091
117,ETCH-04,186,0,0.03358622435852363,0.06457977754644699
117,ETCH-04,187,0,0.08407864868110596,0.0730430847594295
117,ETCH-04,188,0,0.06370344045814438,0.08251768338556707
117,ETCH-04,189,0,0.05679075663976996,0.0930978250513127
117,ETCH-04,190,0,0.0788683406054969,0.10487944683337558
117,ETCH-04,191,0,0.07394158069015314,0.11795811761829424
117,ETCH-04,192,0,0.10096500763999347,0.13242643923984326
117,ETCH-04,193,0,0.14236829190387792,0.14837087732351398
117,ETCH-04,194,0,0.12046992629436379,0.16586803246727091
117,ETCH-04,195,0,0.23213843713638577,0.18498041161474152
117,ETCH-04,196,0,0.22235510271391273,0.20575182176004442
117,ETCH-04,197,1,0.2855236000728884,0.22820258054495718
117,ETCH-04,198,1,0.2541903988783968,0.2523248147932473
117,ETCH-04,199,1,0.342512527358288,0.27807818901596076
117,ETCH-04,200,1,0.3044296212234296,0.3053864587751017
117,ETCH-04,201,1,0.3317909037467347,0.3341352642068455
117,ETCH-04,203,0,0.01131437998980521,0.0016994860506774087
117,ETCH-04,204,0,0.010495045225704863,0.0019392912392089338
117,ETCH-04,205,0,0.013179642601811491,0.0022128590219960454
117,ETCH-04,206,0,0.00856818149299795,0.0025249202500988777
117,ETCH-04,207,0,0.008531499766330001,0.0028808618349007884
117,ETCH-04,208,0,0.008551690966104393,0.0032868156672249548
117,ETCH-04,209,0,0.00898975011225454,0.003749758964263824
117,ETCH-04,210,0,0.011588021883596287,0.004277627322091259
117,ETCH-04,211,0,0.011231876883443995,0.0048794418338637
117,ETCH-04,212,0,0.009274198089809407,0.0055654516999249035
117,ETCH-04,213,0,0.010346368516435559,0.006347293796070979
117,ETCH-04,214,0,0.012625416075413901,0.007238170667111699
117,ETCH-04,215,0,0.042064195446698496,0.008253048357386826
117,ETCH-04,216,0,0.008720571302795611,0.009408875355785535
117,ETCH-04,217,0,0.01328458867135204,0.010724823691580595
117,ETCH-04,218,0,0.009320374255630093,0.01222255283306718
117,ETCH-04,219,0,0.010776503708706172,0.013926496468851147
117,ETCH-04,220,0,0.012037708425479608,0.015864171436888105
117,ETCH-04,221,0,0.015036216628125987,0.018066506943209912
117,ETCH-04,222,0,0.024227419429113557,0.020568190703359905
117,ETCH-04,223,0,0.01168340981813351,0.0234080266566112
117,ETCH-04,224,0,0.01437698113587332,0.026629296349067525
117,ETCH-04,225,0,0.04467216759633766,0.03028011285587452
117,ETCH-04,226,0,0.012587038859806662,0.03441375211893017
117,ETCH-04,227,0,0.011061230873200085,0.039088941737438564
117,ETCH-04,228,0,0.056211553940135696,0.04437008152720019
117,ETCH-04,229,0,0.04411167803180075,0.05032736359376719
117,ETCH-04,230,0,0.03668595265306708,0.05703675238884091
117,ETCH-04,231,0,0.021880460645187026,0.06457977754644699
117,ETCH-04,232,0,0.0469985716225114,0.0730430847594295
117,ETCH-04,233,0,0.036091811114580825,0.08251768338556707
117,ETCH-04,234,0,0.05397340226060837,0.0930978250513127
118,ETCH-01,0,0,0.020249959619312703,0.0016994860506774087
118,ETCH-01,1,0,0.01596294739155949,0.0019392912392089338
118,ETCH-01,2,0,0.008258216325377458,0.0022128590219960454
118,ETCH-01,3,0,0.01606993013671688,0.0025249202500988777
118,ETCH-01,4,0,0.010098032623841652,0.0028808618349007884
118,ETCH-01,5,0,0.008776104286324374,0.0032868156672249548
118,ETCH-01,6,0,0.010209976983299902,0.003749758964263824
118,ETCH-01,7,0,0.01025631076191695,0.004277627322091259
118,ETCH-01,8,0,0.009478506126212089,0.0048794418338637
118,ETCH-01,9,0,0.01056275749940903,0.0055654516999249035
118,ETCH-01,10,0,0.011241925980053765,0.006347293796070979
118,ETCH-01,11,0,0.009786140605143908,0.007238170667111699
118,ETCH-01,12,0,0.01054163335572736,0.008253048357386826
118,ETCH-01,13,0,0.011099009353407373,0.009408875355785535
118,ETCH-01,14,0,0.0122766590094233,0.010724823691580595
118,ETCH-01,15,0,0.012867813403833608,0.01222255283306718
118,ETCH-01,16,0,0.012971149073456876,0.013926496468851147
118,ETCH-01,17,0,0.017084176740974774,0.015864171436888105
118,ETCH-01,18,0,0.01780005915946869,0.018066506943209912
118,ETCH-01,19,0,0.01468663380861843,0.020568190703359905
118,ETCH-01,20,0,0.016962465395934254,0.0234080266566112
118,ETCH-01,21,0,0.011284378480264843,0.026629296349067525
118,ETCH-01,22,0,0.014519444790255015,0.03028011285587452
118,ETCH-01,23,0,0.012222444052956544,0.03441375211893017
118,ETCH-01,24,0,0.019935948030830524,0.039088941737438564
118,ETCH-01,25,0,0.016010393772301946,0.04437008152720019
118,ETCH-01,26,0,0.02868010474601886,0.05032736359376719
118,ETCH-01,27,0,0.02873049053746321,0.05703675238884091
118,ETCH-01,28,0,0.033247788055969105,0.06457977754644699
118,ETCH-01,29,0,0.04125610102468018,0.0730430847594295
118,ETCH-01,30,0,0.048191381234035366,0.08251768338556707
118,ETCH-01,31,0,0.051970030901897134,0.0930978250513127
118,ETCH-01,32,0,0.08964210059265723,0.10487944683337558
118,ETCH-01,33,0,0.08893818531849622,0.11795811761829424
118,ETCH-01,34,1,0.12097854013431712,0.13242643923984326
118,ETCH-01,35,1,0.16127319625741648,0.14837087732351398
118,ETCH-01,36,1,0.1711491803358714,0.16586803246727091
118,ETCH-01,37,1,0.22645667765088423,0.18498041161474152
118,ETCH-01,38,1,0.13340697967822046,0.20575182176004442
118,ETCH-01,40,0,0.010200650524875437,0.0016994860506774087
118,ETCH-01,41,0,0.010130134996268133,0.0019392912392089338
118,ETCH-01,42,0,0.011229359219425224,0.0022128590219960454
118,ETCH-01,43,0,0.010486829766503631,0.0025249202500988777
118,ETCH-01,44,0,0.011145032330287113,0.0028808618349007884
118,ETCH-01,45,0,0.008541826044846145,0.0032868156672249548
118,ETCH-01,46,0,0.008496769409741301,0.003749758964263824
118,ETCH-01,47,0,0.010328811106729953,0.004277627322091259
118,ETCH-01,48,0,0.010548649414824928,0.0048794418338637
118,ETCH-01,49,0,0.010659966903976519,0.0055654516999249035
118,ETCH-01,50,0,0.00956008182465493,0.006347293796070979
118,ETCH-01,51,0,0.011271077110051287,0.007238170667111699
118,ETCH-01,52,0,0.029640028905464234,0.008253048357386826
118,ETCH-01,53,0,0.019171080617765984,0.009408875355785535
118,ETCH-01,54,0,0.012567316888259805,0.010724823691580595
118,ETCH-01,55,0,0.013836531248458728,0.01222255283306718
118,ETCH-01,56,0,0.015993376201450943,0.013926496468851147
118,ETCH-01,57,0,0.015883771056950876,0.015864171436888105
118,ETCH-01,58,0,0.015009290320339966,0.018066506943209912
118,ETCH-01,59,0,0.015148920207693012,0.020568190703359905
118,ETCH-01,60,0,0.012277843623095953,0.0234080266566112
118,ETCH-01,61,0,0.018540581398191917,0.026629296349067525
118,ETCH-01,62,0,0.021484537638852615,0.03028011285587452
118,ETCH-01,63,0,0.03862385211564069,0.03441375211893017
118,ETCH-01,64,0,0.016521238100606874,0.039088941737438564
118,ETCH-01,65,0,0.03697242041442219,0.04437008152720019
118,ETCH-01,66,0,0.028682867290396975,0.05032736359376719
118,ETCH-01,67,0,0.03360869549844447,0.05703675238884091
118,ETCH-01,68,0,0.047964738544939586,0.06457977754644699
118,ETCH-01,69,0,0.05722500999219686,0.0730430847594295
118,ETCH-01,70,0,0.06521013991712565,0.08251768338556707
118,ETCH-01,71,0,0.07927751876895692,0.0930978250513127
118,ETCH-01,72,0,0.10777017042599127,0.10487944683337558
118,ETCH-01,73,0,0.11762290979183732,0.11795811761829424
118,ETCH-01,74,0,0.14299014332383073,0.13242643923984326
118,ETCH-01,75,0,0.12742991976403997,0.14837087732351398
118,ETCH-01,76,0,0.17022818533788694,0.16586803246727091
118,ETCH-01,77,0,0.22258967327211016,0.18498041161474152
118,ETCH-01,78,0,0.2695706524924749,0.20575182176004442
118,ETCH-01,79,0,0.2857416834925134,0.22820258054495718
118,ETCH-01,80,0,0.29672192523615953,0.2523248147932473
118,ETCH-01,81,0,0.24122691380135328,0.27807818901596076
118,ETCH-01,82,0,0.3177877761750162,0.3053864587751017
118,ETCH-01,83,0,0.33884506476150167,0.3341352642068455
118,ETCH-01,84,0,0.4100938438279358,0.36417155355279246
118,ETCH-01,85,0,0.43504105519374037,0.39530494610209993
118,ETCH-01,86,0,0.40073398343946814,0.4273112072867518
118,ETCH-01,87,1,0.5107564139376286,0.4599378251834118
118,ETCH-01,88,1,0.5573225414885385,0.4929114679615276
118,ETCH-01,89,1,0.4769376404306548,0.5259468953695469
118,ETCH-01,90,1,0.5862332653371884,0.5587567272733381
118,ETCH-01,91,1,0.6280724664907215,0.5910613681203879
118,ETCH-01,93,0,0.01173347217899284,0.0016994860506774087
118,ETCH-01,94,0,0.010751246964751486,0.0019392912392089338
118,ETCH-01,95,0,0.010968530091176812,0.0022128590219960454
118,ETCH-01,96,0,0.015115114952369372,0.0025249202500988777
118,ETCH-01,97,0,0.009058215968969562,0.0028808618349007884
118,ETCH-01,98,0,0.00877206221194508,0.0032868156672249548
118,ETCH-01,99,0,0.01046486166862333,0.003749758964263824
118,ETCH-01,100,0,0.010981409980640521,0.004277627322091259
118,ETCH-01,101,0,0.010174832795271527,0.0048794418338637
118,ETCH-01,102,0,0.010484468915412989,0.0055654516999249035
118,ETCH-01,103,0,0.015271628584298527,0.006347293796070979
118,ETCH-01,104,0,0.011615227262497595,0.007238170667111699
118,ETCH-01,105,0,0.01312873747791841,0.008253048357386826
118,ETCH-01,106,0,0.016097207859128465,0.009408875355785535
118,ETCH-01,107,0,0.015303212188824088,0.010724823691580595
118,ETCH-01,108,0,0.01141547129456788,0.01222255283306718
118,ETCH-01,109,0,0.01465676752122726,0.013926496468851147
118,ETCH-01,110,0,0.014824974701385487,0.015864171436888105
118,ETCH-01,111,0,0.017397492289102055,0.018066506943209912
118,ETCH-01,112,0,0.018130924900385873,0.020568190703359905
118,ETCH-01,113,0,0.015655227467873362,0.0234080266566112
118,ETCH-01,114,0,0.01709660266911441,0.026629296349067525
118,ETCH-01,115,0,0.015397453142766703,0.03028011285587452
118,ETCH-01,116,0,0.01717317518822089,0.03441375211893017
118,ETCH-01,117,0,0.01895670494335749,0.039088941737438564
118,ETCH-01,118,0,0.01880471849219726,0.04437008152720019
118,ETCH-01,119,0,0.025871174382346457,0.05032736359376719
118,ETCH-01,120,0,0.027558905180483834,0.05703675238884091
118,ETCH-01,121,0,0.034645732421705426,0.06457977754644699
118,ETCH-01,122,0,0.04605688353959868,0.0730430847594295
118,ETCH-01,123,0,0.04398008836002108,0.08251768338556707
118,ETCH-01,124,0,0.04211261036281886,0.0930978250513127
118,ETCH-01,125,0,0.1143616797811647,0.10487944683337558
118,ETCH-01,126,0,0.10605301726029541,0.11795811761829424
118,ETCH-01,127,0,0.1571534687317751,0.13242643923984326
118,ETCH-01,128,0,0.0863252714497724,0.14837087732351398
118,ETCH-01,129,0,0.15871008931001318,0.16586803246727091
118,ETCH-01,130,0,0.2342322290719499,0.18498041161474152
118,ETCH-01,131,0,0.29638148156466476,0.20575182176004442
118,ETCH-01,132,0,0.19271497853586234,0.22820258054495718
118,ETCH-01,133,0,0.30690267611925814,0.2523248147932473
118,ETCH-01,134,0,0.2743467705226175,0.27807818901596076
118,ETCH-01,135,0,0.3295562232585897,0.3053864587751017
118,ETCH-01,136,0,0.32456414997758826,0.3341352642068455
118,ETCH-01,137,0,0.35575140301383956,0.36417155355279246
118,ETCH-01,138,0,0.40005564379408715,0.39530494610209993
118,ETCH-01,139,0,0.45499029181882733,0.4273112072867518
118,ETCH-01,140,0,0.5349762549200568,0.4599378251834118
118,ETCH-01,141,0,0.5891491168297927,0.4929114679615276
118,ETCH-01,142,0,0.5836968026740785,0.5259468953695469
118,ETCH-01,143,0,0.543040967747302,0.5587567272733381
118,ETCH-01,144,0,0.706761597234573,0.5910613681203879
118,ETCH-01,145,0,0.5426115341848571,0.6225983669619332
118,ETCH-01,146,0,0.6063241169059125,0.6531305618913489
118,ETCH-01,147,0,0.5845097176679216,0.682452502705571
118,ETCH-01,148,0,0.6498438456585469,0.7103948404678427
118,ETCH-01,149,0,0.6453954292632117,0.7368265849350608
118,ETCH-01,150,0,0.778235214183272,0.7616553286791048
118,ETCH-01,151,1,0.7698864065473718,0.7848256952952948
118,ETCH-01,152,1,0.6686431872318439,0.8063163740706525
118,ETCH-01,153,1,0.7097631048555677,0.8261361517869197
118,ETCH-01,154,1,0.743281280085207,0.8443193501117703
118,ETCH-01,155,1,0.7157840438495808,0.8609210363195722
118,ETCH-01,157,0,0.01259987422689387,0.0016994860506774087
118,ETCH-01,158,0,0.019599098879879796,0.0019392912392089338
118,ETCH-01,159,0,0.013796976072973746,0.0022128590219960454
118,ETCH-01,160,0,0.011727486320465013,0.0025249202500988777
118,ETCH-01,161,0,0.008993872504202218,0.0028808618349007884
118,ETCH-01,162,0,0.010021107114402282,0.0032868156672249548
118,ETCH-01,163,0,0.010397402884582824,0.003749758964263824
118,ETCH-01,164,0,0.010246554126819348,0.004277627322091259
118,ETCH-01,165,0,0.009974986431935996,0.0048794418338637
118,ETCH-01,166,0,0.010340087808938098,0.0055654516999249035
118,ETCH-01,167,0,0.021591519548094153,0.006347293796070979
118,ETCH-01,168,0,0.011267921597544996,0.007238170667111699
118,ETCH-01,169,0,0.011052959622851298,0.008253048357386826
118,ETCH-01,170,0,0.013558788188248816,0.009408875355785535
118,ETCH-01,171,0,0.011917479631232927,0.010724823691580595
118,ETCH-01,172,0,0.01243877881254217,0.01222255283306718
118,ETCH-01,173,0,0.01076083087740086,0.013926496468851147
118,ETCH-01,174,0,0.01503012763064295,0.015864171436888105
118,ETCH-01,175,0,0.015326159856697422,0.018066506943209912
118,ETCH-01,176,0,0.013921335438447846,0.020568190703359905
118,ETCH-01,177,0,0.01602988875094332,0.0234080266566112
118,ETCH-01,178,0,0.016320440525095358,0.026629296349067525
118,ETCH-01,179,0,0.012706021656540578,0.03028011285587452
118,ETCH-01,180,0,0.017959663995369725,0.03441375211893017
118,ETCH-01,181,0,0.02173949885217188,0.039088941737438564
118,ETCH-01,182,0,0.023501508060116298,0.04437008152720019
118,ETCH-01,183,0,0.023918647480165662,0.05032736359376719
118,ETCH-01,184,0,0.067033863514394,0.05703675238884091
118,ETCH-01,185,0,0.02389984533425544,0.06457977754644699
118,ETCH-01,186,0,0.05436299921498733,0.0730430847594295
118,ETCH-01,187,0,0.07648872249546287,0.08251768338556707
118,ETCH-01,188,0,0.05508136634259975,0.0930978250513127
118,ETCH-01,189,0,0.08505142951873593,0.10487944683337558
118,ETCH-01,190,0,0.09300591028329974,0.11795811761829424
118,ETCH-01,191,0,0.14276692638617694,0.13242643923984326
118,ETCH-01,192,0,0.08897007763507928,0.14837087732351398
118,ETCH-01,193,0,0.15562954100988854,0.16586803246727091
118,ETCH-01,194,0,0.18217558249314897,0.18498041161474152
118,ETCH-01,195,0,0.17983363824262866,0.20575182176004442
118,ETCH-01,196,0,0.2613230819441804,0.22820258054495718
118,ETCH-01,197,0,0.32870928338996863,0.2523248147932473
118,ETCH-01,198,0,0.2564375318293598,0.27807818901596076
118,ETCH-01,199,0,0.319441709571345,0.3053864587751017
118,ETCH-01,200,0,0.331504381553096,0.3341352642068455
118,ETCH-01,201,0,0.3145370705244925,0.36417155355279246
118,ETCH-01,202,1,0.3594487095722906,0.39530494610209993
118,ETCH-01,203,1,0.4543522474774564,0.4273112072867518
118,ETCH-01,204,1,0.4814834926929574,0.4599378251834118
118,ETCH-01,205,1,0.5474416461643434,0.4929114679615276
118,ETCH-01,206,1,0.5934571254740476,0.5259468953695469
118,ETCH-01,208,0,0.01311058985812398,0.0016994860506774087
118,ETCH-01,209,0,0.00985644149413359,0.0019392912392089338
118,ETCH-01,210,0,0.01037623189235749,0.0022128590219960454
118,ETCH-01,211,0,0.010051552829003782,0.0025249202500988777
118,ETCH-01,212,0,0.010022995440254857,0.0028808618349007884
118,ETCH-01,213,0,0.010006163925060233,0.0032868156672249548
118,ETCH-01,214,0,0.008869101286210986,0.003749758964263824
118,ETCH-01,215,0,0.010198708989055925,0.004277627322091259
118,ETCH-01,216,0,0.010494708549162525,0.0048794418338637
118,ETCH-01,217,0,0.010741258970208849,0.0055654516999249035
118,ETCH-01,218,0,0.010574353577237886,0.006347293796070979
118,ETCH-01,219,0,0.011377076635796343,0.007238170667111699
118,ETCH-01,220,0,0.009476796717624164,0.008253048357386826
118,ETCH-01,221,0,0.012091066951050625,0.009408875355785535
118,ETCH-01,222,0,0.014222415166321592,0.010724823691580595
118,ETCH-01,223,0,0.012866395157925975,0.01222255283306718
118,ETCH-01,224,0,0.012466023435765878,0.013926496468851147
118,ETCH-01,225,0,0.018034030696997917,0.015864171436888105
118,ETCH-01,226,0,0.014198420107889933,0.018066506943209912
118,ETCH-01,227,0,0.014422754976741076,0.020568190703359905
118,ETCH-01,228,0,0.016446445991824536,0.0234080266566112
118,ETCH-01,229,0,0.016623099066043708,0.026629296349067525
118,ETCH-01,230,0,0.025672193267512522,0.03028011285587452
118,ETCH-01,231,0,0.01934804812175517,0.03441375211893017
118,ETCH-01,232,0,0.05892075425006273,0.039088941737438564
118,ETCH-01,233,0,0.04372580522930792,0.04437008152720019
118,ETCH-01,234,0,0.031166605986495705,0.05032736359376719
118,ETCH-02,0,0,0.014950880163585386,0.0016994860506774087
118,ETCH-02,1,0,0.009920513646588126,0.0019392912392089338
118,ETCH-02,2,0,0.019236871312950994,0.0022128590219960454
118,ETCH-02,3,0,0.01574002106894365,0.0025249202500988777
118,ETCH-02,4,0,0.01077330683212278,0.0028808618349007884
118,ETCH-02,5,0,0.006054254835282444,0.0032868156672249548
118,ETCH-02,6,0,0.005702973415142796,0.003749758964263824
118,ETCH-02,7,0,0.005839345878432008,0.004277627322091259
118,ETCH-02,8,0,0.006037876812455716,0.0048794418338637
118,ETCH-02,9,0,0.005177870929123769,0.0055654516999249035
118,ETCH-02,10,0,0.005968564329304022,0.006347293796070979
118,ETCH-02,11,0,0.008484669713865857,0.007238170667111699
118,ETCH-02,12,0,0.010158459267782128,0.008253048357386826
118,ETCH-02,13,0,0.005762690860286086,0.009408875355785535
118,ETCH-02,14,0,0.006754019146983583,0.010724823691580595
118,ETCH-02,15,0,0.0077894150762476185,0.01222255283306718
118,ETCH-02,16,0,0.008556860946820424,0.013926496468851147
118,ETCH-02,17,0,0.007738411306036573,0.015864171436888105
118,ETCH-02,18,0,0.006509270671935895,0.018066506943209912
118,ETCH-02,19,0,0.007971103311819818,0.020568190703359905
118,ETCH-02,20,0,0.008492256644718792,0.0234080266566112
118,ETCH-02,21,0,0.008024275319909954,0.026629296349067525
118,ETCH-02,22,0,0.02898349060395016,0.03028011285587452
118,ETCH-02,23,0,0.007813387730949077,0.03441375211893017
118,ETCH-02,24,0,0.021219792624012072,0.039088941737438564
118,ETCH-02,25,0,0.024764082233410454,0.04437008152720019
118,ETCH-02,26,0,0.019015821421835787,0.05032736359376719
118,ETCH-02,27,0,0.016593990854743765,0.05703675238884091
118,ETCH-02,28,0,0.03302712719585017,0.06457977754644699
118,ETCH-02,29,0,0.020720540597098033,0.0730430847594295
118,ETCH-02,30,0,0.06383971874165352,0.08251768338556707
118,ETCH-02,31,0,0.0776675802240584,0.0930978250513127
118,ETCH-02,32,0,0.08113988729501499,0.10487944683337558
118,ETCH-02,33,0,0.08876022762372753,0.11795811761829424
118,ETCH-02,34,0,0.08715918771351713,0.13242643923984326
118,ETCH-02,35,0,0.12991277513418753,0.14837087732351398
118,ETCH-02,36,0,0.16028317130718678,0.16586803246727091
118,ETCH-02,37,0,0.23814995646730458,0.18498041161474152
118,ETCH-02,38,0,0.27941379963814483,0.20575182176004442
118,ETCH-02,39,0,0.2581419924263756,0.22820258054495718
118,ETCH-02,40,0,0.2558453584636573,0.2523248147932473
118,ETCH-02,41,0,0.2944857872991583,0.27807818901596076
118,ETCH-02,42,0,0.2992745258818267,0.3053864587751017
118,ETCH-02,43,0,0.3339556754581069,0.3341352642068455
118,ETCH-02,44,0,0.3458706892311212,0.36417155355279246
118,ETCH-02,45,0,0.39183012522525135,0.39530494610209993
118,ETCH-02,46,0,0.5085738612882588,0.4273112072867518
118,ETCH-02,47,0,0.48481296384374784,0.4599378251834118
118,ETCH-02,48,1,0.6432341523571068,0.4929114679615276
118,ETCH-02,49,1,0.5349132639063808,0.5259468953695469
118,ETCH-02,50,1,0.6529642651615599,0.5587567272733381
118,ETCH-02,51,1,0.6560848535114341,0.5910613681203879
118,ETCH-02,52,1,0.6823353804549159,0.6225983669619332
118,ETCH-02,54,0,0.013751393179215398,0.0016994860506774087
118,ETCH-02,55,0,0.009346971208818862,0.0019392912392089338
118,ETCH-02,56,0,0.011982973119774951,0.0022128590219960454
118,ETCH-02,57,0,0.01327710722933704,0.0025249202500988777
118,ETCH-02,58,0,0.007705131228508988,0.0028808618349007884
118,ETCH-02,59,0,0.01069360266892863,0.0032868156672249548
118,ETCH-02,60,0,0.00824840133989944,0.003749758964263824
118,ETCH-02,61,0,0.00649231081560209,0.004277627322091259
118,ETCH-02,62,0,0.006327715357054888,0.0048794418338637
118,ETCH-02,63,0,0.006484715054514575,0.0055654516999249035
118,ETCH-02,64,0,0.006547885199861077,0.006347293796070979
118,ETCH-02,65,0,0.007161383680000177,0.007238170667111699
118,ETCH-02,66,0,0.007287853589364898,0.008253048357386826
118,ETCH-02,67,0,0.004780359852490005,0.009408875355785535
118,ETCH-02,68,0,0.007382692278030199,0.010724823691580595
118,ETCH-02,69,0,0.007258560152924977,0.01222255283306718
118,ETCH-02,70,0,0.008156779377933836,0.013926496468851147
118,ETCH-02,71,0,0.006954668970389677,0.015864171436888105
118,ETCH-02,72,0,0.00854634696589631,0.018066506943209912
118,ETCH-02,73,0,0.007618358269291227,0.020568190703359905
118,ETCH-02,74,0,0.007564467790608003,0.0234080266566112
118,ETCH-02,75,0,0.00876204780510556,0.026629296349067525
118,ETCH-02,76,0,0.00762347963206777,0.03028011285587452
118,ETCH-02,77,0,0.011371299268076219,0.03441375211893017
118,ETCH-02,78,1,0.027573410037082514,0.039088941737438564
118,ETCH-02,79,1,0.07240272037951512,0.04437008152720019
118,ETCH-02,80,1,0.008778233446862614,0.05032736359376719
118,ETCH-02,81,1,0.08141474626837539,0.05703675238884091
118,ETCH-02,82,1,0.04967479166818571,0.06457977754644699
118,ETCH-02,84,0,0.019788764290433882,0.0016994860506774087
118,ETCH-02,85,0,0.021353667802835923,0.0019392912392089338
118,ETCH-02,86,0,0.00973188713678828,0.0022128590219960454
118,ETCH-02,87,0,0.018518582923421338,0.0025249202500988777
118,ETCH-02,88,0,0.00707331094892096,0.0028808618349007884
118,ETCH-02,89,0,0.013418322665075505,0.0032868156672249548
118,ETCH-02,90,0,0.009139700474707283,0.003749758964263824
118,ETCH-02,91,0,0.0056261542556035205,0.004277627322091259
118,ETCH-02,92,0,0.007839804243444,0.0048794418338637
118,ETCH-02,93,0,0.009388992721270993,0.0055654516999249035
118,ETCH-02,94,0,0.005326076002581239,0.006347293796070979
118,ETCH-02,95,0,0.008007968441399817,0.007238170667111699
118,ETCH-02,96,0,0.008706069027538257,0.008253048357386826
118,ETCH-02,97,0,0.00757335196350211,0.009408875355785535
118,ETCH-02,98,0,0.007412450408590891,0.010724823691580595
118,ETCH-02,99,0,0.007002063208381447,0.01222255283306718
118,ETCH-02,100,0,0.005779242645436687,0.013926496468851147
118,ETCH-02,101,0,0.00682407278182885,0.015864171436888105
118,ETCH-02,102,0,0.007406433678468086,0.018066506943209912
118,ETCH-02,103,0,0.015385663836099277,0.020568190703359905
118,ETCH-02,104,0,0.005328382928355793,0.0234080266566112
118,ETCH-02,105,0,0.00852181871491315,0.026629296349067525
118,ETCH-02,106,0,0.006510617498847798,0.03028011285587452
118,ETCH-02,107,0,0.008970285544883789,0.03441375211893017
118,ETCH-02,108,0,0.006995442876774932,0.039088941737438564
118,ETCH-02,109,0,0.012927263273306117,0.04437008152720019
118,ETCH-02,110,0,0.009325854207302415,0.05032736359376719
118,ETCH-02,111,0,0.014927493729967439,0.05703675238884091
118,ETCH-02,112,0,0.03956486652167713,0.06457977754644699
118,ETCH-02,113,0,0.061867977245787076,0.0730430847594295
118,ETCH-02,114,0,0.04409554905021646,0.08251768338556707
118,ETCH-02,115,0,0.0513752023643894,0.0930978250513127
118,ETCH-02,116,0,0.069816165677439,0.10487944683337558
118,ETCH-02,117,0,0.09848788429104902,0.11795811761829424
118,ETCH-02,118,0,0.07848238083819019,0.13242643923984326
118,ETCH-02,119,0,0.09279217165903254,0.14837087732351398
118,ETCH-02,120,0,0.14379550734305308,0.16586803246727091
118,ETCH-02,121,0,0.22514670818491167,0.18498041161474152
118,ETCH-02,122,0,0.1300829526497857,0.20575182176004442
118,ETCH-02,123,0,0.24032009705588395,0.22820258054495718
118,ETCH-02,124,0,0.27876878309850917,0.2523248147932473
118,ETCH-02,125,0,0.2939792363873731,0.27807818901596076
118,ETCH-02,126,0,0.24046543591034286,0.3053864587751017
118,ETCH-02,127,0,0.2534462347951909,0.3341352642068455
118,ETCH-02,128,0,0.40727030956117993,0.36417155355279246
118,ETCH-02,129,0,0.4957585713429289,0.39530494610209993
118,ETCH-02,130,1,0.44256117538438833,0.4273112072867518
118,ETCH-02,131,1,0.47576445990306315,0.4599378251834118
118,ETCH-02,132,1,0.4777570230765463,0.4929114679615276
118,ETCH-02,133,1,0.6839856314188913,0.5259468953695469
118,ETCH-02,134,1,0.6759493374257873,0.5587567272733381
118,ETCH-02,136,0,0.022346847560281678,0.0016994860506774087
118,ETCH-02,137,0,0.011370158386752469,0.0019392912392089338
118,ETCH-02,138,0,0.027446158429739888,0.0022128590219960454
118,ETCH-02,139,0,0.009458719849090262,0.0025249202500988777
118,ETCH-02,140,0,0.01123370930018804,0.0028808618349007884
118,ETCH-02,141,0,0.0075930685204184025,0.0032868156672249548
118,ETCH-02,142,0,0.011210791902133335,0.003749758964263824
118,ETCH-02,143,0,0.006570032114304733,0.004277627322091259
118,ETCH-02,144,0,0.005562632261139128,0.0048794418338637
118,ETCH-02,145,0,0.0068786489957187264,0.0055654516999249035
118,ETCH-02,146,0,0.006309114619574248,0.006347293796070979
118,ETCH-02,147,0,0.006442258950951812,0.007238170667111699
118,ETCH-02,148,0,0.009032644255076227,0.008253048357386826
118,ETCH-02,149,0,0.0062581372222009265,0.009408875355785535
118,ETCH-02,150,0,0.004804344673421302,0.010724823691580595
118,ETCH-02,151,0,0.008045494217149337,0.01222255283306718
118,ETCH-02,152,0,0.006409347551264766,0.013926496468851147
118,ETCH-02,153,0,0.007664605457942575,0.015864171436888105
118,ETCH-02,154,0,0.008662903246008042,0.018066506943209912
118,ETCH-02,155,0,0.009280809023298888,0.020568190703359905
118,ETCH-02,156,0,0.007844229205784575,0.0234080266566112
118,ETCH-02,157,0,0.007423316512570062,0.026629296349067525
118,ETCH-02,158,0,0.009049379163395661,0.03028011285587452
118,ETCH-02,159,0,0.010602800213576898,0.03441375211893017
118,ETCH-02,160,0,0.021160414076901814,0.039088941737438564
118,ETCH-02,161,0,0.015832916381563304,0.04437008152720019
118,ETCH-02,162,0,0.04985237629760795,0.05032736359376719
118,ETCH-02,163,0,0.02254203428603032,0.05703675238884091
118,ETCH-02,164,0,0.022927143509866875,0.06457977754644699
118,ETCH-02,165,0,0.09320246056599535,0.0730430847594295
118,ETCH-02,166,0,0.1088714554395948,0.08251768338556707
118,ETCH-02,167,0,0.09905516751002207,0.0930978250513127
118,ETCH-02,168,0,0.11176821995009725,0.10487944683337558
118,ETCH-02,169,0,0.10122237175320707,0.11795811761829424
118,ETCH-02,170,0,0.12686400932427727,0.13242643923984326
118,ETCH-02,171,0,0.17659280763768714,0.14837087732351398
118,ETCH-02,172,0,0.21509675561229197,0.16586803246727091
118,ETCH-02,173,0,0.2888490650799148,0.18498041161474152
118,ETCH-02,174,0,0.3159723637319455,0.20575182176004442
118,ETCH-02,175,0,0.2737444485645285,0.22820258054495718
118,ETCH-02,176,0,0.2085714715893044,0.2523248147932473
118,ETCH-02,177,0,0.2762126402378658,0.27807818901596076
118,ETCH-02,178,0,0.28607848372585937,0.3053864587751017
118,ETCH-02,179,0,0.27898924475314885,0.3341352642068455
118,ETCH-02,180,0,0.46132823299147896,0.36417155355279246
118,ETCH-02,181,0,0.47510295132433117,0.39530494610209993
118,ETCH-02,182,0,0.6446193307205081,0.4273112072867518
118,ETCH-02,183,0,0.5499403631343326,0.4599378251834118
118,ETCH-02,184,0,0.6180975914950537,0.4929114679615276
118,ETCH-02,185,0,0.5505015784939327,0.5259468953695469
118,ETCH-02,186,0,0.7336874901815532,0.5587567272733381
118,ETCH-02,187,0,0.6640416677704446,0.5910613681203879
118,ETCH-02,188,0,0.6768979370814467,0.6225983669619332
118,ETCH-02,189,1,0.6789003586017344,0.6531305618913489
118,ETCH-02,190,1,0.6108730207607697,0.682452502705571
118,ETCH-02,191,1,0.6562564234612707,0.7103948404678427
118,ETCH-02,192,1,0.6000187168724508,0.7368265849350608
118,ETCH-02,193,1,0.6147613047151261,0.7616553286791048
118,ETCH-02,195,0,0.01290115508335134,0.0016994860506774087
118,ETCH-02,196,0,0.015149665822182311,0.0019392912392089338
118,ETCH-02,197,0,0.01031563649287193,0.0022128590219960454
118,ETCH-02,198,0,0.012219431607277396,0.0025249202500988777
118,ETCH-02,199,0,0.008955105193852491,0.0028808618349007884
118,ETCH-02,200,0,0.009570452815098284,0.0032868156672249548
118,ETCH-02,201,0,0.005317091446612532,0.003749758964263824
118,ETCH-02,202,0,0.008010811348503358,0.004277627322091259
118,ETCH-02,203,0,0.009730220288429667,0.0048794418338637
118,ETCH-02,204,0,0.005744303992257032,0.0055654516999249035
118,ETCH-02,205,0,0.007051347525727922,0.006347293796070979
118,ETCH-02,206,0,0.005665858291298804,0.007238170667111699
118,ETCH-02,207,0,0.007839564833812379,0.008253048357386826
118,ETCH-02,208,0,0.006259297496417253,0.009408875355785535
118,ETCH-02,209,0,0.006190666278197296,0.010724823691580595
118,ETCH-02,210,0,0.008702845619085285,0.01222255283306718
118,ETCH-02,211,0,0.007522422919116162,0.013926496468851147
118,ETCH-02,212,0,0.007367431205286415,0.015864171436888105
118,ETCH-02,213,0,0.007191708161677533,0.018066506943209912
118,ETCH-02,214,0,0.007333126079464143,0.020568190703359905
118,ETCH-02,215,0,0.006651835123203696,0.0234080266566112
118,ETCH-02,216,0,0.011157583445415144,0.026629296349067525
118,ETCH-02,217,0,0.029005246184516813,0.03028011285587452
118,ETCH-02,218,0,0.010634295916839799,0.03441375211893017
118,ETCH-02,219,0,0.029897054053420868,0.039088941737438564
118,ETCH-02,220,0,0.01022201864949595,0.04437008152720019
118,ETCH-02,221,0,0.010087969338265772,0.05032736359376719
118,ETCH-02,222,0,0.0676094511257334,0.05703675238884091
118,ETCH-02,223,0,0.03600595261343198,0.06457977754644699
118,ETCH-02,224,0,0.11296874290440968,0.0730430847594295
118,ETCH-02,225,0,0.07899325740645555,0.08251768338556707
118,ETCH-02,226,0,0.06150730759253313,0.0930978250513127
118,ETCH-02,227,0,0.0808225728380487,0.10487944683337558
118,ETCH-02,228,0,0.07228254514666195,0.11795811761829424
118,ETCH-02,229,0,0.17850264959760043,0.13242643923984326
118,ETCH-02,230,0,0.10111488377828586,0.14837087732351398
118,ETCH-02,231,0,0.17504827303396803,0.16586803246727091
118,ETCH-02,232,0,0.2664525475665471,0.18498041161474152
118,ETCH-02,233,0,0.305762909809392,0.20575182176004442
118,ETCH-02,234,0,0.24201410059881182,0.22820258054495718
118,ETCH-03,0,0,0.011914562655130127,0.0016994860506774087
118,ETCH-03,1,0,0.00783614313272719,0.0019392912392089338
118,ETCH-03,2,0,0.007158210992208322,0.0022128590219960454
118,ETCH-03,3,0,0.007466855851748402,0.0025249202500988777
118,ETCH-03,4,0,0.007755604721840064,0.0028808618349007884
118,ETCH-03,5,0,0.028346367605302892,0.0032868156672249548
118,ETCH-03,6,0,0.007726420070056991,0.003749758964263824
118,ETCH-03,7,0,0.006706502036464892,0.004277627322091259
118,ETCH-03,8,0,0.006822122357246445,0.0048794418338637
118,ETCH-03,9,0,0.008464553187586297,0.0055654516999249035
118,ETCH-03,10,0,0.008129480140412721,0.006347293796070979
118,ETCH-03,11,0,0.010490303576763714,0.007238170667111699
118,ETCH-03,12,0,0.01487715617810243,0.008253048357386826
118,ETCH-03,13,0,0.015974373250257873,0.009408875355785535
118,ETCH-03,14,0,0.009969188373927327,0.010724823691580595
118,ETCH-03,15,0,0.015746122271221154,0.01222255283306718
118,ETCH-03,16,0,0.014908599713429513,0.013926496468851147
118,ETCH-03,17,0,0.01480667556800475,0.015864171436888105
118,ETCH-03,18,0,0.013032548875493016,0.018066506943209912
118,ETCH-03,19,0,0.013739060370297118,0.020568190703359905
118,ETCH-03,20,0,0.011482224874621092,0.0234080266566112
118,ETCH-03,21,0,0.013727805270433486,0.026629296349067525
118,ETCH-03,22,0,0.012564714237589248,0.03028011285587452
118,ETCH-03,23,0,0.028892186132455654,0.03441375211893017
118,ETCH-03,24,0,0.05857704578708896,0.039088941737438564
118,ETCH-03,25,0,0.05164027959619013,0.04437008152720019
118,ETCH-03,26,0,0.05598262291370354,0.05032736359376719
118,ETCH-03,27,0,0.09392568008427574,0.05703675238884091
118,ETCH-03,28,0,0.06184506453325432,0.06457977754644699
118,ETCH-03,29,0,0.12064771220178176,0.0730430847594295
118,ETCH-03,30,0,0.11129836695388562,0.08251768338556707
118,ETCH-03,31,0,0.10091358252288166,0.0930978250513127
118,ETCH-03,32,0,0.13728379686006167,0.10487944683337558
118,ETCH-03,33,0,0.1453478339789713,0.11795811761829424
118,ETCH-03,34,0,0.11362522538132833,0.13242643923984326
118,ETCH-03,35,0,0.12619215753338858,0.14837087732351398
118,ETCH-03,36,0,0.1833168327350236,0.16586803246727091
118,ETCH-03,37,0,0.1748155411989519,0.18498041161474152
118,ETCH-03,38,0,0.15227657889822419,0.20575182176004442
118,ETCH-03,39,0,0.11249650290481945,0.22820258054495718
118,ETCH-03,40,0,0.18272964334926786,0.2523248147932473
118,ETCH-03,41,0,0.326885068402865,0.27807818901596076
118,ETCH-03,42,0,0.3201848256024376,0.3053864587751017
118,ETCH-03,43,1,0.29845754812725955,0.3341352642068455
118,ETCH-03,44,1,0.35885383740525006,0.36417155355279246
118,ETCH-03,45,1,0.3738081194102225,0.39530494610209993
118,ETCH-03,46,1,0.46924271241469395,0.4273112072867518
118,ETCH-03,47,1,0.5068957997060719,0.4599378251834118
118,ETCH-03,49,0,0.01703427137696579,0.0016994860506774087
118,ETCH-03,50,0,0.00719083515722554,0.0019392912392089338
118,ETCH-03,51,0,0.007834354608978755,0.0022128590219960454
118,ETCH-03,52,0,0.006735271015212829,0.0025249202500988777
118,ETCH-03,53,0,0.008146003251061733,0.0028808618349007884
118,ETCH-03,54,0,0.007099864495845025,0.0032868156672249548
118,ETCH-03,55,0,0.007538427464738801,0.003749758964263824
118,ETCH-03,56,0,0.006620032142430822,0.004277627322091259
118,ETCH-03,57,0,0.0065272235916563615,0.0048794418338637
118,ETCH-03,58,0,0.0073530200407081955,0.0055654516999249035
118,ETCH-03,59,0,0.009828857853294074,0.006347293796070979
118,ETCH-03,60,0,0.013127011766568145,0.007238170667111699
118,ETCH-03,61,0,0.011179943620146777,0.008253048357386826
118,ETCH-03,62,0,0.020114765642709878,0.009408875355785535
118,ETCH-03,63,0,0.012294762405820267,0.010724823691580595
118,ETCH-03,64,0,0.014661723501006096,0.01222255283306718
118,ETCH-03,65,0,0.01785661938823912,0.013926496468851147
118,ETCH-03,66,0,0.014721433426531389,0.015864171436888105
118,ETCH-03,67,0,0.015439114187159611,0.018066506943209912
118,ETCH-03,68,0,0.015334729784668155,0.020568190703359905
118,ETCH-03,69,0,0.016458009343078034,0.0234080266566112
118,ETCH-03,70,0,0.013642135134968855,0.026629296349067525
118,ETCH-03,71,0,0.01507638948737045,0.03028011285587452
118,ETCH-03,72,0,0.013033144899983048,0.03441375211893017
118,ETCH-03,73,0,0.049087468942735454,0.039088941737438564
118,ETCH-03,74,0,0.06011829194403444,0.04437008152720019
118,ETCH-03,75,0,0.01649560225967632,0.05032736359376719
118,ETCH-03,76,0,0.023051393813037956,0.05703675238884091
118,ETCH-03,77,0,0.11187889691194677,0.06457977754644699
118,ETCH-03,78,0,0.06920467235490745,0.0730430847594295
118,ETCH-03,79,0,0.0910506048553692,0.08251768338556707
118,ETCH-03,80,0,0.09957119073944673,0.0930978250513127
118,ETCH-03,81,1,0.12685606318579154,0.10487944683337558
118,ETCH-03,82,1,0.19362293192929053,0.11795811761829424
118,ETCH-03,83,1,0.130800171530345,0.13242643923984326
118,ETCH-03,84,1,0.13571872069613897,0.14837087732351398
118,ETCH-03,85,1,0.17118272870396614,0.16586803246727091
118,ETCH-03,87,0,0.007739740724754203,0.0016994860506774087
118,ETCH-03,88,0,0.007526473253196729,0.0019392912392089338
118,ETCH-03,89,0,0.006409918285953088,0.0022128590219960454
118,ETCH-03,90,0,0.007210262495071533,0.0025249202500988777
118,ETCH-03,91,0,0.00641726991600417,0.0028808618349007884
118,ETCH-03,92,0,0.007273143489628697,0.0032868156672249548
118,ETCH-03,93,0,0.029135410633892595,0.003749758964263824
118,ETCH-03,94,0,0.006530543640592179,0.004277627322091259
118,ETCH-03,95,0,0.007294257146549582,0.0048794418338637
118,ETCH-03,96,0,0.007243131925254545,0.0055654516999249035
118,ETCH-03,97,0,0.008435131064393706,0.006347293796070979
118,ETCH-03,98,0,0.009883384754270298,0.007238170667111699
118,ETCH-03,99,0,0.00898268357524905,0.008253048357386826
118,ETCH-03,100,0,0.009930608127013745,0.009408875355785535
118,ETCH-03,101,0,0.013392882422802168,0.010724823691580595
118,ETCH-03,102,0,0.012068007961788498,0.01222255283306718
118,ETCH-03,103,0,0.01577796951989826,0.013926496468851147
118,ETCH-03,104,0,0.015416538976883474,0.015864171436888105
118,ETCH-03,105,0,0.015523458628618161,0.018066506943209912
118,ETCH-03,106,0,0.01548840272105161,0.020568190703359905
118,ETCH-03,107,0,0.012238771724810079,0.0234080266566112
118,ETCH-03,108,0,0.014089037135061438,0.026629296349067525
118,ETCH-03,109,0,0.012893867677727147,0.03028011285587452
118,ETCH-03,110,0,0.03983660439997887,0.03441375211893017
118,ETCH-03,111,0,0.015100347507617812,0.039088941737438564
118,ETCH-03,112,0,0.012028559853114493,0.04437008152720019
118,ETCH-03,113,0,0.012525786244251966,0.05032736359376719
118,ETCH-03,114,0,0.03217484022554403,0.05703675238884091
118,ETCH-03,115,0,0.0455380090270579,0.06457977754644699
118,ETCH-03,116,0,0.14237881761871624,0.0730430847594295
118,ETCH-03,117,0,0.08455054834865881,0.08251768338556707
118,ETCH-03,118,0,0.13795575266452095,0.0930978250513127
118,ETCH-03,119,1,0.10687883688476565,0.10487944683337558
118,ETCH-03,120,1,0.1607077004872725,0.11795811761829424
118,ETCH-03,121,1,0.13609189868577937,0.13242643923984326
118,ETCH-03,122,1,0.14782429339001796,0.14837087732351398
118,ETCH-03,123,1,0.1689290536155842,0.16586803246727091
118,ETCH-03,125,0,0.029362278409776704,0.0016994860506774087
118,ETCH-03,126,0,0.007486260324522415,0.0019392912392089338
118,ETCH-03,127,0,0.007055494460401786,0.0022128590219960454
118,ETCH-03,128,0,0.007791355867719456,0.0025249202500988777
118,ETCH-03,129,0,0.007118902361645467,0.0028808618349007884
118,ETCH-03,130,0,0.008069121787831856,0.0032868156672249548
118,ETCH-03,131,0,0.010326531124807255,0.003749758964263824
118,ETCH-03,132,0,0.01148729216387953,0.004277627322091259
118,ETCH-03,133,0,0.007471839006108779,0.0048794418338637
118,ETCH-03,134,0,0.007452024005619523,0.0055654516999249035
118,ETCH-03,135,0,0.007609543334740983,0.006347293796070979
118,ETCH-03,136,0,0.010259024125394551,0.007238170667111699
118,ETCH-03,137,0,0.014553006972049504,0.008253048357386826
118,ETCH-03,138,0,0.010540140991305843,0.009408875355785535
118,ETCH-03,139,0,0.013294271633147997,0.010724823691580595
118,ETCH-03,140,0,0.013496586336216452,0.01222255283306718
118,ETCH-03,141,0,0.01478858337625345,0.013926496468851147
118,ETCH-03,142,0,0.014142410242040002,0.015864171436888105
118,ETCH-03,143,0,0.015379138404570582,0.018066506943209912
118,ETCH-03,144,0,0.015941151992256486,0.020568190703359905
118,ETCH-03,145,0,0.014915523678827472,0.0234080266566112
118,ETCH-03,146,0,0.013214521264637522,0.026629296349067525
118,ETCH-03,147,0,0.030205036512342177,0.03028011285587452
118,ETCH-03,148,0,0.012397537459365456,0.03441375211893017
118,ETCH-03,149,0,0.013720629001924093,0.039088941737438564
118,ETCH-03,150,0,0.01412031342920724,0.04437008152720019
118,ETCH-03,151,0,0.04214638987911941,0.05032736359376719
118,ETCH-03,152,0,0.04088875972761496,0.05703675238884091
118,ETCH-03,153,0,0.020416318439555797,0.06457977754644699
118,ETCH-03,154,0,0.040830548875768605,0.0730430847594295
118,ETCH-03,155,0,0.11014460140883023,0.08251768338556707
118,ETCH-03,156,0,0.12739741501797086,0.0930978250513127
118,ETCH-03,157,0,0.1024673271911426,0.10487944683337558
118,ETCH-03,158,0,0.15392461583882028,0.11795811761829424
118,ETCH-03,159,0,0.17127234850089432,0.13242643923984326
118,ETCH-03,160,0,0.15008662161825673,0.14837087732351398
118,ETCH-03,161,0,0.144516168701206,0.16586803246727091
118,ETCH-03,162,0,0.18396583654492188,0.18498041161474152
118,ETCH-03,163,0,0.20460900168407953,0.20575182176004442
118,ETCH-03,164,0,0.1470637503932555,0.22820258054495718
118,ETCH-03,165,0,0.1671824891509644,0.2523248147932473
118,ETCH-03,166,0,0.2583060863437025,0.27807818901596076
118,ETCH-03,167,0,0.2462888848920508,0.3053864587751017
118,ETCH-03,168,0,0.30417496145167433,0.3341352642068455
118,ETCH-03,169,0,0.31148115152527345,0.36417155355279246
118,ETCH-03,170,0,0.3590985199502826,0.39530494610209993
118,ETCH-03,171,0,0.3836505199322444,0.4273112072867518
118,ETCH-03,172,0,0.35504626048007004,0.4599378251834118
118,ETCH-03,173,1,0.4183645790828227,0.4929114679615276
118,ETCH-03,174,1,0.4042381394979726,0.5259468953695469
118,ETCH-03,175,1,0.625577194160557,0.5587567272733381
118,ETCH-03,176,1,0.5604161522323426,0.5910613681203879
118,ETCH-03,177,1,0.630128137866524,0.6225983669619332
118,ETCH-03,179,0,0.007863913708351097,0.0016994860506774087
118,ETCH-03,180,0,0.009356999053472235,0.0019392912392089338
118,ETCH-03,181,0,0.011961151863350925,0.0022128590219960454
118,ETCH-03,182,0,0.007626863638009318,0.0025249202500988777
118,ETCH-03,183,0,0.007791355867719456,0.0028808618349007884
118,ETCH-03,184,0,0.006474053421094967,0.0032868156672249548
118,ETCH-03,185,0,0.006617951683514098,0.003749758964263824
118,ETCH-03,186,0,0.0067135312105298895,0.004277627322091259
118,ETCH-03,187,0,0.006926649587388685,0.0048794418338637
118,ETCH-03,188,0,0.007389071420625172,0.0055654516999249035
118,ETCH-03,189,0,0.007481714587965235,0.006347293796070979
118,ETCH-03,190,0,0.012473598978497728,0.007238170667111699
118,ETCH-03,191,0,0.014111505955478606,0.008253048357386826
118,ETCH-03,192,0,0.008485616241987416,0.009408875355785535
118,ETCH-03,193,0,0.011755969228858456,0.010724823691580595
118,ETCH-03,194,0,0.017087837232714634,0.01222255283306718
118,ETCH-03,195,0,0.014281066401720412,0.013926496468851147
118,ETCH-03,196,0,0.017046843802862248,0.015864171436888105
118,ETCH-03,197,0,0.013571023558075202,0.018066506943209912
118,ETCH-03,198,0,0.013917806985637632,0.020568190703359905
118,ETCH-03,199,0,0.012522110730273497,0.0234080266566112
118,ETCH-03,200,0,0.013782483565867814,0.026629296349067525
118,ETCH-03,201,0,0.012188666560888633,0.03028011285587452
118,ETCH-03,202,0,0.01946167490918309,0.03441375211893017
118,ETCH-03,203,0,0.014631742754453902,0.039088941737438564
118,ETCH-03,204,0,0.022905513947005535,0.04437008152720019
118,ETCH-03,205,0,0.01872404814452644,0.05032736359376719
118,ETCH-03,206,0,0.023286931075308683,0.05703675238884091
118,ETCH-03,207,0,0.02178301443281233,0.06457977754644699
118,ETCH-03,208,0,0.02702732411379861,0.0730430847594295
118,ETCH-03,209,0,0.1072517693639177,0.08251768338556707
118,ETCH-03,210,0,0.0986010305538041,0.0930978250513127
118,ETCH-03,211,0,0.14423143734112437,0.10487944683337558
118,ETCH-03,212,0,0.16697400450265515,0.11795811761829424
118,ETCH-03,213,0,0.16110251199170145,0.13242643923984326
118,ETCH-03,214,0,0.14173510561074965,0.14837087732351398
118,ETCH-03,215,0,0.2069400592711866,0.16586803246727091
118,ETCH-03,216,0,0.19515661892039204,0.18498041161474152
118,ETCH-03,217,0,0.16544920459838003,0.20575182176004442
118,ETCH-03,218,0,0.17132645485332437,0.22820258054495718
118,ETCH-03,219,0,0.19934100985465408,0.2523248147932473
118,ETCH-03,220,0,0.27739490074243905,0.27807818901596076
118,ETCH-03,221,0,0.3056770641787703,0.3053864587751017
118,ETCH-03,222,0,0.40565749284761343,0.3341352642068455
118,ETCH-03,223,0,0.4151477816827408,0.36417155355279246
118,ETCH-03,224,0,0.47296462635547887,0.39530494610209993
118,ETCH-03,225,0,0.4288277419294963,0.4273112072867518
118,ETCH-03,226,1,0.41987789015915133,0.4599378251834118
118,ETCH-03,227,1,0.5442454332150677,0.4929114679615276
118,ETCH-03,228,1,0.50535942620438,0.5259468953695469
118,ETCH-03,229,1,0.5405447813069388,0.5587567272733381
118,ETCH-03,230,1,0.5290905488248775,0.5910613681203879
118,ETCH-03,232,0,0.00827653583867011,0.0016994860506774087
118,ETCH-03,233,0,0.007423024512223557,0.0019392912392089338
118,ETCH-03,234,0,0.00766514148189613,0.0022128590219960454
118,ETCH-04,0,0,0.013463693660463386,0.0016994860506774087
118,ETCH-04,1,0,0.02977583125004918,0.0019392912392089338
118,ETCH-04,2,0,0.01336991271157865,0.0022128590219960454
118,ETCH-04,3,0,0.03478272498376349,0.0025249202500988777
118,ETCH-04,4,0,0.009064536413376803,0.0028808618349007884
118,ETCH-04,5,0,0.00951615889459324,0.0032868156672249548
118,ETCH-04,6,0,0.010403377121958005,0.003749758964263824
118,ETCH-04,7,0,0.03777717104404523,0.004277627322091259
118,ETCH-04,8,0,0.01051895332059206,0.0048794418338637
118,ETCH-04,9,0,0.009628923224938985,0.0055654516999249035
118,ETCH-04,10,0,0.011097693834136191,0.006347293796070979
118,ETCH-04,11,0,0.011345603696451394,0.007238170667111699
118,ETCH-04,12,0,0.010036847573770625,0.008253048357386826
118,ETCH-04,13,0,0.011990666710721411,0.009408875355785535
118,ETCH-04,14,0,0.017462976094751635,0.010724823691580595
118,ETCH-04,15,0,0.013830763133043156,0.01222255283306718
118,ETCH-04,16,0,0.010446587786886414,0.013926496468851147
118,ETCH-04,17,0,0.022703625332286786,0.015864171436888105
118,ETCH-04,18,0,0.011713287817473828,0.018066506943209912
118,ETCH-04,19,0,0.007839021868419558,0.020568190703359905
118,ETCH-04,20,0,0.008998312216943905,0.0234080266566112
118,ETCH-04,21,0,0.006461056099622673,0.026629296349067525
118,ETCH-04,22,0,0.016910105472604624,0.03028011285587452
118,ETCH-04,23,0,0.021619615554726083,0.03441375211893017
118,ETCH-04,24,0,0.02586016124857246,0.039088941737438564
118,ETCH-04,25,0,0.04059088856184236,0.04437008152720019
118,ETCH-04,26,0,0.010847400653259245,0.05032736359376719
118,ETCH-04,27,0,0.11044569471814462,0.05703675238884091
118,ETCH-04,28,0,0.13351122813762553,0.06457977754644699
118,ETCH-04,29,0,0.049990521738452115,0.0730430847594295
118,ETCH-04,30,0,0.07974695994359034,0.08251768338556707
118,ETCH-04,31,0,0.0382634896016578,0.0930978250513127
118,ETCH-04,32,0,0.09181817656520533,0.10487944683337558
118,ETCH-04,33,0,0.08105719843152288,0.11795811761829424
118,ETCH-04,34,0,0.0949610191759501,0.13242643923984326
118,ETCH-04,35,0,0.24592930370796937,0.14837087732351398
118,ETCH-04,36,0,0.12503173274077659,0.16586803246727091
118,ETCH-04,37,0,0.1854032764340363,0.18498041161474152
118,ETCH-04,38,0,0.2306138568053882,0.20575182176004442
118,ETCH-04,39,0,0.2507578378203752,0.22820258054495718
118,ETCH-04,40,1,0.2921214670119383,0.2523248147932473
118,ETCH-04,41,1,0.3214782435962741,0.27807818901596076
118,ETCH-04,42,1,0.3113828558973624,0.3053864587751017
118,ETCH-04,43,1,0.2893755494825293,0.3341352642068455
118,ETCH-04,44,1,0.3457404420651338,0.36417155355279246
118,ETCH-04,46,0,0.016557932722305584,0.0016994860506774087
118,ETCH-04,47,0,0.01042941905745896,0.0019392912392089338
118,ETCH-04,48,0,0.016978788281821866,0.0022128590219960454
118,ETCH-04,49,0,0.008245754470730254,0.0025249202500988777
118,ETCH-04,50,0,0.017950882957945013,0.0028808618349007884
118,ETCH-04,51,0,0.014362231620035753,0.0032868156672249548
118,ETCH-04,52,0,0.010089742711561728,0.003749758964263824
118,ETCH-04,53,0,0.00913801551236074,0.004277627322091259
118,ETCH-04,54,0,0.008419509432543834,0.0048794418338637
118,ETCH-04,55,0,0.009309184077445538,0.0055654516999249035
118,ETCH-04,56,0,0.013023097034005305,0.006347293796070979
118,ETCH-04,57,0,0.00977237849989453,0.007238170667111699
118,ETCH-04,58,0,0.03334214183028346,0.008253048357386826
118,ETCH-04,59,0,0.016103349867043936,0.009408875355785535
118,ETCH-04,60,0,0.016923594021935988,0.010724823691580595
118,ETCH-04,61,0,0.01017722902465366,0.01222255283306718
118,ETCH-04,62,0,0.011327656552649633,0.013926496468851147
118,ETCH-04,63,0,0.01879081918006439,0.015864171436888105
118,ETCH-04,64,0,0.016843030660677268,0.018066506943209912
118,ETCH-04,65,0,0.028299234817877505,0.020568190703359905
118,ETCH-04,66,0,0.026542155550423756,0.0234080266566112
118,ETCH-04,67,1,0.00901172677490199,0.026629296349067525
118,ETCH-04,68,1,0.013211450155616897,0.03028011285587452
118,ETCH-04,69,1,0.009905856089131856,0.03441375211893017
118,ETCH-04,70,1,0.01058649032353846,0.039088941737438564
118,ETCH-04,71,1,0.036398653745607204,0.04437008152720019
118,ETCH-04,73,0,0.008435438878888878,0.0016994860506774087
118,ETCH-04,74,0,0.01174255417952008,0.0019392912392089338
118,ETCH-04,75,0,0.009377458751697359,0.0022128590219960454
118,ETCH-04,76,0,0.00851990355898741,0.0025249202500988777
118,ETCH-04,77,0,0.012035393724459793,0.0028808618349007884
118,ETCH-04,78,0,0.009109234388543287,0.0032868156672249548
118,ETCH-04,79,0,0.008546631060980739,0.003749758964263824
118,ETCH-04,80,0,0.010516802661024807,0.004277627322091259
118,ETCH-04,81,0,0.008480976726015488,0.0048794418338637
118,ETCH-04,82,0,0.009876368627795043,0.0055654516999249035
118,ETCH-04,83,0,0.03191427157260727,0.006347293796070979
118,ETCH-04,84,0,0.022737548761005272,0.007238170667111699
118,ETCH-04,85,0,0.016968875676841834,0.008253048357386826
118,ETCH-04,86,0,0.011417962936958691,0.009408875355785535
118,ETCH-04,87,0,0.010631310114395337,0.010724823691580595
118,ETCH-04,88,0,0.014245297436277832,0.01222255283306718
118,ETCH-04,89,0,0.013696276712142,0.013926496468851147
118,ETCH-04,90,0,0.013000813456709542,0.015864171436888105
118,ETCH-04,91,0,0.017279028698241147,0.018066506943209912
118,ETCH-04,92,0,0.031851993689500764,0.020568190703359905
118,ETCH-04,93,0,0.01805632239985456,0.0234080266566112
118,ETCH-04,94,0,0.01541196473286518,0.026629296349067525
118,ETCH-04,95,0,0.0434357573620681,0.03028011285587452
118,ETCH-04,96,0,0.014139510828610941,0.03441375211893017
118,ETCH-04,97,0,0.008323647705836872,0.039088941737438564
118,ETCH-04,98,0,0.03663180898797871,0.04437008152720019
118,ETCH-04,99,0,0.03833136166434675,0.05032736359376719
118,ETCH-04,100,0,0.02746730067654815,0.05703675238884091
118,ETCH-04,101,0,0.04587240975705256,0.06457977754644699
118,ETCH-04,102,0,0.03581264957679362,0.0730430847594295
118,ETCH-04,103,0,0.060301220730631225,0.08251768338556707
118,ETCH-04,104,0,0.04765981154660393,0.0930978250513127
118,ETCH-04,105,0,0.08165811435824347,0.10487944683337558
118,ETCH-04,106,0,0.08784825874104757,0.11795811761829424
118,ETCH-04,107,0,0.11557269106050336,0.13242643923984326
118,ETCH-04,108,0,0.09764949975305258,0.14837087732351398
118,ETCH-04,109,0,0.1505073537955483,0.16586803246727091
118,ETCH-04,110,0,0.1831276058790112,0.18498041161474152
118,ETCH-04,111,0,0.17922115424365287,0.20575182176004442
118,ETCH-04,112,0,0.23944719481021748,0.22820258054495718
118,ETCH-04,113,0,0.24969765808450967,0.2523248147932473
118,ETCH-04,114,0,0.2689672648080701,0.27807818901596076
118,ETCH-04,115,0,0.3067782002968274,0.3053864587751017
118,ETCH-04,116,0,0.44236841776851754,0.3341352642068455
118,ETCH-04,117,0,0.3681859445589077,0.36417155355279246
118,ETCH-04,118,0,0.39785947077597644,0.39530494610209993
118,ETCH-04,119,0,0.39174306981685664,0.4273112072867518
118,ETCH-04,120,0,0.6521735038535013,0.4599378251834118
118,ETCH-04,121,0,0.4720332240585547,0.4929114679615276
118,ETCH-04,122,1,0.6403493749598749,0.5259468953695469
118,ETCH-04,123,1,0.6135524748405431,0.5587567272733381
118,ETCH-04,124,1,0.8207922313847993,0.5910613681203879
118,ETCH-04,125,1,0.8117075460555757,0.6225983669619332
118,ETCH-04,126,1,0.8202950604922746,0.6531305618913489
118,ETCH-04,128,0,0.01226311606166534,0.0016994860506774087
118,ETCH-04,129,0,0.01209559362457267,0.0019392912392089338
118,ETCH-04,130,0,0.008753564692387878,0.0022128590219960454
118,ETCH-04,131,0,0.008552619641333411,0.0025249202500988777
118,ETCH-04,132,0,0.008349135228189586,0.0028808618349007884
118,ETCH-04,133,0,0.010192870017318558,0.0032868156672249548
118,ETCH-04,134,0,0.026096390075641705,0.003749758964263824
118,ETCH-04,135,0,0.008879092646717698,0.004277627322091259
118,ETCH-04,136,0,0.009536176349545145,0.0048794418338637
118,ETCH-04,137,0,0.009031467840986943,0.0055654516999249035
118,ETCH-04,138,0,0.04076098502066381,0.006347293796070979
118,ETCH-04,139,0,0.020599763766315775,0.007238170667111699
118,ETCH-04,140,0,0.010271996479627187,0.008253048357386826
118,ETCH-04,141,0,0.05490713773747273,0.009408875355785535
118,ETCH-04,142,0,0.009232654494512004,0.010724823691580595
118,ETCH-04,143,0,0.034905138808666566,0.01222255283306718
118,ETCH-04,144,0,0.030626520835874776,0.013926496468851147
118,ETCH-04,145,0,0.014553290533688113,0.015864171436888105
118,ETCH-04,146,0,0.034459962970170115,0.018066506943209912
118,ETCH-04,147,0,0.009870361627903688,0.020568190703359905
118,ETCH-04,148,0,0.007087925651760138,0.0234080266566112
118,ETCH-04,149,0,0.015261596885601084,0.026629296349067525
118,ETCH-04,150,0,0.023708590409289965,0.03028011285587452
118,ETCH-04,151,0,0.009415470071306305,0.03441375211893017
118,ETCH-04,152,0,0.028964587263817548,0.039088941737438564
118,ETCH-04,153,0,0.02054408010551434,0.04437008152720019
118,ETCH-04,154,0,0.044983180922486016,0.05032736359376719
118,ETCH-04,155,0,0.03452997913202579,0.05703675238884091
118,ETCH-04,156,0,0.06455703657833331,0.06457977754644699
118,ETCH-04,157,0,0.0907146483546005,0.0730430847594295
118,ETCH-04,158,0,0.048421711128843345,0.08251768338556707
118,ETCH-04,159,0,0.06292527537414812,0.0930978250513127
118,ETCH-04,160,0,0.11200954945319722,0.10487944683337558
118,ETCH-04,161,0,0.12361154659447302,0.11795811761829424
118,ETCH-04,162,0,0.12528847218189948,0.13242643923984326
118,ETCH-04,163,0,0.11439579582529757,0.14837087732351398
118,ETCH-04,164,0,0.1557023453814127,0.16586803246727091
118,ETCH-04,165,0,0.15826727176432115,0.18498041161474152
118,ETCH-04,166,1,0.23102914552529902,0.20575182176004442
118,ETCH-04,167,1,0.26874533249061666,0.22820258054495718
118,ETCH-04,168,1,0.24868597011926452,0.2523248147932473
118,ETCH-04,169,1,0.2023361644286163,0.27807818901596076
118,ETCH-04,170,1,0.27327022889797453,0.3053864587751017
118,ETCH-04,172,0,0.03718088149285005,0.0016994860506774087
118,ETCH-04,173,0,0.051625002805136946,0.0019392912392089338
118,ETCH-04,174,0,0.016393258893777844,0.0022128590219960454
118,ETCH-04,175,0,0.009151591740265743,0.0025249202500988777
118,ETCH-04,176,0,0.00818209802718024,0.0028808618349007884
118,ETCH-04,177,0,0.009326037115095059,0.0032868156672249548
118,ETCH-04,178,0,0.010407125357887046,0.003749758964263824
118,ETCH-04,179,0,0.008283619342198826,0.004277627322091259
118,ETCH-04,180,0,0.008257527257271318,0.0048794418338637
118,ETCH-04,181,0,0.009432407646751365,0.0055654516999249035
118,ETCH-04,182,0,0.04908505464662808,0.006347293796070979
118,ETCH-04,183,0,0.009564258190029637,0.007238170667111699
118,ETCH-04,184,0,0.009995456472818503,0.008253048357386826
118,ETCH-04,185,0,0.01061480947469005,0.009408875355785535
118,ETCH-04,186,0,0.011047086584780081,0.010724823691580595
118,ETCH-04,187,0,0.010747378645269779,0.01222255283306718
118,ETCH-04,188,0,0.01384731270939336,0.013926496468851147
118,ETCH-04,189,0,0.015914714329018257,0.015864171436888105
118,ETCH-04,190,0,0.02175164890235048,0.018066506943209912
118,ETCH-04,191,0,0.012925626075563749,0.020568190703359905
118,ETCH-04,192,0,0.009777178305604567,0.0234080266566112
118,ETCH-04,193,0,0.012463542432840698,0.026629296349067525
118,ETCH-04,194,0,0.02565381044587699,0.03028011285587452
118,ETCH-04,195,0,0.06515090260006352,0.03441375211893017
118,ETCH-04,196,0,0.021319716153706265,0.039088941737438564
118,ETCH-04,197,0,0.05122638322098544,0.04437008152720019
118,ETCH-04,198,0,0.02751481369874158,0.05032736359376719
118,ETCH-04,199,0,0.05013104687277168,0.05703675238884091
118,ETCH-04,200,0,0.03931165661211106,0.06457977754644699
118,ETCH-04,201,0,0.0440362674954022,0.0730430847594295
118,ETCH-04,202,0,0.09251625782044909,0.08251768338556707
118,ETCH-04,203,0,0.09605404889282931,0.0930978250513127
118,ETCH-04,204,0,0.09071020586152703,0.10487944683337558
118,ETCH-04,205,0,0.09567609850784445,0.11795811761829424
118,ETCH-04,206,0,0.10916536937602073,0.13242643923984326
118,ETCH-04,207,0,0.09919444117816086,0.14837087732351398
118,ETCH-04,208,0,0.1743638134618696,0.16586803246727091
118,ETCH-04,209,0,0.17433139659802702,0.18498041161474152
118,ETCH-04,210,1,0.22083607360603824,0.20575182176004442
118,ETCH-04,211,1,0.25361248312854373,0.22820258054495718
118,ETCH-04,212,1,0.26709799930447975,0.2523248147932473
118,ETCH-04,213,1,0.29742151076731826,0.27807818901596076
118,ETCH-04,214,1,0.34958238377105244,0.3053864587751017
118,ETCH-04,216,0,0.00971233479224557,0.0016994860506774087
118,ETCH-04,217,0,0.022667581870492146,0.0019392912392089338
118,ETCH-04,218,0,0.0084857589527115,0.0022128590219960454
118,ETCH-04,219,0,0.016122101860174876,0.0025249202500988777
118,ETCH-04,220,0,0.0085764736268927,0.0028808618349007884
118,ETCH-04,221,0,0.010155630189780334,0.0032868156672249548
118,ETCH-04,222,0,0.026850946492570076,0.003749758964263824
118,ETCH-04,223,0,0.008603145354839093,0.004277627322091259
118,ETCH-04,224,0,0.008794534291986575,0.0048794418338637
118,ETCH-04,225,0,0.010881998320241011,0.0055654516999249035
118,ETCH-04,226,0,0.010670104916069643,0.006347293796070979
118,ETCH-04,227,0,0.011870426871879586,0.007238170667111699
118,ETCH-04,228,0,0.013054231240964668,0.008253048357386826
118,ETCH-04,229,0,0.012934948273014748,0.009408875355785535
118,ETCH-04,230,0,0.044018772509683404,0.010724823691580595
118,ETCH-04,231,0,0.044733975518186975,0.01222255283306718
118,ETCH-04,232,0,0.02106311801601043,0.013926496468851147
118,ETCH-04,233,0,0.014339410208085771,0.015864171436888105
118,ETCH-04,234,0,0.020216657813199885,0.018066506943209912
119,ETCH-01,0,0,0.03106027216951467,0.0016994860506774087
119,ETCH-01,1,0,0.009760635047606332,0.0019392912392089338
119,ETCH-01,2,0,0.009914331884238011,0.0022128590219960454
119,ETCH-01,3,0,0.008907711293232127,0.0025249202500988777
119,ETCH-01,4,0,0.012780718730887736,0.0028808618349007884
119,ETCH-01,5,0,0.011367894844485967,0.0032868156672249548
119,ETCH-01,6,0,0.01021612022610497,0.003749758964263824
119,ETCH-01,7,0,0.008413818539314827,0.004277627322091259
119,ETCH-01,8,0,0.011330140674783936,0.0048794418338637
119,ETCH-01,9,0,0.008983318358975853,0.0055654516999249035
119,ETCH-01,10,0,0.012317266496247736,0.006347293796070979
119,ETCH-01,11,0,0.0123630873548916,0.007238170667111699
119,ETCH-01,12,0,0.010741413755543385,0.008253048357386826
119,ETCH-01,13,0,0.013128986566131932,0.009408875355785535
119,ETCH-01,14,0,0.011470928455105599,0.010724823691580595
119,ETCH-01,15,0,0.010844834112757858,0.01222255283306718
119,ETCH-01,16,0,0.013051580535526098,0.013926496468851147
119,ETCH-01,17,0,0.017064629222322877,0.015864171436888105
119,ETCH-01,18,0,0.01693210410022709,0.018066506943209912
119,ETCH-01,19,0,0.017932678431560597,0.020568190703359905
119,ETCH-01,20,0,0.015916005393676696,0.0234080266566112
119,ETCH-01,21,0,0.014951176687295379,0.026629296349067525
119,ETCH-01,22,1,0.01472835558986782,0.03028011285587452
119,ETCH-01,23,1,0.022603381238386913,0.03441375211893017
119,ETCH-01,24,1,0.017289436984823887,0.039088941737438564
119,ETCH-01,25,1,0.02208363461348341,0.04437008152720019
119,ETCH-01,26,1,0.02372735262701152,0.05032736359376719
119,ETCH-01,28,0,0.00946164071563792,0.0016994860506774087
119,ETCH-01,29,0,0.012250318869912204,0.0019392912392089338
119,ETCH-01,30,0,0.011106343341619402,0.0022128590219960454
119,ETCH-01,31,0,0.008554601566206639,0.0025249202500988777
119,ETCH-01,32,0,0.00908591250956342,0.0028808618349007884
119,ETCH-01,33,0,0.00956667288572155,0.0032868156672249548
119,ETCH-01,34,0,0.008885746272751066,0.003749758964263824
119,ETCH-01,35,0,0.00899353397258203,0.004277627322091259
119,ETCH-01,36,0,0.009194857908555178,0.0048794418338637
119,ETCH-01,37,0,0.009642987180174638,0.0055654516999249035
119,ETCH-01,38,0,0.009480772091989416,0.006347293796070979
119,ETCH-01,39,0,0.025590961154019386,0.007238170667111699
119,ETCH-01,40,0,0.012846173709184274,0.008253048357386826
119,ETCH-01,41,0,0.01046714727243358,0.009408875355785535
119,ETCH-01,42,0,0.013316152269726253,0.010724823691580595
119,ETCH-01,43,0,0.014330643085769257,0.01222255283306718
119,ETCH-01,44,0,0.014263586627354765,0.013926496468851147
119,ETCH-01,45,0,0.014043036511936826,0.015864171436888105
119,ETCH-01,46,0,0.01616511775087951,0.018066506943209912
119,ETCH-01,47,0,0.015954130906779402,0.020568190703359905
119,ETCH-01,48,0,0.016843986987885036,0.0234080266566112
119,ETCH-01,49,0,0.01722916880391053,0.026629296349067525
119,ETCH-01,50,0,0.019144749885432865,0.03028011285587452
119,ETCH-01,51,0,0.018319175641389743,0.03441375211893017
119,ETCH-01,52,0,0.017962876976457983,0.039088941737438564
119,ETCH-01,53,0,0.02459159775762728,0.04437008152720019
119,ETCH-01,54,0,0.022926646296043428,0.05032736359376719
119,ETCH-01,55,0,0.03499515084273,0.05703675238884091
119,ETCH-01,56,0,0.05465687702998179,0.06457977754644699
119,ETCH-01,57,0,0.08520224571182007,0.0730430847594295
119,ETCH-01,58,0,0.04207064945905568,0.08251768338556707
119,ETCH-01,59,0,0.08442353483480337,0.0930978250513127
119,ETCH-01,60,0,0.14378126232300803,0.10487944683337558
119,ETCH-01,61,0,0.08844950099448613,0.11795811761829424
119,ETCH-01,62,0,0.0925412860781087,0.13242643923984326
119,ETCH-01,63,0,0.1548443504180061,0.14837087732351398
119,ETCH-01,64,0,0.19733438743802328,0.16586803246727091
119,ETCH-01,65,1,0.2567817111320142,0.18498041161474152
119,ETCH-01,66,1,0.23573727487780233,0.20575182176004442
119,ETCH-01,67,1,0.2907595938312515,0.22820258054495718
119,ETCH-01,68,1,0.2482033183939781,0.2523248147932473
119,ETCH-01,69,1,0.32982525695281883,0.27807818901596076
119,ETCH-01,71,0,0.02005424875953709,0.0016994860506774087
119,ETCH-01,72,0,0.015858568548376972,0.0019392912392089338
119,ETCH-01,73,0,0.010713567211508927,0.0022128590219960454
119,ETCH-01,74,0,0.010468409770384027,0.0025249202500988777
119,ETCH-01,75,0,0.012233452115266344,0.0028808618349007884
119,ETCH-01,76,0,0.008981904354438458,0.0032868156672249548
119,ETCH-01,77,0,0.009211508983505352,0.003749758964263824
119,ETCH-01,78,0,0.010212966001242075,0.004277627322091259
119,ETCH-01,79,0,0.010574190359759143,0.0048794418338637
119,ETCH-01,80,0,0.010293387511979089,0.0055654516999249035
119,ETCH-01,81,0,0.01107580808005409,0.006347293796070979
119,ETCH-01,82,0,0.011386486444061147,0.007238170667111699
119,ETCH-01,83,0,0.010627957300107984,0.008253048357386826
119,ETCH-01,84,0,0.012669607141708825,0.009408875355785535
119,ETCH-01,85,0,0.011779687148252744,0.010724823691580595
119,ETCH-01,86,0,0.012307388436629211,0.01222255283306718
119,ETCH-01,87,0,0.014811302350272084,0.013926496468851147
119,ETCH-01,88,0,0.017321802252496597,0.015864171436888105
119,ETCH-01,89,0,0.01621861308433979,0.018066506943209912
119,ETCH-01,90,0,0.015230227115582164,0.020568190703359905
119,ETCH-01,91,0,0.016422896627620948,0.0234080266566112
119,ETCH-01,92,0,0.013751924614077288,0.026629296349067525
119,ETCH-01,93,0,0.015591320796735225,0.03028011285587452
119,ETCH-01,94,0,0.020266375270770767,0.03441375211893017
119,ETCH-01,95,0,0.01772719318275085,0.039088941737438564
119,ETCH-01,96,0,0.011320801383143713,0.04437008152720019
119,ETCH-01,97,0,0.022065534650655413,0.05032736359376719
119,ETCH-01,98,0,0.04659972678165487,0.05703675238884091
119,ETCH-01,99,0,0.044714012838754646,0.06457977754644699
119,ETCH-01,100,0,0.03701342740986133,0.0730430847594295
119,ETCH-01,101,0,0.05456922101819883,0.08251768338556707
119,ETCH-01,102,0,0.059034721289586575,0.0930978250513127
119,ETCH-01,103,0,0.08297171025884335,0.10487944683337558
119,ETCH-01,104,0,0.11679896557101228,0.11795811761829424
119,ETCH-01,105,0,0.09395905426245625,0.13242643923984326
119,ETCH-01,106,0,0.09935088282970582,0.14837087732351398
119,ETCH-01,107,0,0.16474751577783656,0.16586803246727091
119,ETCH-01,108,0,0.21700432816274445,0.18498041161474152
119,ETCH-01,109,0,0.1839254040653431,0.20575182176004442
119,ETCH-01,110,0,0.24585466628292432,0.22820258054495718
119,ETCH-01,111,0,0.29993315971451845,0.2523248147932473
119,ETCH-01,112,0,0.3183443342619892,0.27807818901596076
119,ETCH-01,113,0,0.31307523183492125,0.3053864587751017
119,ETCH-01,114,0,0.3271255167971049,0.3341352642068455
119,ETCH-01,115,0,0.40170670634023875,0.36417155355279246
119,ETCH-01,116,0,0.3752888908589888,0.39530494610209993
119,ETCH-01,117,0,0.4325781354687718,0.4273112072867518
119,ETCH-01,118,0,0.518191665030543,0.4599378251834118
119,ETCH-01,119,1,0.55919087675119,0.4929114679615276
119,ETCH-01,120,1,0.40008252080619017,0.5259468953695469
119,ETCH-01,121,1,0.5361322652254195,0.5587567272733381
119,ETCH-01,122,1,0.5372251211429004,0.5910613681203879
119,ETCH-01,123,1,0.45808480809561153,0.6225983669619332
119,ETCH-01,125,0,0.011907467712131848,0.0016994860506774087
119,ETCH-01,126,0,0.012033972149459247,0.0019392912392089338
119,ETCH-01,127,0,0.015268229048113476,0.0022128590219960454
119,ETCH-01,128,0,0.010122131267986001,0.0025249202500988777
119,ETCH-01,129,0,0.011053701272298207,0.0028808618349007884
119,ETCH-01,130,0,0.008648196163165941,0.0032868156672249548
119,ETCH-01,131,0,0.02287119579935893,0.003749758964263824
119,ETCH-01,132,0,0.010413776013205308,0.004277627322091259
119,ETCH-01,133,0,0.010278078264922143,0.0048794418338637
119,ETCH-01,134,0,0.011200914691704882,0.0055654516999249035
119,ETCH-01,135,0,0.010959607723911666,0.006347293796070979
119,ETCH-01,136,0,0.012404784177760347,0.007238170667111699
119,ETCH-01,137,0,0.01501077990699251,0.008253048357386826
119,ETCH-01,138,0,0.013613468679628288,0.009408875355785535
119,ETCH-01,139,0,0.01250957342835518,0.010724823691580595
119,ETCH-01,140,0,0.016624341502632704,0.01222255283306718
119,ETCH-01,141,0,0.013805891555592333,0.013926496468851147
119,ETCH-01,142,0,0.013461918509149962,0.015864171436888105
119,ETCH-01,143,0,0.014185995243354402,0.018066506943209912
119,ETCH-01,144,0,0.012589190397547124,0.020568190703359905
119,ETCH-01,145,0,0.016225770192594552,0.0234080266566112
119,ETCH-01,146,1,0.017286913305182332,0.026629296349067525
119,ETCH-01,147,1,0.016713085671377425,0.03028011285587452
119,ETCH-01,148,1,0.0183359323838489,0.03441375211893017
119,ETCH-01,149,1,0.016510055291758235,0.039088941737438564
119,ETCH-01,150,1,0.028611217471591722,0.04437008152720019
119,ETCH-01,152,0,0.01140933961299319,0.0016994860506774087
119,ETCH-01,153,0,0.02690162081058862,0.0019392912392089338
119,ETCH-01,154,0,0.0171201017210975,0.0022128590219960454
119,ETCH-01,155,0,0.008571519671323793,0.0025249202500988777
119,ETCH-01,156,0,0.008767937422420508,0.0028808618349007884
119,ETCH-01,157,0,0.009936715893930312,0.0032868156672249548
119,ETCH-01,158,0,0.010278859960242052,0.003749758964263824
119,ETCH-01,159,0,0.008839546195988972,0.004277627322091259
119,ETCH-01,160,0,0.010410864560918554,0.0048794418338637
119,ETCH-01,161,0,0.01346820353085811,0.0055654516999249035
119,ETCH-01,162,0,0.011576339740960725,0.006347293796070979
119,ETCH-01,163,0,0.01594275885926893,0.007238170667111699
119,ETCH-01,164,0,0.012330104026263155,0.008253048357386826
119,ETCH-01,165,0,0.012154994944557986,0.009408875355785535
119,ETCH-01,166,0,0.011964652045658296,0.010724823691580595
119,ETCH-01,167,0,0.010166884999349972,0.01222255283306718
119,ETCH-01,168,0,0.010325406112811703,0.013926496468851147
119,ETCH-01,169,0,0.01472681166095904,0.015864171436888105
119,ETCH-01,170,0,0.02950450440749768,0.018066506943209912
119,ETCH-01,171,0,0.013915670453434652,0.020568190703359905
119,ETCH-01,172,0,0.015857414819098,0.0234080266566112
119,ETCH-01,173,0,0.01704462711578965,0.026629296349067525
119,ETCH-01,174,0,0.019896367165111804,0.03028011285587452
119,ETCH-01,175,0,0.058924760214533946,0.03441375211893017
119,ETCH-01,176,0,0.016716822100643555,0.039088941737438564
119,ETCH-01,177,0,0.020479765042358697,0.04437008152720019
119,ETCH-01,178,0,0.01891967743796528,0.05032736359376719
119,ETCH-01,179,0,0.025111204581793715,0.05703675238884091
119,ETCH-01,180,0,0.03724412448870305,0.06457977754644699
119,ETCH-01,181,0,0.060377013380406984,0.0730430847594295
119,ETCH-01,182,0,0.05182182974719207,0.08251768338556707
119,ETCH-01,183,0,0.08123198778828154,0.0930978250513127
119,ETCH-01,184,0,0.10804628241481488,0.10487944683337558
119,ETCH-01,185,0,0.12774705787405072,0.11795811761829424
119,ETCH-01,186,0,0.09847646776562906,0.13242643923984326
119,ETCH-01,187,0,0.15881592792560084,0.14837087732351398
119,ETCH-01,188,0,0.1416193193929692,0.16586803246727091
119,ETCH-01,189,0,0.17798342321646043,0.18498041161474152
119,ETCH-01,190,0,0.21198321955825103,0.20575182176004442
119,ETCH-01,191,1,0.20144673307567257,0.22820258054495718
119,ETCH-01,192,1,0.24289774261385597,0.2523248147932473
119,ETCH-01,193,1,0.24852499513734058,0.27807818901596076
119,ETCH-01,194,1,0.33690998649209564,0.3053864587751017
119,ETCH-01,195,1,0.3259180506122628,0.3341352642068455
119,ETCH-01,197,0,0.01258609909464294,0.0016994860506774087
119,ETCH-01,198,0,0.022604754434307893,0.0019392912392089338
119,ETCH-01,199,0,0.01011189955693932,0.0022128590219960454
119,ETCH-01,200,0,0.023029793671092133,0.0025249202500988777
119,ETCH-01,201,0,0.009308077478998016,0.0028808618349007884
119,ETCH-01,202,0,0.008715630576049235,0.0032868156672249548
119,ETCH-01,203,0,0.01024843293429167,0.003749758964263824
119,ETCH-01,204,0,0.008921397423582708,0.004277627322091259
119,ETCH-01,205,0,0.010274889700589962,0.0048794418338637
119,ETCH-01,206,0,0.009083166986821517,0.0055654516999249035
119,ETCH-01,207,0,0.019818883342808912,0.006347293796070979
119,ETCH-01,208,0,0.010464892939905896,0.007238170667111699
119,ETCH-01,209,0,0.010716744227610963,0.008253048357386826
119,ETCH-01,210,0,0.012911093864308807,0.009408875355785535
119,ETCH-01,211,0,0.012721154699639244,0.010724823691580595
119,ETCH-01,212,0,0.018027881578910828,0.01222255283306718
119,ETCH-01,213,0,0.014781233674882665,0.013926496468851147
119,ETCH-01,214,0,0.014286678732276412,0.015864171436888105
119,ETCH-01,215,0,0.01562441161232905,0.018066506943209912
119,ETCH-01,216,0,0.011850883779203101,0.020568190703359905
119,ETCH-01,217,0,0.019517123243065523,0.0234080266566112
119,ETCH-01,218,0,0.03897545032638873,0.026629296349067525
119,ETCH-01,219,0,0.01895854569820084,0.03028011285587452
119,ETCH-01,220,0,0.020017945922508957,0.03441375211893017
119,ETCH-01,221,0,0.016466763531284616,0.039088941737438564
119,ETCH-01,222,0,0.016459944870894555,0.04437008152720019
119,ETCH-01,223,0,0.047652821755176204,0.05032736359376719
119,ETCH-01,224,0,0.033962045682447456,0.05703675238884091
119,ETCH-01,225,0,0.03837216071005566,0.06457977754644699
119,ETCH-01,226,0,0.04764677676232583,0.0730430847594295
119,ETCH-01,227,0,0.05725640290628742,0.08251768338556707
119,ETCH-01,228,0,0.08077545021335329,0.0930978250513127
119,ETCH-01,229,0,0.13411658699662002,0.10487944683337558
119,ETCH-01,230,0,0.131185737880461,0.11795811761829424
119,ETCH-01,231,0,0.12921690345177644,0.13242643923984326
119,ETCH-01,232,0,0.17852450611775522,0.14837087732351398
119,ETCH-01,233,0,0.1268251622440415,0.16586803246727091
119,ETCH-01,234,0,0.23012348969026886,0.18498041161474152
119,ETCH-02,0,0,0.02595488994192251,0.0016994860506774087
119,ETCH-02,1,0,0.007278069821034057,0.0019392912392089338
119,ETCH-02,2,0,0.008352114124135362,0.0022128590219960454
119,ETCH-02,3,0,0.009504473090130278,0.0025249202500988777
119,ETCH-02,4,0,0.00584146094699615,0.0028808618349007884
119,ETCH-02,5,0,0.007530797259621633,0.0032868156672249548
119,ETCH-02,6,0,0.00709129158275913,0.003749758964263824
119,ETCH-02,7,0,0.006930953826356815,0.004277627322091259
119,ETCH-02,8,0,0.006820914259550034,0.0048794418338637
119,ETCH-02,9,0,0.010576323906228315,0.0055654516999249035
119,ETCH-02,10,0,0.006311555638461154,0.006347293796070979
119,ETCH-02,11,0,0.0055971122848712555,0.007238170667111699
119,ETCH-02,12,0,0.007139234333642899,0.008253048357386826
119,ETCH-02,13,0,0.005612597506531427,0.009408875355785535
119,ETCH-02,14,0,0.005887243601717233,0.010724823691580595
119,ETCH-02,15,0,0.006068641258517573,0.01222255283306718
119,ETCH-02,16,0,0.006549430253219605,0.013926496468851147
119,ETCH-02,17,0,0.005464041394733778,0.015864171436888105
119,ETCH-02,18,0,0.006781059296419356,0.018066506943209912
119,ETCH-02,19,0,0.007123297184587265,0.020568190703359905
119,ETCH-02,20,0,0.005805210867418285,0.0234080266566112
119,ETCH-02,21,0,0.014049148124861821,0.026629296349067525
119,ETCH-02,22,0,0.005336161408816599,0.03028011285587452
119,ETCH-02,23,0,0.018791480194790593,0.03441375211893017
119,ETCH-02,24,0,0.009776692746334515,0.039088941737438564
119,ETCH-02,25,0,0.015146021861306123,0.04437008152720019
119,ETCH-02,26,0,0.030147792966233756,0.05032736359376719
119,ETCH-02,27,0,0.02936168609120911,0.05703675238884091
119,ETCH-02,28,0,0.02576517412242621,0.06457977754644699
119,ETCH-02,29,0,0.08218385834733943,0.0730430847594295
119,ETCH-02,30,0,0.05482495075878162,0.08251768338556707
119,ETCH-02,31,0,0.07454595176395201,0.0930978250513127
119,ETCH-02,32,0,0.10722414626434587,0.10487944683337558
119,ETCH-02,33,0,0.081752872386634,0.11795811761829424
119,ETCH-02,34,0,0.15233503823900116,0.13242643923984326
119,ETCH-02,35,0,0.09942503498822945,0.14837087732351398
119,ETCH-02,36,1,0.1579702128076611,0.16586803246727091
119,ETCH-02,37,1,0.1643013954898084,0.18498041161474152
119,ETCH-02,38,1,0.22103556686611658,0.20575182176004442
119,ETCH-02,39,1,0.18684553574673413,0.22820258054495718
119,ETCH-02,40,1,0.23289018115101903,0.2523248147932473
119,ETCH-02,42,1,0.011825774180453713,0.0016994860506774087
119,ETCH-02,43,1,0.01832010853059825,0.0019392912392089338
119,ETCH-02,44,1,0.009642416827032287,0.0022128590219960454
119,ETCH-02,45,1,0.007571050595970334,0.0025249202500988777
119,ETCH-02,47,0,0.014839883298635018,0.0016994860506774087
119,ETCH-02,48,0,0.00829977339639601,0.0019392912392089338
119,ETCH-02,49,0,0.007372999835213929,0.0022128590219960454
119,ETCH-02,50,0,0.007404045330676197,0.0025249202500988777
119,ETCH-02,51,0,0.011126204090053191,0.0028808618349007884
119,ETCH-02,52,0,0.0055654003528413515,0.0032868156672249548
119,ETCH-02,53,0,0.010760640760228722,0.003749758964263824
119,ETCH-02,54,0,0.0060158482748246065,0.004277627322091259
119,ETCH-02,55,0,0.006784849997368785,0.0048794418338637
119,ETCH-02,56,0,0.007176012528454174,0.0055654516999249035
119,ETCH-02,57,0,0.00652504846610857,0.006347293796070979
119,ETCH-02,58,0,0.00635634656742035,0.007238170667111699
119,ETCH-02,59,0,0.006614613993417606,0.008253048357386826
119,ETCH-02,60,0,0.006254909836606565,0.009408875355785535
119,ETCH-02,61,0,0.0058830388634256835,0.010724823691580595
119,ETCH-02,62,0,0.007003985063214022,0.01222255283306718
119,ETCH-02,63,0,0.0074792794793406255,0.013926496468851147
119,ETCH-02,64,0,0.006740932479772329,0.015864171436888105
119,ETCH-02,65,0,0.006698181396658923,0.018066506943209912
119,ETCH-02,66,0,0.00950797493340658,0.020568190703359905
119,ETCH-02,67,0,0.007176279908744911,0.0234080266566112
119,ETCH-02,68,0,0.007770926030467919,0.026629296349067525
119,ETCH-02,69,0,0.007952036416312112,0.03028011285587452
119,ETCH-02,70,0,0.0070763811383807995,0.03441375211893017
119,ETCH-02,71,0,0.008182939128369189,0.039088941737438564
119,ETCH-02,72,0,0.019875273674281727,0.04437008152720019
119,ETCH-02,73,0,0.009773396102751655,0.05032736359376719
119,ETCH-02,74,0,0.05363372459246114,0.05703675238884091
119,ETCH-02,75,0,0.068010309377676,0.06457977754644699
119,ETCH-02,76,0,0.02772344275755691,0.0730430847594295
119,ETCH-02,77,0,0.049477505445201374,0.08251768338556707
119,ETCH-02,78,0,0.07090637370079868,0.0930978250513127
119,ETCH-02,79,0,0.08100448761638117,0.10487944683337558
119,ETCH-02,80,0,0.09645744607665974,0.11795811761829424
119,ETCH-02,81,0,0.11106708027851679,0.13242643923984326
119,ETCH-02,82,0,0.17057779866671868,0.14837087732351398
119,ETCH-02,83,0,0.11316795685968684,0.16586803246727091
119,ETCH-02,84,0,0.23762656783075972,0.18498041161474152
119,ETCH-02,85,0,0.21450203874796311,0.20575182176004442
119,ETCH-02,86,0,0.1890786240322251,0.22820258054495718
119,ETCH-02,87,0,0.20654452053268493,0.2523248147932473
119,ETCH-02,88,0,0.3294627419874827,0.27807818901596076
119,ETCH-02,89,0,0.39026576055938245,0.3053864587751017
119,ETCH-02,90,0,0.23944499029864397,0.3341352642068455
119,ETCH-02,91,0,0.3128590771152649,0.36417155355279246
119,ETCH-02,92,0,0.33687464991061855,0.39530494610209993
119,ETCH-02,93,0,0.42883172376932066,0.4273112072867518
119,ETCH-02,94,0,0.591828447968507,0.4599378251834118
119,ETCH-02,95,0,0.6681435628322461,0.4929114679615276
119,ETCH-02,96,0,0.6824161958322993,0.5259468953695469
119,ETCH-02,97,0,0.7018820286211948,0.5587567272733381
119,ETCH-02,98,0,0.7092607696694124,0.5910613681203879
119,ETCH-02,99,0,0.6150501418904465,0.6225983669619332
119,ETCH-02,100,0,0.7246742715658626,0.6531305618913489
119,ETCH-02,101,0,0.7021839979467802,0.682452502705571
119,ETCH-02,102,0,0.6417651769147887,0.7103948404678427
119,ETCH-02,103,0,0.6352541572719331,0.7368265849350608
119,ETCH-02,104,0,0.6030443401407748,0.7616553286791048
119,ETCH-02,105,0,0.6184366998211221,0.7848256952952948
119,ETCH-02,106,0,0.6063427372972704,0.8063163740706525
119,ETCH-02,107,0,0.6349439460574285,0.8261361517869197
119,ETCH-02,108,0,0.6226387696609375,0.8443193501117703
119,ETCH-02,109,0,0.6445216824557229,0.8609210363195722
119,ETCH-02,110,0,0.6219000437183213,0.8760123101814233
119,ETCH-02,111,0,0.6020537886772623,0.889675894367067
119,ETCH-02,117,0,0.010750592472251425,0.0016994860506774087
119,ETCH-02,118,0,0.022012610606228486,0.0019392912392089338
119,ETCH-02,119,0,0.008179950413448597,0.0022128590219960454
119,ETCH-02,120,0,0.01883568601652418,0.0025249202500988777
119,ETCH-02,121,0,0.009372128292664747,0.0028808618349007884
119,ETCH-02,122,0,0.006910650802435051,0.0032868156672249548
119,ETCH-02,123,0,0.007387844015956066,0.003749758964263824
119,ETCH-02,124,0,0.007332775966382521,0.004277627322091259
119,ETCH-02,125,0,0.006863611990065133,0.0048794418338637
119,ETCH-02,126,0,0.005054984996863424,0.0055654516999249035
119,ETCH-02,127,0,0.004904413290655081,0.006347293796070979
119,ETCH-02,128,0,0.00692895733009205,0.007238170667111699
119,ETCH-02,129,0,0.008010220785996223,0.008253048357386826
119,ETCH-02,130,0,0.0077692376618210355,0.009408875355785535
119,ETCH-02,131,0,0.005985580325830102,0.010724823691580595
119,ETCH-02,132,0,0.007865706793519703,0.01222255283306718
119,ETCH-02,133,0,0.009044721706351448,0.013926496468851147
119,ETCH-02,134,0,0.006350561090013434,0.015864171436888105
119,ETCH-02,135,0,0.005731608734807407,0.018066506943209912
119,ETCH-02,136,0,0.007887863866682263,0.020568190703359905
119,ETCH-02,137,0,0.006760306012977203,0.0234080266566112
119,ETCH-02,138,0,0.008814073170516641,0.026629296349067525
119,ETCH-02,139,0,0.009662425734745184,0.03028011285587452
119,ETCH-02,140,0,0.009337665878041478,0.03441375211893017
119,ETCH-02,141,0,0.0507026500012792,0.039088941737438564
119,ETCH-02,142,0,0.028093512048341707,0.04437008152720019
119,ETCH-02,143,0,0.0363303258665074,0.05032736359376719
119,ETCH-02,144,0,0.04321618537189502,0.05703675238884091
119,ETCH-02,145,0,0.06362165914286959,0.06457977754644699
119,ETCH-02,146,0,0.07120382301070308,0.0730430847594295
119,ETCH-02,147,0,0.07598145593891639,0.08251768338556707
119,ETCH-02,148,0,0.07212710737625498,0.0930978250513127
119,ETCH-02,149,0,0.1187171489625554,0.10487944683337558
119,ETCH-02,150,0,0.0930058287838336,0.11795811761829424
119,ETCH-02,151,0,0.13492950234531478,0.13242643923984326
119,ETCH-02,152,0,0.15117550241354713,0.14837087732351398
119,ETCH-02,153,0,0.17849362021108922,0.16586803246727091
119,ETCH-02,154,0,0.25365540419991917,0.18498041161474152
119,ETCH-02,155,0,0.25054970994773107,0.20575182176004442
119,ETCH-02,156,0,0.26548177941017365,0.22820258054495718
119,ETCH-02,157,0,0.2517345450042232,0.2523248147932473
119,ETCH-02,158,0,0.30423499050084335,0.27807818901596076
119,ETCH-02,159,0,0.2578427501165751,0.3053864587751017
119,ETCH-02,160,0,0.2880680466462515,0.3341352642068455
119,ETCH-02,161,1,0.34345157457598385,0.36417155355279246
119,ETCH-02,162,1,0.4985031172319328,0.39530494610209993
119,ETCH-02,163,1,0.5289680246707211,0.4273112072867518
119,ETCH-02,164,1,0.5026192909071914,0.4599378251834118
119,ETCH-02,165,1,0.712254867177221,0.4929114679615276
119,ETCH-02,167,0,0.01079108282784694,0.0016994860506774087
119,ETCH-02,168,0,0.01293599731780098,0.0019392912392089338
119,ETCH-02,169,0,0.006265243349931213,0.0022128590219960454
119,ETCH-02,170,0,0.011235100033366377,0.0025249202500988777
119,ETCH-02,171,0,0.007853967800921183,0.0028808618349007884
119,ETCH-02,172,0,0.007640667214646432,0.0032868156672249548
119,ETCH-02,173,0,0.00612806117309949,0.003749758964263824
119,ETCH-02,174,0,0.008345421450469744,0.004277627322091259
119,ETCH-02,175,0,0.009351150647606605,0.0048794418338637
119,ETCH-02,176,0,0.0051623933290308975,0.0055654516999249035
119,ETCH-02,177,0,0.008421047860537089,0.006347293796070979
119,ETCH-02,178,0,0.028019021272916535,0.007238170667111699
119,ETCH-02,179,0,0.006919638205145476,0.008253048357386826
119,ETCH-02,180,0,0.00799923238736964,0.009408875355785535
119,ETCH-02,181,0,0.007836566806248408,0.010724823691580595
119,ETCH-02,182,0,0.00769930691021492,0.01222255283306718
119,ETCH-02,183,0,0.006758209459177883,0.013926496468851147
119,ETCH-02,184,0,0.007475671000344233,0.015864171436888105
119,ETCH-02,185,0,0.0070521403391684,0.018066506943209912
119,ETCH-02,186,0,0.007415777133549367,0.020568190703359905
119,ETCH-02,187,0,0.007944619436231202,0.0234080266566112
119,ETCH-02,188,0,0.008671910267171175,0.026629296349067525
119,ETCH-02,189,0,0.01202086070686888,0.03028011285587452
119,ETCH-02,190,0,0.008188169480372405,0.03441375211893017
119,ETCH-02,191,0,0.025495465183665866,0.039088941737438564
119,ETCH-02,192,0,0.010533486288757955,0.04437008152720019
119,ETCH-02,193,0,0.017073927611941618,0.05032736359376719
119,ETCH-02,194,0,0.017897498229605895,0.05703675238884091
119,ETCH-02,195,0,0.024186514099873553,0.06457977754644699
119,ETCH-02,196,0,0.10959848126971457,0.0730430847594295
119,ETCH-02,197,0,0.09661452047632016,0.08251768338556707
119,ETCH-02,198,0,0.04146282114682674,0.0930978250513127
119,ETCH-02,199,0,0.10777388519401007,0.10487944683337558
119,ETCH-02,200,0,0.11403731818679715,0.11795811761829424
119,ETCH-02,201,0,0.11993148217358729,0.13242643923984326
119,ETCH-02,202,0,0.22789570602479298,0.14837087732351398
119,ETCH-02,203,0,0.17219162820123685,0.16586803246727091
119,ETCH-02,204,0,0.22147164526303392,0.18498041161474152
119,ETCH-02,205,0,0.2622600640378796,0.20575182176004442
119,ETCH-02,206,0,0.21647196808147529,0.22820258054495718
119,ETCH-02,207,0,0.3270970352157751,0.2523248147932473
119,ETCH-02,208,0,0.24860009396423804,0.27807818901596076
119,ETCH-02,209,1,0.22782414201254056,0.3053864587751017
119,ETCH-02,210,1,0.33650242168184363,0.3341352642068455
119,ETCH-02,211,1,0.3240945652299764,0.36417155355279246
119,ETCH-02,212,1,0.6160858409880337,0.39530494610209993
119,ETCH-02,213,1,0.527412281632917,0.4273112072867518
119,ETCH-02,215,0,0.015090727194050437,0.0016994860506774087
119,ETCH-02,216,0,0.02443103060141924,0.0019392912392089338
119,ETCH-02,217,0,0.011200069192975021,0.0022128590219960454
119,ETCH-02,218,0,0.011302851765872427,0.0025249202500988777
119,ETCH-02,219,0,0.016038014875635425,0.0028808618349007884
119,ETCH-02,220,0,0.027933163713257398,0.0032868156672249548
119,ETCH-02,221,0,0.006386472199435893,0.003749758964263824
119,ETCH-02,222,0,0.007291315141238877,0.004277627322091259
119,ETCH-02,223,0,0.005407863674738639,0.0048794418338637
119,ETCH-02,224,0,0.008833554343474806,0.0055654516999249035
119,ETCH-02,225,0,0.006520203236494204,0.006347293796070979
119,ETCH-02,226,0,0.005707897957965563,0.007238170667111699
119,ETCH-02,227,0,0.006787453391705079,0.008253048357386826
119,ETCH-02,228,0,0.025316963310293882,0.009408875355785535
119,ETCH-02,229,0,0.006920490765252645,0.010724823691580595
119,ETCH-02,230,0,0.007422017278052305,0.01222255283306718
119,ETCH-02,231,0,0.00991255742163096,0.013926496468851147
119,ETCH-02,232,0,0.0074296231517328865,0.015864171436888105
119,ETCH-02,233,0,0.007745657225519305,0.018066506943209912
119,ETCH-02,234,0,0.005411669667954172,0.020568190703359905
119,ETCH-03,0,0,0.00758106434754169,0.0016994860506774087
119,ETCH-03,1,0,0.017104818423016543,0.0019392912392089338
119,ETCH-03,2,0,0.007532962250743923,0.0022128590219960454
119,ETCH-03,3,0,0.006466470958650128,0.0025249202500988777
119,ETCH-03,4,0,0.010636891892350515,0.0028808618349007884
119,ETCH-03,5,0,0.006630027015108934,0.0032868156672249548
119,ETCH-03,6,0,0.00748758865028164,0.003749758964263824
119,ETCH-03,7,0,0.006773423813216248,0.004277627322091259
119,ETCH-03,8,0,0.006781545951198393,0.0048794418338637
119,ETCH-03,9,0,0.006953428188196828,0.0055654516999249035
119,ETCH-03,10,0,0.010580656604734546,0.006347293796070979
119,ETCH-03,11,0,0.013643990468295073,0.007238170667111699
119,ETCH-03,12,0,0.008521133264079304,0.008253048357386826
119,ETCH-03,13,0,0.010839147498897455,0.009408875355785535
119,ETCH-03,14,0,0.00889987508318933,0.010724823691580595
119,ETCH-03,15,0,0.017370677709684576,0.01222255283306718
119,ETCH-03,16,0,0.014494367076912287,0.013926496468851147
119,ETCH-03,17,0,0.014373378914514031,0.015864171436888105
119,ETCH-03,18,0,0.012864020853146372,0.018066506943209912
119,ETCH-03,19,0,0.013059186720749977,0.020568190703359905
119,ETCH-03,20,0,0.012215078653448855,0.0234080266566112
119,ETCH-03,21,0,0.03414620701932212,0.026629296349067525
119,ETCH-03,22,0,0.013192297811113862,0.03028011285587452
119,ETCH-03,23,0,0.018206396290100568,0.03441375211893017
119,ETCH-03,24,0,0.015249802986000007,0.039088941737438564
119,ETCH-03,25,0,0.017822966427950077,0.04437008152720019
119,ETCH-03,26,0,0.015278703786752482,0.05032736359376719
119,ETCH-03,27,0,0.05528594354069237,0.05703675238884091
119,ETCH-03,28,0,0.09192056411788878,0.06457977754644699
119,ETCH-03,29,0,0.02410704289834161,0.0730430847594295
119,ETCH-03,30,0,0.07036741295070184,0.08251768338556707
119,ETCH-03,31,0,0.094710984963748,0.0930978250513127
119,ETCH-03,32,0,0.16833699025748722,0.10487944683337558
119,ETCH-03,33,0,0.1452256023673926,0.11795811761829424
119,ETCH-03,34,0,0.15866733888212378,0.13242643923984326
119,ETCH-03,35,0,0.15384979298266255,0.14837087732351398
119,ETCH-03,36,0,0.11906914682752175,0.16586803246727091
119,ETCH-03,37,0,0.1705937875567955,0.18498041161474152
119,ETCH-03,38,0,0.1391750466513283,0.20575182176004442
119,ETCH-03,39,0,0.1724836580526496,0.22820258054495718
119,ETCH-03,40,0,0.2505383361946017,0.2523248147932473
119,ETCH-03,41,0,0.23921664838350484,0.27807818901596076
119,ETCH-03,42,0,0.28749078320058785,0.3053864587751017
119,ETCH-03,43,0,0.34681531236530116,0.3341352642068455
119,ETCH-03,44,1,0.33284819919417247,0.36417155355279246
119,ETCH-03,45,1,0.341669095636276,0.39530494610209993
119,ETCH-03,46,1,0.3642890397439531,0.4273112072867518
119,ETCH-03,47,1,0.4256051563545416,0.4599378251834118
119,ETCH-03,48,1,0.48458959790039857,0.4929114679615276
119,ETCH-03,50,0,0.008684007131410355,0.0016994860506774087
119,ETCH-03,51,0,0.008642759207954145,0.0019392912392089338
119,ETCH-03,52,0,0.007260829372628047,0.0022128590219960454
119,ETCH-03,53,0,0.006806423205595239,0.0025249202500988777
119,ETCH-03,54,0,0.007173081771237939,0.0028808618349007884
119,ETCH-03,55,0,0.006351497377649897,0.0032868156672249548
119,ETCH-03,56,0,0.0069484189735723135,0.003749758964263824
119,ETCH-03,57,0,0.007185731359188517,0.004277627322091259
119,ETCH-03,58,0,0.006628236459074138,0.0048794418338637
119,ETCH-03,59,0,0.00707181095742523,0.0055654516999249035
119,ETCH-03,60,0,0.007161265509723946,0.006347293796070979
119,ETCH-03,61,0,0.00898087534145666,0.007238170667111699
119,ETCH-03,62,0,0.010547466192781444,0.008253048357386826
119,ETCH-03,63,0,0.008390984003263605,0.009408875355785535
119,ETCH-03,64,0,0.012110120600132002,0.010724823691580595
119,ETCH-03,65,0,0.01306389921600935,0.01222255283306718
119,ETCH-03,66,0,0.013751936236427554,0.013926496468851147
119,ETCH-03,67,0,0.01315900196408958,0.015864171436888105
119,ETCH-03,68,0,0.012085846523519371,0.018066506943209912
119,ETCH-03,69,0,0.014394962257573155,0.020568190703359905
119,ETCH-03,70,0,0.014550542156616806,0.0234080266566112
119,ETCH-03,71,0,0.013740396602459251,0.026629296349067525
119,ETCH-03,72,0,0.013868541867720055,0.03028011285587452
119,ETCH-03,73,0,0.040697022860561254,0.03441375211893017
119,ETCH-03,74,0,0.0181969530454661,0.039088941737438564
119,ETCH-03,75,0,0.014850296609681698,0.04437008152720019
119,ETCH-03,76,0,0.042760373192910754,0.05032736359376719
119,ETCH-03,77,0,0.025579707195053293,0.05703675238884091
119,ETCH-03,78,0,0.07892581821157987,0.06457977754644699
119,ETCH-03,79,0,0.07040333426673484,0.0730430847594295
119,ETCH-03,80,0,0.13012366194152675,0.08251768338556707
119,ETCH-03,81,0,0.07603847689680418,0.0930978250513127
119,ETCH-03,82,0,0.14955988386978747,0.10487944683337558
119,ETCH-03,83,0,0.13096821546820078,0.11795811761829424
119,ETCH-03,84,0,0.15156249700420726,0.13242643923984326
119,ETCH-03,85,0,0.14259988239085347,0.14837087732351398
119,ETCH-03,86,0,0.1650732211796718,0.16586803246727091
119,ETCH-03,87,0,0.14757289140643584,0.18498041161474152
119,ETCH-03,88,0,0.20241178924432016,0.20575182176004442
119,ETCH-03,89,0,0.16737318116431113,0.22820258054495718
119,ETCH-03,90,0,0.19873411208908578,0.2523248147932473
119,ETCH-03,91,0,0.2639531887194776,0.27807818901596076
119,ETCH-03,92,0,0.30672476002393817,0.3053864587751017
119,ETCH-03,93,0,0.30381344504886615,0.3341352642068455
119,ETCH-03,94,1,0.33002191562476807,0.36417155355279246
119,ETCH-03,95,1,0.3676997597637409,0.39530494610209993
119,ETCH-03,96,1,0.4821177823303763,0.4273112072867518
119,ETCH-03,97,1,0.40944607519314385,0.4599378251834118
119,ETCH-03,98,1,0.5723116320738095,0.4929114679615276
119,ETCH-03,100,0,0.027835339524471314,0.0016994860506774087
119,ETCH-03,101,0,0.012600491106838405,0.0019392912392089338
119,ETCH-03,102,0,0.011167254352812305,0.0022128590219960454
119,ETCH-03,103,0,0.007843684209850993,0.0025249202500988777
119,ETCH-03,104,0,0.006775054109092908,0.0028808618349007884
119,ETCH-03,105,0,0.006379250658477539,0.0032868156672249548
119,ETCH-03,106,0,0.007545688820670045,0.003749758964263824
119,ETCH-03,107,0,0.007269988934541426,0.004277627322091259
119,ETCH-03,108,0,0.008146482665824153,0.0048794418338637
119,ETCH-03,109,0,0.00936265242389561,0.0055654516999249035
119,ETCH-03,110,0,0.00788065759224808,0.006347293796070979
119,ETCH-03,111,0,0.008235616513884254,0.007238170667111699
119,ETCH-03,112,0,0.007787923213585018,0.008253048357386826
119,ETCH-03,113,0,0.014466652415011397,0.009408875355785535
119,ETCH-03,114,0,0.014441861234397427,0.010724823691580595
119,ETCH-03,115,0,0.01594374288014989,0.01222255283306718
119,ETCH-03,116,0,0.03454129461609945,0.013926496468851147
119,ETCH-03,117,0,0.013876748510312753,0.015864171436888105
119,ETCH-03,118,0,0.012746225855005696,0.018066506943209912
119,ETCH-03,119,0,0.012443817003851151,0.020568190703359905
119,ETCH-03,120,0,0.012826967859133245,0.0234080266566112
119,ETCH-03,121,0,0.013543386615753671,0.026629296349067525
119,ETCH-03,122,0,0.012958666662789876,0.03028011285587452
119,ETCH-03,123,0,0.03210623639419283,0.03441375211893017
119,ETCH-03,124,0,0.014413813638756698,0.039088941737438564
119,ETCH-03,125,0,0.013298167776690734,0.04437008152720019
119,ETCH-03,126,0,0.01392060277009378,0.05032736359376719
119,ETCH-03,127,0,0.0723220920631508,0.05703675238884091
119,ETCH-03,128,0,0.03959246415424061,0.06457977754644699
119,ETCH-03,129,0,0.03640532263227953,0.0730430847594295
119,ETCH-03,130,0,0.057481319765985674,0.08251768338556707
119,ETCH-03,131,0,0.0901526862294383,0.0930978250513127
119,ETCH-03,132,0,0.10246123805852296,0.10487944683337558
119,ETCH-03,133,1,0.1385893138700688,0.11795811761829424
119,ETCH-03,134,1,0.16048104426197496,0.13242643923984326
119,ETCH-03,135,1,0.14199016524749813,0.14837087732351398
119,ETCH-03,136,1,0.2005162338071688,0.16586803246727091
119,ETCH-03,137,1,0.19346107702500598,0.18498041161474152
119,ETCH-03,139,0,0.00866612112865996,0.0016994860506774087
119,ETCH-03,140,0,0.007119902382878679,0.0019392912392089338
119,ETCH-03,141,0,0.01136084316619672,0.0022128590219960454
119,ETCH-03,142,0,0.006586744460401785,0.0025249202500988777
119,ETCH-03,143,0,0.006869792075736274,0.0028808618349007884
119,ETCH-03,144,0,0.00664148329970804,0.0032868156672249548
119,ETCH-03,145,0,0.006942750829369984,0.003749758964263824
119,ETCH-03,146,0,0.00678475077448735,0.004277627322091259
119,ETCH-03,147,0,0.007758519233525512,0.0048794418338637
119,ETCH-03,148,0,0.00720843362162228,0.0055654516999249035
119,ETCH-03,149,0,0.012739535418611761,0.006347293796070979
119,ETCH-03,150,0,0.007625040403430499,0.007238170667111699
119,ETCH-03,151,0,0.01177012268515471,0.008253048357386826
119,ETCH-03,152,0,0.0136528870973058,0.009408875355785535
119,ETCH-03,153,0,0.014121356024676212,0.010724823691580595
119,ETCH-03,154,0,0.0184669728820391,0.01222255283306718
119,ETCH-03,155,0,0.011434688709398996,0.013926496468851147
119,ETCH-03,156,0,0.014539662665968928,0.015864171436888105
119,ETCH-03,157,0,0.014016653321693712,0.018066506943209912
119,ETCH-03,158,0,0.016054292696167594,0.020568190703359905
119,ETCH-03,159,0,0.012907199853317267,0.0234080266566112
119,ETCH-03,160,0,0.013615745920446199,0.026629296349067525
119,ETCH-03,161,0,0.014852015192801386,0.03028011285587452
119,ETCH-03,162,0,0.013159161796765923,0.03441375211893017
119,ETCH-03,163,0,0.022214241627326506,0.039088941737438564
119,ETCH-03,164,0,0.04204419188747764,0.04437008152720019
119,ETCH-03,165,0,0.048188802407160794,0.05032736359376719
119,ETCH-03,166,0,0.04778432868975703,0.05703675238884091
119,ETCH-03,167,0,0.10457536750594329,0.06457977754644699
119,ETCH-03,168,0,0.07035830004568608,0.0730430847594295
119,ETCH-03,169,0,0.12580899907657922,0.08251768338556707
119,ETCH-03,170,0,0.11279143203883754,0.0930978250513127
119,ETCH-03,171,0,0.12664062979637142,0.10487944683337558
119,ETCH-03,172,0,0.10792431054735904,0.11795811761829424
119,ETCH-03,173,0,0.1378552609990409,0.13242643923984326
119,ETCH-03,174,0,0.11950122513384395,0.14837087732351398
119,ETCH-03,175,0,0.12219569086423898,0.16586803246727091
119,ETCH-03,176,0,0.15384601738282694,0.18498041161474152
119,ETCH-03,177,0,0.1998744509144944,0.20575182176004442
119,ETCH-03,178,1,0.2027730926743348,0.22820258054495718
119,ETCH-03,179,1,0.21561746712824692,0.2523248147932473
119,ETCH-03,180,1,0.26375938943320926,0.27807818901596076
119,ETCH-03,181,1,0.2770197593807833,0.3053864587751017
119,ETCH-03,182,1,0.2389208168591935,0.3341352642068455
119,ETCH-03,184,0,0.007152496397159751,0.0016994860506774087
119,ETCH-03,185,0,0.008376237412277526,0.0019392912392089338
119,ETCH-03,186,0,0.011709694026890805,0.0022128590219960454
119,ETCH-03,187,0,0.006309010454535542,0.0025249202500988777
119,ETCH-03,188,0,0.006409918285953088,0.0028808618349007884
119,ETCH-03,189,0,0.007341265109364356,0.0032868156672249548
119,ETCH-03,190,0,0.006530543640592179,0.003749758964263824
119,ETCH-03,191,0,0.006704594493547074,0.004277627322091259
119,ETCH-03,192,0,0.0076279949482714205,0.0048794418338637
119,ETCH-03,193,0,0.007010096773549565,0.0055654516999249035
119,ETCH-03,194,0,0.010430613033591305,0.006347293796070979
119,ETCH-03,195,0,0.01002552228968622,0.007238170667111699
119,ETCH-03,196,0,0.010643414476892219,0.008253048357386826
119,ETCH-03,197,0,0.01231388700847404,0.009408875355785535
119,ETCH-03,198,0,0.01444894264818009,0.010724823691580595
119,ETCH-03,199,0,0.016340098841961002,0.01222255283306718
119,ETCH-03,200,0,0.014238701051532382,0.013926496468851147
119,ETCH-03,201,0,0.013748381040618127,0.015864171436888105
119,ETCH-03,202,0,0.014899701227521355,0.018066506943209912
119,ETCH-03,203,0,0.013506321994613085,0.020568190703359905
119,ETCH-03,204,0,0.021517843118000556,0.0234080266566112
119,ETCH-03,205,0,0.013436951172492509,0.026629296349067525
119,ETCH-03,206,0,0.012428202861063867,0.03028011285587452
119,ETCH-03,207,0,0.013189136912603133,0.03441375211893017
119,ETCH-03,208,0,0.054251921507271775,0.039088941737438564
119,ETCH-03,209,0,0.020157320210052378,0.04437008152720019
119,ETCH-03,210,0,0.018542410965967693,0.05032736359376719
119,ETCH-03,211,0,0.02493776190900754,0.05703675238884091
119,ETCH-03,212,0,0.09632068405583646,0.06457977754644699
119,ETCH-03,213,0,0.060760972278542824,0.0730430847594295
119,ETCH-03,214,0,0.11102852157930794,0.08251768338556707
119,ETCH-03,215,0,0.06177794499140028,0.0930978250513127
119,ETCH-03,216,0,0.12396668299756546,0.10487944683337558
119,ETCH-03,217,0,0.15176406381224927,0.11795811761829424
119,ETCH-03,218,1,0.17724302586004323,0.13242643923984326
119,ETCH-03,219,1,0.1303699950310446,0.14837087732351398
119,ETCH-03,220,1,0.1291107106950505,0.16586803246727091
119,ETCH-03,221,1,0.26401777441159846,0.18498041161474152
119,ETCH-03,222,1,0.16065980782061384,0.20575182176004442
119,ETCH-03,224,0,0.006990493815176009,0.0016994860506774087
119,ETCH-03,225,0,0.015351842960298895,0.0019392912392089338
119,ETCH-03,226,0,0.007214933932044426,0.0022128590219960454
119,ETCH-03,227,0,0.007375161977199891,0.0025249202500988777
119,ETCH-03,228,0,0.006711524881655798,0.0028808618349007884
119,ETCH-03,229,0,0.006624767191122344,0.0032868156672249548
119,ETCH-03,230,0,0.007011326575322536,0.003749758964263824
119,ETCH-03,231,0,0.006434318708051083,0.004277627322091259
119,ETCH-03,232,0,0.006809773292243061,0.0048794418338637
119,ETCH-03,233,1,0.006402878864600272,0.0055654516999249035
119,ETCH-03,234,1,0.0073988543269332355,0.006347293796070979
119,ETCH-03,235,1,0.01249727233351395,0.007238170667111699
119,ETCH-03,236,1,0.011577413842354788,0.008253048357386826
119,ETCH-03,237,1,0.010887773293653149,0.009408875355785535
119,ETCH-04,0,0,0.011853264912065592,0.0016994860506774087
119,ETCH-04,1,0,0.01345270313055397,0.0019392912392089338
119,ETCH-04,2,0,0.009141643680288148,0.0022128590219960454
119,ETCH-04,3,0,0.045809765481895526,0.0025249202500988777
119,ETCH-04,4,0,0.009739954587116895,0.0028808618349007884
119,ETCH-04,5,0,0.015504854969901782,0.0032868156672249548
119,ETCH-04,6,0,0.008809890021077595,0.003749758964263824
119,ETCH-04,7,0,0.008616019005296861,0.004277627322091259
119,ETCH-04,8,0,0.009037658011256293,0.0048794418338637
119,ETCH-04,9,0,0.009305907394976814,0.0055654516999249035
119,ETCH-04,10,0,0.012737153608627576,0.006347293796070979
119,ETCH-04,11,0,0.012919524197140209,0.007238170667111699
119,ETCH-04,12,0,0.011823884247719173,0.008253048357386826
119,ETCH-04,13,0,0.02047133649509713,0.009408875355785535
119,ETCH-04,14,0,0.010129357434570342,0.010724823691580595
119,ETCH-04,15,0,0.014192101067169772,0.01222255283306718
119,ETCH-04,16,0,0.009253260602049023,0.013926496468851147
119,ETCH-04,17,0,0.014555117151600525,0.015864171436888105
119,ETCH-04,18,0,0.012123508088633456,0.018066506943209912
119,ETCH-04,19,0,0.049530840667242296,0.020568190703359905
119,ETCH-04,20,0,0.016160467484013268,0.0234080266566112
119,ETCH-04,21,0,0.036952380093103004,0.026629296349067525
119,ETCH-04,22,0,0.042562781909116096,0.03028011285587452
119,ETCH-04,23,0,0.00991094836778881,0.03441375211893017
119,ETCH-04,24,0,0.011105868988138317,0.039088941737438564
119,ETCH-04,25,0,0.04943250623661938,0.04437008152720019
119,ETCH-04,26,0,0.012126341973743102,0.05032736359376719
119,ETCH-04,27,0,0.07392670191955383,0.05703675238884091
119,ETCH-04,28,0,0.03929466170493641,0.06457977754644699
119,ETCH-04,29,0,0.05692385746738773,0.0730430847594295
119,ETCH-04,30,0,0.03133724565316043,0.08251768338556707
119,ETCH-04,31,0,0.07339746406007022,0.0930978250513127
119,ETCH-04,32,0,0.08452373226623408,0.10487944683337558
119,ETCH-04,33,0,0.10515270272028418,0.11795811761829424
119,ETCH-04,34,0,0.10010196650596022,0.13242643923984326
119,ETCH-04,35,0,0.1481672452251788,0.14837087732351398
119,ETCH-04,36,0,0.113729165593798,0.16586803246727091
119,ETCH-04,37,0,0.1557621907432302,0.18498041161474152
119,ETCH-04,38,0,0.14414805307762882,0.20575182176004442
119,ETCH-04,39,0,0.18491617869749077,0.22820258054495718
119,ETCH-04,40,0,0.18767950421173554,0.2523248147932473
119,ETCH-04,41,0,0.3767717806306835,0.27807818901596076
119,ETCH-04,42,1,0.27821472105330486,0.3053864587751017
119,ETCH-04,43,1,0.33757102075065465,0.3341352642068455
119,ETCH-04,44,1,0.35604931559076725,0.36417155355279246
119,ETCH-04,45,1,0.4841113214588618,0.39530494610209993
119,ETCH-04,46,1,0.42637877934615115,0.4273112072867518
119,ETCH-04,48,0,0.012004024985688243,0.0016994860506774087
119,ETCH-04,49,0,0.008739267761363672,0.0019392912392089338
119,ETCH-04,50,0,0.00900195107062907,0.0022128590219960454
119,ETCH-04,51,0,0.00897057635241904,0.0025249202500988777
119,ETCH-04,52,0,0.00911158167644896,0.0028808618349007884
119,ETCH-04,53,0,0.008415436727074378,0.0032868156672249548
119,ETCH-04,54,0,0.008533624680484115,0.003749758964263824
119,ETCH-04,55,0,0.008418828417544225,0.004277627322091259
119,ETCH-04,56,0,0.00932851038639642,0.0048794418338637
119,ETCH-04,57,0,0.010203128919059236,0.0055654516999249035
119,ETCH-04,58,0,0.009390703690058632,0.006347293796070979
119,ETCH-04,59,0,0.020050174676238236,0.007238170667111699
119,ETCH-04,60,0,0.013379479678089579,0.008253048357386826
119,ETCH-04,61,0,0.011482520369811313,0.009408875355785535
119,ETCH-04,62,0,0.014050181757178778,0.010724823691580595
119,ETCH-04,63,0,0.0115210553120812,0.01222255283306718
119,ETCH-04,64,0,0.05558173415203932,0.013926496468851147
119,ETCH-04,65,0,0.014714321285821393,0.015864171436888105
119,ETCH-04,66,0,0.015251425076630572,0.018066506943209912
119,ETCH-04,67,0,0.010922747858690128,0.020568190703359905
119,ETCH-04,68,0,0.014492556272792376,0.0234080266566112
119,ETCH-04,69,0,0.014154997742360207,0.026629296349067525
119,ETCH-04,70,0,0.01893229659491146,0.03028011285587452
119,ETCH-04,71,0,0.030420942547279846,0.03441375211893017
119,ETCH-04,72,0,0.07373472481295215,0.039088941737438564
119,ETCH-04,73,0,0.036341794055214136,0.04437008152720019
119,ETCH-04,74,0,0.042091909197162644,0.05032736359376719
119,ETCH-04,75,0,0.032731262105559114,0.05703675238884091
119,ETCH-04,76,0,0.06083132870798162,0.06457977754644699
119,ETCH-04,77,0,0.06097487146111795,0.0730430847594295
119,ETCH-04,78,0,0.06077929967396114,0.08251768338556707
119,ETCH-04,79,0,0.08095118780537465,0.0930978250513127
119,ETCH-04,80,0,0.0911703695717376,0.10487944683337558
119,ETCH-04,81,0,0.13969501058101821,0.11795811761829424
119,ETCH-04,82,0,0.10250109327291956,0.13242643923984326
119,ETCH-04,83,0,0.11749238251637598,0.14837087732351398
119,ETCH-04,84,0,0.11990182481473906,0.16586803246727091
119,ETCH-04,85,0,0.17450442416291814,0.18498041161474152
119,ETCH-04,86,0,0.16858783869914698,0.20575182176004442
119,ETCH-04,87,1,0.2603637147025467,0.22820258054495718
119,ETCH-04,88,1,0.23749528688892227,0.2523248147932473
119,ETCH-04,89,1,0.3280679286696401,0.27807818901596076
119,ETCH-04,90,1,0.25683139465485777,0.3053864587751017
119,ETCH-04,91,1,0.2927077879491765,0.3341352642068455
119,ETCH-04,93,0,0.01969007495982977,0.0016994860506774087
119,ETCH-04,94,0,0.02657445991613987,0.0019392912392089338
119,ETCH-04,95,0,0.013583450675244125,0.0022128590219960454
119,ETCH-04,96,0,0.009019168701483064,0.0025249202500988777
119,ETCH-04,97,0,0.009176667442939584,0.0028808618349007884
119,ETCH-04,98,0,0.008782582264217947,0.0032868156672249548
119,ETCH-04,99,0,0.030116654062752102,0.003749758964263824
119,ETCH-04,100,0,0.009011109256443061,0.004277627322091259
119,ETCH-04,101,0,0.009600655367674496,0.0048794418338637
119,ETCH-04,102,0,0.009317237303663127,0.0055654516999249035
119,ETCH-04,103,0,0.009866109543728019,0.006347293796070979
119,ETCH-04,104,0,0.01049943652558055,0.007238170667111699
119,ETCH-04,105,0,0.010317273062009313,0.008253048357386826
119,ETCH-04,106,0,0.011468267435045492,0.009408875355785535
119,ETCH-04,107,0,0.011103627269457472,0.010724823691580595
119,ETCH-04,108,0,0.02022430048536344,0.01222255283306718
119,ETCH-04,109,0,0.012894570286118337,0.013926496468851147
119,ETCH-04,110,0,0.010210658277218933,0.015864171436888105
119,ETCH-04,111,0,0.03440391825575618,0.018066506943209912
119,ETCH-04,112,0,0.010741320222067877,0.020568190703359905
119,ETCH-04,113,0,0.010325801267981875,0.0234080266566112
119,ETCH-04,114,0,0.01656724867984702,0.026629296349067525
119,ETCH-04,115,0,0.02202153658760662,0.03028011285587452
119,ETCH-04,116,0,0.03006971623334865,0.03441375211893017
119,ETCH-04,117,0,0.014918957068710378,0.039088941737438564
119,ETCH-04,118,0,0.03299096366160072,0.04437008152720019
119,ETCH-04,119,0,0.05205416897189032,0.05032736359376719
119,ETCH-04,120,0,0.012073960994767104,0.05703675238884091
119,ETCH-04,121,0,0.09826920613282678,0.06457977754644699
119,ETCH-04,122,0,0.04667808171841481,0.0730430847594295
119,ETCH-04,123,0,0.05960236389551983,0.08251768338556707
119,ETCH-04,124,0,0.06079276140793899,0.0930978250513127
119,ETCH-04,125,0,0.07910992236699652,0.10487944683337558
119,ETCH-04,126,0,0.09808395550423082,0.11795811761829424
119,ETCH-04,127,0,0.11713860532150237,0.13242643923984326
119,ETCH-04,128,0,0.10855110532308683,0.14837087732351398
119,ETCH-04,129,0,0.14341482655392856,0.16586803246727091
119,ETCH-04,130,0,0.21373324722775874,0.18498041161474152
119,ETCH-04,131,0,0.1579821242711836,0.20575182176004442
119,ETCH-04,132,0,0.3002684758210493,0.22820258054495718
119,ETCH-04,133,0,0.243018595411719,0.2523248147932473
119,ETCH-04,134,0,0.331450660228104,0.27807818901596076
119,ETCH-04,135,0,0.3802016819514083,0.3053864587751017
119,ETCH-04,136,0,0.3208429752194638,0.3341352642068455
119,ETCH-04,137,0,0.35282935224709566,0.36417155355279246
119,ETCH-04,138,1,0.39838088938174043,0.39530494610209993
119,ETCH-04,139,1,0.43652340330179634,0.4273112072867518
119,ETCH-04,140,1,0.43157888016744483,0.4599378251834118
119,ETCH-04,141,1,0.6392376556892686,0.4929114679615276
119,ETCH-04,142,1,0.6284223758580954,0.5259468953695469
119,ETCH-04,144,0,0.013599242976022868,0.0016994860506774087
119,ETCH-04,145,0,0.014173343866077534,0.0019392912392089338
119,ETCH-04,146,0,0.016726609561664614,0.0022128590219960454
119,ETCH-04,147,0,0.011820781969207026,0.0025249202500988777
119,ETCH-04,148,0,0.009959973273584251,0.0028808618349007884
119,ETCH-04,149,0,0.01741253473603529,0.0032868156672249548
119,ETCH-04,150,0,0.01140788664773797,0.003749758964263824
119,ETCH-04,151,0,0.009142255689534981,0.004277627322091259
119,ETCH-04,152,0,0.008271824218808383,0.0048794418338637
119,ETCH-04,153,0,0.009777580620962933,0.0055654516999249035
119,ETCH-04,154,0,0.02692497899001539,0.006347293796070979
119,ETCH-04,155,0,0.0322121149754922,0.007238170667111699
119,ETCH-04,156,0,0.010321411145389628,0.008253048357386826
119,ETCH-04,157,0,0.009272551072004418,0.009408875355785535
119,ETCH-04,158,0,0.01203078959696049,0.010724823691580595
119,ETCH-04,159,0,0.010652077915468768,0.01222255283306718
119,ETCH-04,160,0,0.011748686655730516,0.013926496468851147
119,ETCH-04,161,0,0.021524993273327582,0.015864171436888105
119,ETCH-04,162,0,0.008009511137232682,0.018066506943209912
119,ETCH-04,163,0,0.01532300805824203,0.020568190703359905
119,ETCH-04,164,0,0.03068046501243833,0.0234080266566112
119,ETCH-04,165,0,0.022533381750799383,0.026629296349067525
119,ETCH-04,166,0,0.011052061228112853,0.03028011285587452
119,ETCH-04,167,0,0.017522636358022925,0.03441375211893017
119,ETCH-04,168,0,0.05014095326470615,0.039088941737438564
119,ETCH-04,169,0,0.0143976212542542,0.04437008152720019
119,ETCH-04,170,0,0.009056161041069282,0.05032736359376719
119,ETCH-04,171,0,0.088908144098535,0.05703675238884091
119,ETCH-04,172,0,0.03316613862538863,0.06457977754644699
119,ETCH-04,173,0,0.07286881546781332,0.0730430847594295
119,ETCH-04,174,0,0.06976327725563605,0.08251768338556707
119,ETCH-04,175,0,0.07337279108634723,0.0930978250513127
119,ETCH-04,176,0,0.07100611587924344,0.10487944683337558
119,ETCH-04,177,0,0.1095529265088085,0.11795811761829424
119,ETCH-04,178,0,0.14413044646965684,0.13242643923984326
119,ETCH-04,179,0,0.12394746818718372,0.14837087732351398
119,ETCH-04,180,0,0.1722632882499439,0.16586803246727091
119,ETCH-04,181,0,0.1773382802353679,0.18498041161474152
119,ETCH-04,182,0,0.1824786775188959,0.20575182176004442
119,ETCH-04,183,0,0.17855589406176225,0.22820258054495718
119,ETCH-04,184,0,0.2979333977949489,0.2523248147932473
119,ETCH-04,185,0,0.32631539913331986,0.27807818901596076
119,ETCH-04,186,0,0.2962587148364021,0.3053864587751017
119,ETCH-04,187,0,0.34618767561651487,0.3341352642068455
119,ETCH-04,188,1,0.368418984948663,0.36417155355279246
119,ETCH-04,189,1,0.5021475951925246,0.39530494610209993
119,ETCH-04,190,1,0.5280251913335289,0.4273112072867518
119,ETCH-04,191,1,0.4317746346060602,0.4599378251834118
119,ETCH-04,192,1,0.7014492378981991,0.4929114679615276
119,ETCH-04,194,0,0.051974540995934314,0.0016994860506774087
119,ETCH-04,195,0,0.010383781987022337,0.0019392912392089338
119,ETCH-04,196,0,0.009188236473382062,0.0022128590219960454
119,ETCH-04,197,0,0.029759037852933802,0.0025249202500988777
119,ETCH-04,198,0,0.02762596290122361,0.0028808618349007884
119,ETCH-04,199,0,0.031230698100784306,0.0032868156672249548
119,ETCH-04,200,0,0.008179790203810985,0.003749758964263824
119,ETCH-04,201,0,0.04116001953544007,0.004277627322091259
119,ETCH-04,202,0,0.009186219348290652,0.0048794418338637
119,ETCH-04,203,0,0.008955796804294184,0.0055654516999249035
119,ETCH-04,204,0,0.008642487753322811,0.006347293796070979
119,ETCH-04,205,0,0.010727462839669005,0.007238170667111699
119,ETCH-04,206,0,0.03212307971618443,0.008253048357386826
119,ETCH-04,207,0,0.01443967739068763,0.009408875355785535
119,ETCH-04,208,0,0.010862879751319155,0.010724823691580595
119,ETCH-04,209,0,0.01229462933075007,0.01222255283306718
119,ETCH-04,210,0,0.036091076338582474,0.013926496468851147
119,ETCH-04,211,0,0.01195979143502868,0.015864171436888105
119,ETCH-04,212,0,0.012932922676194433,0.018066506943209912
119,ETCH-04,213,0,0.01091395101586876,0.020568190703359905
119,ETCH-04,214,0,0.01824740369449263,0.0234080266566112
119,ETCH-04,215,0,0.03184575098306817,0.026629296349067525
119,ETCH-04,216,0,0.011825388972288508,0.03028011285587452
119,ETCH-04,217,0,0.035344048270012404,0.03441375211893017
119,ETCH-04,218,0,0.02215470910998057,0.039088941737438564
119,ETCH-04,219,0,0.009816832813292087,0.04437008152720019
119,ETCH-04,220,0,0.009081296125068557,0.05032736359376719
119,ETCH-04,221,0,0.021551420326848272,0.05703675238884091
119,ETCH-04,222,0,0.02231807641223013,0.06457977754644699
119,ETCH-04,223,0,0.015009292111586919,0.0730430847594295
119,ETCH-04,224,0,0.09242801401391723,0.08251768338556707
119,ETCH-04,225,0,0.07022581038152054,0.0930978250513127
119,ETCH-04,226,0,0.07537572038475608,0.10487944683337558
119,ETCH-04,227,0,0.11005365763763386,0.11795811761829424
119,ETCH-04,228,0,0.12424485279544703,0.13242643923984326
119,ETCH-04,229,0,0.13022648125771913,0.14837087732351398
119,ETCH-04,230,0,0.1549219194393041,0.16586803246727091
119,ETCH-04,231,0,0.18353364085656487,0.18498041161474152
119,ETCH-04,232,1,0.12938066865573014,0.20575182176004442
119,ETCH-04,233,1,0.27131477186117847,0.22820258054495718
119,ETCH-04,234,1,0.26863357117025066,0.2523248147932473
119,ETCH-04,235,1,0.25295484681835684,0.27807818901596076
119,ETCH-04,236,1,0.3311850543721106,0.3053864587751017
120,ETCH-01,0,0,0.013895845197456258,0.0016994860506774087
120,ETCH-01,1,0,0.013630253024633363,0.0019392912392089338
120,ETCH-01,2,0,0.010708174013433117,0.0022128590219960454
120,ETCH-01,3,0,0.02133691215966355,0.0025249202500988777
120,ETCH-01,4,0,0.010405077801129979,0.0028808618349007884
120,ETCH-01,5,0,0.010398970146277792,0.0032868156672249548
120,ETCH-01,6,0,0.010372724649797074,0.003749758964263824
120,ETCH-01,7,0,0.009947811858056177,0.004277627322091259
120,ETCH-01,8,0,0.00915873702257117,0.0048794418338637
120,ETCH-01,9,0,0.012275124045301651,0.0055654516999249035
120,ETCH-01,10,0,0.019508195535400487,0.006347293796070979
120,ETCH-01,11,0,0.011704170447626967,0.007238170667111699
120,ETCH-01,12,0,0.010723036021069735,0.008253048357386826
120,ETCH-01,13,0,0.01071997314992804,0.009408875355785535
120,ETCH-01,14,0,0.010989160682931919,0.010724823691580595
120,ETCH-01,15,0,0.011338532802121524,0.01222255283306718
120,ETCH-01,16,0,0.010555838580020044,0.013926496468851147
120,ETCH-01,17,0,0.01422864092115,0.015864171436888105
120,ETCH-01,18,0,0.015479799393787103,0.018066506943209912
120,ETCH-01,19,0,0.01555800757962095,0.020568190703359905
120,ETCH-01,20,0,0.014878137136415007,0.0234080266566112
120,ETCH-01,21,0,0.016516744075705036,0.026629296349067525
120,ETCH-01,22,0,0.015958522770422548,0.03028011285587452
120,ETCH-01,23,0,0.015448190965250966,0.03441375211893017
120,ETCH-01,24,0,0.05132144635535486,0.039088941737438564
120,ETCH-01,25,0,0.02099631782819769,0.04437008152720019
120,ETCH-01,26,0,0.031167666357939428,0.05032736359376719
120,ETCH-01,27,0,0.08097871350227911,0.05703675238884091
120,ETCH-01,28,0,0.04041059036738211,0.06457977754644699
120,ETCH-01,29,0,0.07443197847562574,0.0730430847594295
120,ETCH-01,30,1,0.042482201802830535,0.08251768338556707
120,ETCH-01,31,1,0.08543995211128161,0.0930978250513127
120,ETCH-01,32,1,0.06956360214988364,0.10487944683337558
120,ETCH-01,33,1,0.09503571477842207,0.11795811761829424
120,ETCH-01,34,1,0.10302405342572751,0.13242643923984326
120,ETCH-01,36,0,0.01177652727943386,0.0016994860506774087
120,ETCH-01,37,0,0.01835918815136653,0.0019392912392089338
120,ETCH-01,38,0,0.011463713839092919,0.0022128590219960454
120,ETCH-01,39,0,0.013256881525946802,0.0025249202500988777
120,ETCH-01,40,0,0.00952884743787789,0.0028808618349007884
120,ETCH-01,41,0,0.011512106176500989,0.0032868156672249548
120,ETCH-01,42,0,0.011169769042418624,0.003749758964263824
120,ETCH-01,43,0,0.009990223414639,0.004277627322091259
120,ETCH-01,44,0,0.009118417259374446,0.0048794418338637
120,ETCH-01,45,0,0.01090100954768936,0.0055654516999249035
120,ETCH-01,46,0,0.008830485344299734,0.006347293796070979
120,ETCH-01,47,0,0.011968672155740793,0.007238170667111699
120,ETCH-01,48,0,0.012091592177225755,0.008253048357386826
120,ETCH-01,49,0,0.012143617980191954,0.009408875355785535
120,ETCH-01,50,0,0.013538240364855281,0.010724823691580595
120,ETCH-01,51,0,0.0129702329168512,0.01222255283306718
120,ETCH-01,52,0,0.015886289234378865,0.013926496468851147
120,ETCH-01,53,0,0.015565676885469216,0.015864171436888105
120,ETCH-01,54,0,0.017185945013672415,0.018066506943209912
120,ETCH-01,55,0,0.014106372526954708,0.020568190703359905
120,ETCH-01,56,0,0.01867211495873333,0.0234080266566112
120,ETCH-01,57,0,0.015526903477245774,0.026629296349067525
120,ETCH-01,58,0,0.010962991593124064,0.03028011285587452
120,ETCH-01,59,0,0.017430079019513725,0.03441375211893017
120,ETCH-01,60,0,0.025426290419479258,0.039088941737438564
120,ETCH-01,61,0,0.02713509955252305,0.04437008152720019
120,ETCH-01,62,0,0.03193746202584858,0.05032736359376719
120,ETCH-01,63,0,0.05099963481433269,0.05703675238884091
120,ETCH-01,64,0,0.04801760052802763,0.06457977754644699
120,ETCH-01,65,0,0.045091256142157074,0.0730430847594295
120,ETCH-01,66,0,0.07077315954566939,0.08251768338556707
120,ETCH-01,67,0,0.0711906181684294,0.0930978250513127
120,ETCH-01,68,0,0.09298914817733119,0.10487944683337558
120,ETCH-01,69,0,0.1182844816763644,0.11795811761829424
120,ETCH-01,70,0,0.12184918089290657,0.13242643923984326
120,ETCH-01,71,0,0.12550298106753185,0.14837087732351398
120,ETCH-01,72,0,0.2157778400967517,0.16586803246727091
120,ETCH-01,73,0,0.2480821576424419,0.18498041161474152
120,ETCH-01,74,0,0.22942789766503777,0.20575182176004442
120,ETCH-01,75,0,0.2574348034734409,0.22820258054495718
120,ETCH-01,76,0,0.33045583106814597,0.2523248147932473
120,ETCH-01,77,0,0.33167545557855305,0.27807818901596076
120,ETCH-01,78,0,0.2666848888424474,0.3053864587751017
120,ETCH-01,79,0,0.4163720090693455,0.3341352642068455
120,ETCH-01,80,0,0.48731741524540595,0.36417155355279246
120,ETCH-01,81,0,0.3494954009528519,0.39530494610209993
120,ETCH-01,82,0,0.576214425730194,0.4273112072867518
120,ETCH-01,83,0,0.396587621408065,0.4599378251834118
120,ETCH-01,84,0,0.5099758598254025,0.4929114679615276
120,ETCH-01,85,1,0.5878541189301533,0.5259468953695469
120,ETCH-01,86,1,0.5691094150175298,0.5587567272733381
120,ETCH-01,87,1,0.6503509058336587,0.5910613681203879
120,ETCH-01,88,1,0.6562126658724206,0.6225983669619332
120,ETCH-01,89,1,0.6793104475188123,0.6531305618913489
120,ETCH-01,91,0,0.012718705228307692,0.0016994860506774087
120,ETCH-01,92,0,0.008945257471611567,0.0019392912392089338
120,ETCH-01,93,0,0.011771408430541933,0.0022128590219960454
120,ETCH-01,94,0,0.009675530967069157,0.0025249202500988777
120,ETCH-01,95,0,0.010130358261776787,0.0028808618349007884
120,ETCH-01,96,0,0.01048345125910257,0.0032868156672249548
120,ETCH-01,97,0,0.014548996126766717,0.003749758964263824
120,ETCH-01,98,0,0.009149969376801941,0.004277627322091259
120,ETCH-01,99,0,0.010364458513766685,0.0048794418338637
120,ETCH-01,100,0,0.009163725261105246,0.0055654516999249035
120,ETCH-01,101,0,0.011444458109623608,0.006347293796070979
120,ETCH-01,102,0,0.011950944320768622,0.007238170667111699
120,ETCH-01,103,0,0.015313795108184156,0.008253048357386826
120,ETCH-01,104,0,0.014043058482192793,0.009408875355785535
120,ETCH-01,105,0,0.00967930928872198,0.010724823691580595
120,ETCH-01,106,0,0.014937561689619568,0.01222255283306718
120,ETCH-01,107,0,0.03956856034467603,0.013926496468851147
120,ETCH-01,108,0,0.016103728145920586,0.015864171436888105
120,ETCH-01,109,0,0.01427438467370406,0.018066506943209912
120,ETCH-01,110,0,0.01674133402169131,0.020568190703359905
120,ETCH-01,111,0,0.02145024235469013,0.0234080266566112
120,ETCH-01,112,0,0.01589272303676514,0.026629296349067525
120,ETCH-01,113,0,0.015917582734161145,0.03028011285587452
120,ETCH-01,114,0,0.018875630320505366,0.03441375211893017
120,ETCH-01,115,0,0.01831339359790321,0.039088941737438564
120,ETCH-01,116,0,0.013864682010629112,0.04437008152720019
120,ETCH-01,117,0,0.01557894404599689,0.05032736359376719
120,ETCH-01,118,0,0.04674624724340463,0.05703675238884091
120,ETCH-01,119,0,0.07832454070792684,0.06457977754644699
120,ETCH-01,120,0,0.03802561957626484,0.0730430847594295
120,ETCH-01,121,0,0.03873270602591912,0.08251768338556707
120,ETCH-01,122,0,0.08008931771517683,0.0930978250513127
120,ETCH-01,123,0,0.07913993693286345,0.10487944683337558
120,ETCH-01,124,0,0.14325399038665293,0.11795811761829424
120,ETCH-01,125,0,0.1071504134465392,0.13242643923984326
120,ETCH-01,126,0,0.15562150332498256,0.14837087732351398
120,ETCH-01,127,0,0.13172253665347852,0.16586803246727091
120,ETCH-01,128,0,0.2009143316412047,0.18498041161474152
120,ETCH-01,129,0,0.26524159521159424,0.20575182176004442
120,ETCH-01,130,0,0.1386067821812425,0.22820258054495718
120,ETCH-01,131,0,0.24357560811363488,0.2523248147932473
120,ETCH-01,132,0,0.27711074111289563,0.27807818901596076
120,ETCH-01,133,0,0.29929609890317044,0.3053864587751017
120,ETCH-01,134,0,0.3106728296146906,0.3341352642068455
120,ETCH-01,135,0,0.412770383275456,0.36417155355279246
120,ETCH-01,136,0,0.37689122230319433,0.39530494610209993
120,ETCH-01,137,0,0.40200741002226215,0.4273112072867518
120,ETCH-01,138,0,0.40095477229920273,0.4599378251834118
120,ETCH-01,139,0,0.5216277308751363,0.4929114679615276
120,ETCH-01,140,0,0.6231922443711762,0.5259468953695469
120,ETCH-01,141,0,0.5536951350187458,0.5587567272733381
120,ETCH-01,142,1,0.48330110672089843,0.5910613681203879
120,ETCH-01,143,1,0.5466453180023547,0.6225983669619332
120,ETCH-01,144,1,0.5830391724211329,0.6531305618913489
120,ETCH-01,145,1,0.6653665224968267,0.682452502705571
120,ETCH-01,146,1,0.6888622710048055,0.7103948404678427
120,ETCH-01,148,0,0.009786955871233015,0.0016994860506774087
120,ETCH-01,149,0,0.010126078833033996,0.0019392912392089338
120,ETCH-01,150,0,0.016938181057734876,0.0022128590219960454
120,ETCH-01,151,0,0.012853780620196015,0.0025249202500988777
120,ETCH-01,152,0,0.01161584783281464,0.0028808618349007884
120,ETCH-01,153,0,0.01034865090786034,0.0032868156672249548
120,ETCH-01,154,0,0.010340416924488286,0.003749758964263824
120,ETCH-01,155,0,0.009040144060558739,0.004277627322091259
120,ETCH-01,156,0,0.010622184172077706,0.0048794418338637
120,ETCH-01,157,0,0.012308754882860977,0.0055654516999249035
120,ETCH-01,158,0,0.011639861626374353,0.006347293796070979
120,ETCH-01,159,0,0.012464827771242337,0.007238170667111699
120,ETCH-01,160,0,0.011594633045544693,0.008253048357386826
120,ETCH-01,161,0,0.011910118442760081,0.009408875355785535
120,ETCH-01,162,0,0.0170879447274832,0.010724823691580595
120,ETCH-01,163,0,0.01960305481317963,0.01222255283306718
120,ETCH-01,164,0,0.018865414179512135,0.013926496468851147
120,ETCH-01,165,0,0.016464910194499936,0.015864171436888105
120,ETCH-01,166,0,0.016583808941436927,0.018066506943209912
120,ETCH-01,167,0,0.016800465549722192,0.020568190703359905
120,ETCH-01,168,0,0.01590321457214858,0.0234080266566112
120,ETCH-01,169,0,0.01644818081547423,0.026629296349067525
120,ETCH-01,170,0,0.015975388988545523,0.03028011285587452
120,ETCH-01,171,0,0.01837789777912827,0.03441375211893017
120,ETCH-01,172,0,0.058372239371474254,0.039088941737438564
120,ETCH-01,173,0,0.021640769800769198,0.04437008152720019
120,ETCH-01,174,0,0.04748467251083962,0.05032736359376719
120,ETCH-01,175,0,0.04085030202015477,0.05703675238884091
120,ETCH-01,176,0,0.06103502649139929,0.06457977754644699
120,ETCH-01,177,0,0.05642504470833261,0.0730430847594295
120,ETCH-01,178,0,0.03986980036513826,0.08251768338556707
120,ETCH-01,179,0,0.10344882612067452,0.0930978250513127
120,ETCH-01,180,0,0.1122364743211542,0.10487944683337558
120,ETCH-01,181,0,0.1369288618481253,0.11795811761829424
120,ETCH-01,182,0,0.15338627978086092,0.13242643923984326
120,ETCH-01,183,0,0.16510108637127038,0.14837087732351398
120,ETCH-01,184,0,0.1473123875069859,0.16586803246727091
120,ETCH-01,185,0,0.17920689289431013,0.18498041161474152
120,ETCH-01,186,0,0.243551093381341,0.20575182176004442
120,ETCH-01,187,0,0.2996499586659998,0.22820258054495718
120,ETCH-01,188,0,0.3391778543442234,0.2523248147932473
120,ETCH-01,189,0,0.34544645908399485,0.27807818901596076
120,ETCH-01,190,0,0.2739886101188102,0.3053864587751017
120,ETCH-01,191,1,0.4296660365774409,0.3341352642068455
120,ETCH-01,192,1,0.37776058904736315,0.36417155355279246
120,ETCH-01,193,1,0.40519276095817836,0.39530494610209993
120,ETCH-01,194,1,0.413693607297157,0.4273112072867518
120,ETCH-01,195,1,0.42427690738980395,0.4599378251834118
120,ETCH-01,197,0,0.02701649005279925,0.0016994860506774087
120,ETCH-01,198,0,0.012877058315241764,0.0019392912392089338
120,ETCH-01,199,0,0.01627126639346249,0.0022128590219960454
120,ETCH-01,200,0,0.009928269124875749,0.0025249202500988777
120,ETCH-01,201,0,0.012454273502900714,0.0028808618349007884
120,ETCH-01,202,0,0.010116059403489325,0.0032868156672249548
120,ETCH-01,203,0,0.008915524116790684,0.003749758964263824
120,ETCH-01,204,0,0.010034651279769234,0.004277627322091259
120,ETCH-01,205,0,0.009971909838848865,0.0048794418338637
120,ETCH-01,206,0,0.010469908911932502,0.0055654516999249035
120,ETCH-01,207,0,0.009801220839196437,0.006347293796070979
120,ETCH-01,208,0,0.014910017669904607,0.007238170667111699
120,ETCH-01,209,0,0.01075350647289728,0.008253048357386826
120,ETCH-01,210,0,0.013202672775715277,0.009408875355785535
120,ETCH-01,211,0,0.011871289954562986,0.010724823691580595
120,ETCH-01,212,0,0.0109053540648975,0.01222255283306718
120,ETCH-01,213,0,0.016726709822549556,0.013926496468851147
120,ETCH-01,214,0,0.013837424255284319,0.015864171436888105
120,ETCH-01,215,0,0.01510369929953791,0.018066506943209912
120,ETCH-01,216,0,0.014087241379454763,0.020568190703359905
120,ETCH-01,217,0,0.014439367538120359,0.0234080266566112
120,ETCH-01,218,0,0.0155393693375488,0.026629296349067525
120,ETCH-01,219,0,0.017938094603837242,0.03028011285587452
120,ETCH-01,220,0,0.01767360752546489,0.03441375211893017
120,ETCH-01,221,0,0.017346861358316597,0.039088941737438564
120,ETCH-01,222,0,0.017535286387899494,0.04437008152720019
120,ETCH-01,223,0,0.019895238104877512,0.05032736359376719
120,ETCH-01,224,0,0.07446842936997894,0.05703675238884091
120,ETCH-01,225,0,0.024984012897810753,0.06457977754644699
120,ETCH-01,226,0,0.09586939846136242,0.0730430847594295
120,ETCH-01,227,0,0.05570862407816701,0.08251768338556707
120,ETCH-01,228,0,0.059548986084652936,0.0930978250513127
120,ETCH-01,229,0,0.12922561133358706,0.10487944683337558
120,ETCH-01,230,0,0.09622600029958198,0.11795811761829424
120,ETCH-01,231,0,0.11906012183402889,0.13242643923984326
120,ETCH-01,232,0,0.12197400009534135,0.14837087732351398
120,ETCH-01,233,0,0.19408458632678677,0.16586803246727091
120,ETCH-01,234,0,0.18231498481591804,0.18498041161474152
120,ETCH-02,0,0,0.0171676454982986,0.0016994860506774087
120,ETCH-02,1,0,0.010175606515357719,0.0019392912392089338
120,ETCH-02,2,0,0.016405934494448233,0.0022128590219960454
120,ETCH-02,3,0,0.008572195114291003,0.0025249202500988777
120,ETCH-02,4,0,0.00958337496102246,0.0028808618349007884
120,ETCH-02,5,0,0.00980839825251445,0.0032868156672249548
120,ETCH-02,6,0,0.007319574410529041,0.003749758964263824
120,ETCH-02,7,0,0.006248822953815858,0.004277627322091259
120,ETCH-02,8,0,0.005896639641301286,0.0048794418338637
120,ETCH-02,9,0,0.006074833311872833,0.0055654516999249035
120,ETCH-02,10,0,0.007022038617417919,0.006347293796070979
120,ETCH-02,11,0,0.005639497477649504,0.007238170667111699
120,ETCH-02,12,0,0.007740548438615709,0.008253048357386826
120,ETCH-02,13,0,0.005741277060433718,0.009408875355785535
120,ETCH-02,14,0,0.006227231427667404,0.010724823691580595
120,ETCH-02,15,0,0.007846492509376444,0.01222255283306718
120,ETCH-02,16,0,0.008107364325279651,0.013926496468851147
120,ETCH-02,17,0,0.0071464565144993735,0.015864171436888105
120,ETCH-02,18,0,0.006708390082572187,0.018066506943209912
120,ETCH-02,19,0,0.007745657225519305,0.020568190703359905
120,ETCH-02,20,0,0.007359319989114524,0.0234080266566112
120,ETCH-02,21,0,0.008910985618486956,0.026629296349067525
120,ETCH-02,22,0,0.012973554859402572,0.03028011285587452
120,ETCH-02,23,0,0.008524880959474231,0.03441375211893017
120,ETCH-02,24,0,0.008379960903987075,0.039088941737438564
120,ETCH-02,25,0,0.02291893647558788,0.04437008152720019
120,ETCH-02,26,0,0.02794846715767632,0.05032736359376719
120,ETCH-02,27,0,0.014350037092331893,0.05703675238884091
120,ETCH-02,28,0,0.010940412253361734,0.06457977754644699
120,ETCH-02,29,0,0.0289751760303958,0.0730430847594295
120,ETCH-02,30,0,0.10535555285085252,0.08251768338556707
120,ETCH-02,31,0,0.06393930543406276,0.0930978250513127
120,ETCH-02,32,0,0.10587591157824952,0.10487944683337558
120,ETCH-02,33,0,0.12796138284111092,0.11795811761829424
120,ETCH-02,34,0,0.10946606476301199,0.13242643923984326
120,ETCH-02,35,0,0.1028648165824411,0.14837087732351398
120,ETCH-02,36,0,0.12416274940413632,0.16586803246727091
120,ETCH-02,37,0,0.17687449506132358,0.18498041161474152
120,ETCH-02,38,0,0.1871026459888705,0.20575182176004442
120,ETCH-02,39,0,0.25504699611308623,0.22820258054495718
120,ETCH-02,40,0,0.20194670792407607,0.2523248147932473
120,ETCH-02,41,0,0.28269914838408994,0.27807818901596076
120,ETCH-02,42,0,0.22589854551154667,0.3053864587751017
120,ETCH-02,43,0,0.2720481371644456,0.3341352642068455
120,ETCH-02,44,0,0.31351510484964173,0.36417155355279246
120,ETCH-02,45,0,0.3764177393652666,0.39530494610209993
120,ETCH-02,46,0,0.6320663442110606,0.4273112072867518
120,ETCH-02,47,0,0.5692060121358353,0.4599378251834118
120,ETCH-02,48,0,0.44976648277628123,0.4929114679615276
120,ETCH-02,49,0,0.6782621185281889,0.5259468953695469
120,ETCH-02,50,0,0.530045569600165,0.5587567272733381
120,ETCH-02,51,0,0.6144687867385967,0.5910613681203879
120,ETCH-02,52,0,0.6883984686422291,0.6225983669619332
120,ETCH-02,53,1,0.6688484823593892,0.6531305618913489
120,ETCH-02,54,1,0.6477017608027489,0.682452502705571
120,ETCH-02,55,1,0.6614285845317027,0.7103948404678427
120,ETCH-02,56,1,0.6324137402557957,0.7368265849350608
120,ETCH-02,57,1,0.6394823702021659,0.7616553286791048
120,ETCH-02,59,0,0.023550726379173933,0.0016994860506774087
120,ETCH-02,60,0,0.02468148972105793,0.0019392912392089338
120,ETCH-02,61,0,0.012564662238574883,0.0022128590219960454
120,ETCH-02,62,0,0.0077861498139707415,0.0025249202500988777
120,ETCH-02,63,0,0.009995358958852037,0.0028808618349007884
120,ETCH-02,64,0,0.0074685775493794305,0.0032868156672249548
120,ETCH-02,65,0,0.007176552553396982,0.003749758964263824
120,ETCH-02,66,0,0.006640677989641869,0.004277627322091259
120,ETCH-02,67,0,0.00581102098168362,0.0048794418338637
120,ETCH-02,68,0,0.007742887725393355,0.0055654516999249035
120,ETCH-02,69,0,0.007909231041083972,0.006347293796070979
120,ETCH-02,70,0,0.005849350162097389,0.007238170667111699
120,ETCH-02,71,0,0.0071039608685639615,0.008253048357386826
120,ETCH-02,72,0,0.005627362016208749,0.009408875355785535
120,ETCH-02,73,0,0.006541415748555315,0.010724823691580595
120,ETCH-02,74,0,0.005035322601586918,0.01222255283306718
120,ETCH-02,75,0,0.008163799728291034,0.013926496468851147
120,ETCH-02,76,0,0.008541140950508659,0.015864171436888105
120,ETCH-02,77,0,0.007446205264382612,0.018066506943209912
120,ETCH-02,78,0,0.007487453848253662,0.020568190703359905
120,ETCH-02,79,0,0.007838558913137058,0.0234080266566112
120,ETCH-02,80,0,0.005829894070048604,0.026629296349067525
120,ETCH-02,81,0,0.01015424085721649,0.03028011285587452
120,ETCH-02,82,0,0.00857200981780588,0.03441375211893017
120,ETCH-02,83,0,0.005958632240715403,0.039088941737438564
120,ETCH-02,84,0,0.02343387237812654,0.04437008152720019
120,ETCH-02,85,0,0.030901230857387746,0.05032736359376719
120,ETCH-02,86,0,0.018990141874342746,0.05703675238884091
120,ETCH-02,87,0,0.019169343949473817,0.06457977754644699
120,ETCH-02,88,0,0.016248880838130808,0.0730430847594295
120,ETCH-02,89,0,0.055763671907942534,0.08251768338556707
120,ETCH-02,90,0,0.09317014921316011,0.0930978250513127
120,ETCH-02,91,0,0.061728356477423495,0.10487944683337558
120,ETCH-02,92,0,0.10910619802739216,0.11795811761829424
120,ETCH-02,93,0,0.0657213804682317,0.13242643923984326
120,ETCH-02,94,0,0.10964907799045862,0.14837087732351398
120,ETCH-02,95,0,0.1364637119408727,0.16586803246727091
120,ETCH-02,96,0,0.17079412433836144,0.18498041161474152
120,ETCH-02,97,0,0.2605150944449285,0.20575182176004442
120,ETCH-02,98,0,0.22948867679957732,0.22820258054495718
120,ETCH-02,99,0,0.2130232368791931,0.2523248147932473
120,ETCH-02,100,0,0.257669507173203,0.27807818901596076
120,ETCH-02,101,0,0.3389973467594589,0.3053864587751017
120,ETCH-02,102,0,0.27351857812579583,0.3341352642068455
120,ETCH-02,103,0,0.5116820206045067,0.36417155355279246
120,ETCH-02,104,0,0.3063161589691434,0.39530494610209993
120,ETCH-02,105,0,0.536723702026375,0.4273112072867518
120,ETCH-02,106,0,0.6545600176549856,0.4599378251834118
120,ETCH-02,107,0,0.6743946975478046,0.4929114679615276
120,ETCH-02,108,0,0.5181241396318935,0.5259468953695469
120,ETCH-02,109,1,0.4453913769181718,0.5587567272733381
120,ETCH-02,110,1,0.7197872271454535,0.5910613681203879
120,ETCH-02,111,1,0.6848056194329594,0.6225983669619332
120,ETCH-02,112,1,0.6633427105381063,0.6531305618913489
120,ETCH-02,113,1,0.7008544626291128,0.682452502705571
120,ETCH-02,115,0,0.03765580787568376,0.0016994860506774087
120,ETCH-02,116,0,0.00874117454132706,0.0019392912392089338
120,ETCH-02,117,0,0.013864325847233763,0.0022128590219960454
120,ETCH-02,118,0,0.008493170735215027,0.0025249202500988777
120,ETCH-02,119,0,0.0058970394971939386,0.0028808618349007884
120,ETCH-02,120,0,0.00679206527261441,0.0032868156672249548
120,ETCH-02,121,0,0.009095273898708536,0.003749758964263824
120,ETCH-02,122,0,0.007193066765762296,0.004277627322091259
120,ETCH-02,123,0,0.0093946150957983,0.0048794418338637
120,ETCH-02,124,0,0.00573811229353897,0.0055654516999249035
120,ETCH-02,125,0,0.006025995658909953,0.006347293796070979
120,ETCH-02,126,0,0.005180853533618171,0.007238170667111699
120,ETCH-02,127,0,0.006278202578847496,0.008253048357386826
120,ETCH-02,128,0,0.006830601890929365,0.009408875355785535
120,ETCH-02,129,0,0.006321192797935764,0.010724823691580595
120,ETCH-02,130,0,0.008461760191253508,0.01222255283306718
120,ETCH-02,131,0,0.007288971241827922,0.013926496468851147
120,ETCH-02,132,0,0.009283526566579981,0.015864171436888105
120,ETCH-02,133,0,0.007966776995148007,0.018066506943209912
120,ETCH-02,134,0,0.007333026613967482,0.020568190703359905
120,ETCH-02,135,0,0.008288867513480335,0.0234080266566112
120,ETCH-02,136,0,0.005692020075332394,0.026629296349067525
120,ETCH-02,137,0,0.014068664626557379,0.03028011285587452
120,ETCH-02,138,0,0.008027915857952537,0.03441375211893017
120,ETCH-02,139,0,0.007892141897331598,0.039088941737438564
120,ETCH-02,140,0,0.023312072961986924,0.04437008152720019
120,ETCH-02,141,0,0.04628199017664551,0.05032736359376719
120,ETCH-02,142,0,0.048470291716392826,0.05703675238884091
120,ETCH-02,143,0,0.05381438247555033,0.06457977754644699
120,ETCH-02,144,0,0.12085851736379491,0.0730430847594295
120,ETCH-02,145,0,0.05233274877729084,0.08251768338556707
120,ETCH-02,146,0,0.08695623683565547,0.0930978250513127
120,ETCH-02,147,0,0.08708911421806018,0.10487944683337558
120,ETCH-02,148,0,0.07181920576846014,0.11795811761829424
120,ETCH-02,149,0,0.13638993017085582,0.13242643923984326
120,ETCH-02,150,0,0.0896073644173314,0.14837087732351398
120,ETCH-02,151,0,0.20923478946286472,0.16586803246727091
120,ETCH-02,152,0,0.2053793178196285,0.18498041161474152
120,ETCH-02,153,0,0.13976218265646143,0.20575182176004442
120,ETCH-02,154,0,0.22996429246074485,0.22820258054495718
120,ETCH-02,155,0,0.29731690273247574,0.2523248147932473
120,ETCH-02,156,0,0.3146249313340778,0.27807818901596076
120,ETCH-02,157,0,0.3236247328775371,0.3053864587751017
120,ETCH-02,158,0,0.4060960953847517,0.3341352642068455
120,ETCH-02,159,0,0.4619324516845581,0.36417155355279246
120,ETCH-02,160,0,0.5848734989309236,0.39530494610209993
120,ETCH-02,161,0,0.3898917678494414,0.4273112072867518
120,ETCH-02,162,1,0.5363791513898675,0.4599378251834118
120,ETCH-02,163,1,0.6992136015006081,0.4929114679615276
120,ETCH-02,164,1,0.6117523874565964,0.5259468953695469
120,ETCH-02,165,1,0.5093425313200851,0.5587567272733381
120,ETCH-02,166,1,0.6226061019540725,0.5910613681203879
120,ETCH-02,168,0,0.015911433080537864,0.0016994860506774087
120,ETCH-02,169,0,0.010441334360896016,0.0019392912392089338
120,ETCH-02,170,0,0.01060846722375583,0.0022128590219960454
120,ETCH-02,171,0,0.010792341060970888,0.0025249202500988777
120,ETCH-02,172,0,0.010763890004832546,0.0028808618349007884
120,ETCH-02,173,0,0.005911326000605484,0.0032868156672249548
120,ETCH-02,174,0,0.01649790799104376,0.003749758964263824
120,ETCH-02,175,0,0.006252164245797745,0.004277627322091259
120,ETCH-02,176,0,0.005698011093183171,0.0048794418338637
120,ETCH-02,177,0,0.006026037661543427,0.0055654516999249035
120,ETCH-02,178,0,0.007648585883056204,0.006347293796070979
120,ETCH-02,179,0,0.007430723784291276,0.007238170667111699
120,ETCH-02,180,0,0.006476759432622889,0.008253048357386826
120,ETCH-02,181,0,0.005942689594121455,0.009408875355785535
120,ETCH-02,182,0,0.006904728276219696,0.010724823691580595
120,ETCH-02,183,0,0.00781261785124373,0.01222255283306718
120,ETCH-02,184,0,0.01316713494714473,0.013926496468851147
120,ETCH-02,185,0,0.007235965564292993,0.015864171436888105
120,ETCH-02,186,0,0.005982110277955486,0.018066506943209912
120,ETCH-02,187,0,0.0097045350477192,0.020568190703359905
120,ETCH-02,188,0,0.0060969202622311565,0.0234080266566112
120,ETCH-02,189,0,0.007364905132348455,0.026629296349067525
120,ETCH-02,190,0,0.010516418836594325,0.03028011285587452
120,ETCH-02,191,0,0.012446265193506233,0.03441375211893017
120,ETCH-02,192,0,0.010262067023032305,0.039088941737438564
120,ETCH-02,193,0,0.01628595571502997,0.04437008152720019
120,ETCH-02,194,0,0.009726274600344224,0.05032736359376719
120,ETCH-02,195,0,0.021218510646166953,0.05703675238884091
120,ETCH-02,196,1,0.021884208746366672,0.06457977754644699
120,ETCH-02,197,1,0.062461112565832935,0.0730430847594295
120,ETCH-02,198,1,0.09327889380016259,0.08251768338556707
120,ETCH-02,199,1,0.06816418689678128,0.0930978250513127
120,ETCH-02,200,1,0.05314201420943872,0.10487944683337558
120,ETCH-02,202,0,0.022259417241162774,0.0016994860506774087
120,ETCH-02,203,0,0.009978713131693472,0.0019392912392089338
120,ETCH-02,204,0,0.011843641954604685,0.0022128590219960454
120,ETCH-02,205,0,0.00902091753141597,0.0025249202500988777
120,ETCH-02,206,0,0.006830648137630499,0.0028808618349007884
120,ETCH-02,207,0,0.00542506048103921,0.0032868156672249548
120,ETCH-02,208,0,0.006526367333259027,0.003749758964263824
120,ETCH-02,209,0,0.005008194231599942,0.004277627322091259
120,ETCH-02,210,0,0.00600590234144708,0.0048794418338637
120,ETCH-02,211,0,0.007671328879379029,0.0055654516999249035
120,ETCH-02,212,0,0.00719563118639234,0.006347293796070979
120,ETCH-02,213,0,0.012420360806573579,0.007238170667111699
120,ETCH-02,214,0,0.005854108656928731,0.008253048357386826
120,ETCH-02,215,0,0.004906903748741768,0.009408875355785535
120,ETCH-02,216,0,0.007859216133024979,0.010724823691580595
120,ETCH-02,217,0,0.007121631265650309,0.01222255283306718
120,ETCH-02,218,0,0.006311841365722824,0.013926496468851147
120,ETCH-02,219,0,0.007679545904620118,0.015864171436888105
120,ETCH-02,220,0,0.00898401472379191,0.018066506943209912
120,ETCH-02,221,0,0.008470074344561224,0.020568190703359905
120,ETCH-02,222,0,0.008498718214915808,0.0234080266566112
120,ETCH-02,223,0,0.00881997196563383,0.026629296349067525
120,ETCH-02,224,0,0.005907369368481506,0.03028011285587452
120,ETCH-02,225,0,0.007802525805279487,0.03441375211893017
120,ETCH-02,226,0,0.013823969253757099,0.039088941737438564
120,ETCH-02,227,0,0.010620618520611132,0.04437008152720019
120,ETCH-02,228,0,0.017310493172054135,0.05032736359376719
120,ETCH-02,229,0,0.029848808063150527,0.05703675238884091
120,ETCH-02,230,0,0.05578732595040943,0.06457977754644699
120,ETCH-02,231,0,0.06623779629501986,0.0730430847594295
120,ETCH-02,232,0,0.05262526215970222,0.08251768338556707
120,ETCH-02,233,0,0.0441174494522544,0.0930978250513127
120,ETCH-02,234,0,0.06499367649858147,0.10487944683337558
120,ETCH-03,0,0,0.022718599808230676,0.0016994860506774087
120,ETCH-03,1,0,0.00894805153629939,0.0019392912392089338
120,ETCH-03,2,0,0.006677292771877716,0.0022128590219960454
120,ETCH-03,3,0,0.0067974932587014005,0.0025249202500988777
120,ETCH-03,4,0,0.008646868158462589,0.0028808618349007884
120,ETCH-03,5,0,0.03045592962524022,0.0032868156672249548
120,ETCH-03,6,0,0.007489029916287565,0.003749758964263824
120,ETCH-03,7,0,0.006598844718253681,0.004277627322091259
120,ETCH-03,8,0,0.006920183159038837,0.0048794418338637
120,ETCH-03,9,0,0.00810568014495986,0.0055654516999249035
120,ETCH-03,10,0,0.007005552130940872,0.006347293796070979
120,ETCH-03,11,0,0.009031883382038353,0.007238170667111699
120,ETCH-03,12,0,0.018950703794183555,0.008253048357386826
120,ETCH-03,13,0,0.008801101848390083,0.009408875355785535
120,ETCH-03,14,0,0.010110810449660942,0.010724823691580595
120,ETCH-03,15,0,0.014563537289378986,0.01222255283306718
120,ETCH-03,16,0,0.015380076314482091,0.013926496468851147
120,ETCH-03,17,0,0.012439388501148705,0.015864171436888105
120,ETCH-03,18,0,0.013974767129814599,0.018066506943209912
120,ETCH-03,19,0,0.012229521751156961,0.020568190703359905
120,ETCH-03,20,0,0.0200797630168981,0.0234080266566112
120,ETCH-03,21,0,0.014683015852786715,0.026629296349067525
120,ETCH-03,22,0,0.014181308455336092,0.03028011285587452
120,ETCH-03,23,0,0.01609264352003864,0.03441375211893017
120,ETCH-03,24,0,0.012747935291253768,0.039088941737438564
120,ETCH-03,25,0,0.012961171282407147,0.04437008152720019
120,ETCH-03,26,0,0.05267229880418471,0.05032736359376719
120,ETCH-03,27,0,0.06721744600238512,0.05703675238884091
120,ETCH-03,28,0,0.04239177113446493,0.06457977754644699
120,ETCH-03,29,0,0.07757743372812496,0.0730430847594295
120,ETCH-03,30,0,0.06874307680365496,0.08251768338556707
120,ETCH-03,31,0,0.05748840533938292,0.0930978250513127
120,ETCH-03,32,0,0.13688007968828406,0.10487944683337558
120,ETCH-03,33,0,0.15125554045075446,0.11795811761829424
120,ETCH-03,34,0,0.11889864883196184,0.13242643923984326
120,ETCH-03,35,0,0.15646488987339663,0.14837087732351398
120,ETCH-03,36,0,0.13847537096236104,0.16586803246727091
120,ETCH-03,37,0,0.19328831967771148,0.18498041161474152
120,ETCH-03,38,0,0.16393453623471893,0.20575182176004442
120,ETCH-03,39,0,0.15848450280847332,0.22820258054495718
120,ETCH-03,40,0,0.17965779682312005,0.2523248147932473
120,ETCH-03,41,0,0.23115500692454072,0.27807818901596076
120,ETCH-03,42,0,0.27040843555610994,0.3053864587751017
120,ETCH-03,43,0,0.26433340985775416,0.3341352642068455
120,ETCH-03,44,0,0.3433548317386377,0.36417155355279246
120,ETCH-03,45,0,0.3447239041096524,0.39530494610209993
120,ETCH-03,46,0,0.35227060787962106,0.4273112072867518
120,ETCH-03,47,0,0.35279749734646376,0.4599378251834118
120,ETCH-03,48,0,0.4327743032938887,0.4929114679615276
120,ETCH-03,49,1,0.615388667149821,0.5259468953695469
120,ETCH-03,50,1,0.5710166776739487,0.5587567272733381
120,ETCH-03,51,1,0.6252475615474237,0.5910613681203879
120,ETCH-03,52,1,0.6669356422086536,0.6225983669619332
120,ETCH-03,53,1,0.675375872837958,0.6531305618913489
120,ETCH-03,55,0,0.007524508011849201,0.0016994860506774087
120,ETCH-03,56,0,0.013194571946956085,0.0019392912392089338
120,ETCH-03,57,0,0.00684604805271261,0.0022128590219960454
120,ETCH-03,58,0,0.01435708044806853,0.0025249202500988777
120,ETCH-03,59,0,0.006580601785270925,0.0028808618349007884
120,ETCH-03,60,0,0.006379250658477539,0.0032868156672249548
120,ETCH-03,61,0,0.007824668012258753,0.003749758964263824
120,ETCH-03,62,0,0.007567245659836801,0.004277627322091259
120,ETCH-03,63,0,0.007395625610099409,0.0048794418338637
120,ETCH-03,64,0,0.006728729751341501,0.0055654516999249035
120,ETCH-03,65,0,0.013725531339519221,0.006347293796070979
120,ETCH-03,66,0,0.009107255108128973,0.007238170667111699
120,ETCH-03,67,0,0.03134586253886935,0.008253048357386826
120,ETCH-03,68,0,0.015106030628618641,0.009408875355785535
120,ETCH-03,69,0,0.013574975302799755,0.010724823691580595
120,ETCH-03,70,0,0.013935896574951988,0.01222255283306718
120,ETCH-03,71,0,0.015475433977779535,0.013926496468851147
120,ETCH-03,72,0,0.01491402087706058,0.015864171436888105
120,ETCH-03,73,0,0.013886228506946329,0.018066506943209912
120,ETCH-03,74,0,0.013887613403868501,0.020568190703359905
120,ETCH-03,75,0,0.02816497681457724,0.0234080266566112
120,ETCH-03,76,0,0.012740048389200634,0.026629296349067525
120,ETCH-03,77,0,0.013427209593460197,0.03028011285587452
120,ETCH-03,78,0,0.017106143778368686,0.03441375211893017
120,ETCH-03,79,0,0.04434150641617608,0.039088941737438564
120,ETCH-03,80,0,0.04584120197499541,0.04437008152720019
120,ETCH-03,81,0,0.022443618800611402,0.05032736359376719
120,ETCH-03,82,0,0.05100399822379127,0.05703675238884091
120,ETCH-03,83,0,0.06525088024688393,0.06457977754644699
120,ETCH-03,84,0,0.06684253719389778,0.0730430847594295
120,ETCH-03,85,0,0.0993696858913521,0.08251768338556707
120,ETCH-03,86,0,0.08876028544226736,0.0930978250513127
120,ETCH-03,87,0,0.12692059399943392,0.10487944683337558
120,ETCH-03,88,0,0.13685805501848125,0.11795811761829424
120,ETCH-03,89,0,0.13948436756133184,0.13242643923984326
120,ETCH-03,90,0,0.17074300384037594,0.14837087732351398
120,ETCH-03,91,0,0.1483603492540369,0.16586803246727091
120,ETCH-03,92,0,0.11833054400429296,0.18498041161474152
120,ETCH-03,93,0,0.18279272685880904,0.20575182176004442
120,ETCH-03,94,0,0.14676487566845264,0.22820258054495718
120,ETCH-03,95,0,0.2083706455452632,0.2523248147932473
120,ETCH-03,96,0,0.23749750081539042,0.27807818901596076
120,ETCH-03,97,0,0.22161451151600722,0.3053864587751017
120,ETCH-03,98,0,0.2841962534087169,0.3341352642068455
120,ETCH-03,99,0,0.33131760181477843,0.36417155355279246
120,ETCH-03,100,0,0.27999012681032714,0.39530494610209993
120,ETCH-03,101,0,0.34826076175034293,0.4273112072867518
120,ETCH-03,102,1,0.387006372518481,0.4599378251834118
120,ETCH-03,103,1,0.43729550115297905,0.4929114679615276
120,ETCH-03,104,1,0.40016370079247654,0.5259468953695469
120,ETCH-03,105,1,0.5369436004001624,0.5587567272733381
120,ETCH-03,106,1,0.5464345135563804,0.5910613681203879
120,ETCH-03,108,0,0.006567841136599755,0.0016994860506774087
120,ETCH-03,109,0,0.017379325383999156,0.0019392912392089338
120,ETCH-03,110,0,0.006527424246663864,0.0022128590219960454
120,ETCH-03,111,0,0.0067641153622924974,0.0025249202500988777
120,ETCH-03,112,0,0.006256419973898844,0.0028808618349007884
120,ETCH-03,113,0,0.007668076179229851,0.0032868156672249548
120,ETCH-03,114,0,0.00655466070929326,0.003749758964263824
120,ETCH-03,115,0,0.006714888754448725,0.004277627322091259
120,ETCH-03,116,0,0.014396994496224613,0.0048794418338637
120,ETCH-03,117,0,0.017883016205250544,0.0055654516999249035
120,ETCH-03,118,0,0.007940997399082165,0.006347293796070979
120,ETCH-03,119,0,0.008117404496182992,0.007238170667111699
120,ETCH-03,120,0,0.007759082286971465,0.008253048357386826
120,ETCH-03,121,0,0.010799897181955068,0.009408875355785535
120,ETCH-03,122,0,0.008983850504952602,0.010724823691580595
120,ETCH-03,123,0,0.030402148424498416,0.01222255283306718
120,ETCH-03,124,0,0.013610481853492886,0.013926496468851147
120,ETCH-03,125,0,0.012078574718717112,0.015864171436888105
120,ETCH-03,126,0,0.013423926086705373,0.018066506943209912
120,ETCH-03,127,0,0.012006694650000324,0.020568190703359905
120,ETCH-03,128,0,0.013837784054163863,0.0234080266566112
120,ETCH-03,129,0,0.012162497802125893,0.026629296349067525
120,ETCH-03,130,0,0.011924613464053461,0.03028011285587452
120,ETCH-03,131,0,0.013251412719275147,0.03441375211893017
120,ETCH-03,132,0,0.01388760714127211,0.039088941737438564
120,ETCH-03,133,0,0.012865918692152922,0.04437008152720019
120,ETCH-03,134,0,0.03511067803412125,0.05032736359376719
120,ETCH-03,135,0,0.014449479907874107,0.05703675238884091
120,ETCH-03,136,0,0.015293753133672896,0.06457977754644699
120,ETCH-03,137,0,0.022691364024635428,0.0730430847594295
120,ETCH-03,138,0,0.04610976842302101,0.08251768338556707
120,ETCH-03,139,1,0.1205433655526752,0.0930978250513127
120,ETCH-03,140,1,0.14817585097509436,0.10487944683337558
120,ETCH-03,141,1,0.1266234440216813,0.11795811761829424
120,ETCH-03,142,1,0.13727401483092877,0.13242643923984326
120,ETCH-03,143,1,0.12136104158197547,0.14837087732351398
120,ETCH-03,145,1,0.007832036060474994,0.0016994860506774087
120,ETCH-03,146,1,0.00670887390942501,0.0019392912392089338
120,ETCH-03,147,1,0.007447817375067037,0.0022128590219960454
120,ETCH-03,148,1,0.006623316038604049,0.0025249202500988777
120,ETCH-03,149,1,0.0067657042912482685,0.0028808618349007884
120,ETCH-03,151,0,0.01081147093261085,0.0016994860506774087
120,ETCH-03,152,0,0.0077333517183385565,0.0019392912392089338
120,ETCH-03,153,0,0.007565393281292752,0.0022128590219960454
120,ETCH-03,154,0,0.008294701487721351,0.0025249202500988777
120,ETCH-03,155,0,0.006788756668289504,0.0028808618349007884
120,ETCH-03,156,0,0.007452189752570978,0.0032868156672249548
120,ETCH-03,157,0,0.00664148329970804,0.003749758964263824
120,ETCH-03,158,0,0.006740621382535686,0.004277627322091259
120,ETCH-03,159,0,0.009341161738296818,0.0048794418338637
120,ETCH-03,160,0,0.006833906284444346,0.0055654516999249035
120,ETCH-03,161,0,0.01063379282502518,0.006347293796070979
120,ETCH-03,162,0,0.009835485189826708,0.007238170667111699
120,ETCH-03,163,0,0.01271138059389601,0.008253048357386826
120,ETCH-03,164,0,0.012461852233072578,0.009408875355785535
120,ETCH-03,165,0,0.011321015867216793,0.010724823691580595
120,ETCH-03,166,0,0.014278656807644388,0.01222255283306718
120,ETCH-03,167,0,0.014461740324144037,0.013926496468851147
120,ETCH-03,168,0,0.014468245530574067,0.015864171436888105
120,ETCH-03,169,0,0.012546856477517281,0.018066506943209912
120,ETCH-03,170,0,0.015507858449895209,0.020568190703359905
120,ETCH-03,171,0,0.012739276076550888,0.0234080266566112
120,ETCH-03,172,0,0.024136600512781107,0.026629296349067525
120,ETCH-03,173,0,0.01325595655376765,0.03028011285587452
120,ETCH-03,174,0,0.01696588330456866,0.03441375211893017
120,ETCH-03,175,0,0.011104728272741182,0.039088941737438564
120,ETCH-03,176,0,0.02139867919439032,0.04437008152720019
120,ETCH-03,177,0,0.019735621225133858,0.05032736359376719
120,ETCH-03,178,0,0.020855548511292905,0.05703675238884091
120,ETCH-03,179,0,0.04900973871403875,0.06457977754644699
120,ETCH-03,180,0,0.11992385300759636,0.0730430847594295
120,ETCH-03,181,0,0.13976491639086852,0.08251768338556707
120,ETCH-03,182,0,0.14321287106682928,0.0930978250513127
120,ETCH-03,183,0,0.1307630580801678,0.10487944683337558
120,ETCH-03,184,0,0.14249858030150203,0.11795811761829424
120,ETCH-03,185,1,0.1430381508481066,0.13242643923984326
120,ETCH-03,186,1,0.12785030196435077,0.14837087732351398
120,ETCH-03,187,1,0.1728303023540056,0.16586803246727091
120,ETCH-03,188,1,0.18172488134552098,0.18498041161474152
120,ETCH-03,189,1,0.19234325093112337,0.20575182176004442
120,ETCH-03,191,0,0.016817532588199284,0.0016994860506774087
120,ETCH-03,192,0,0.00874798401110823,0.0019392912392089338
120,ETCH-03,193,0,0.006644648550506729,0.0022128590219960454
120,ETCH-03,194,0,0.006650000092741001,0.0025249202500988777
120,ETCH-03,195,0,0.02528548143792252,0.0028808618349007884
120,ETCH-03,196,0,0.013805647076856328,0.0032868156672249548
120,ETCH-03,197,0,0.006463043229675497,0.003749758964263824
120,ETCH-03,198,0,0.010857377318024403,0.004277627322091259
120,ETCH-03,199,0,0.009536974763230403,0.0048794418338637
120,ETCH-03,200,0,0.010771684173648011,0.0055654516999249035
120,ETCH-03,201,0,0.011743766432054084,0.006347293796070979
120,ETCH-03,202,0,0.009383703159996098,0.007238170667111699
120,ETCH-03,203,0,0.016098924395439487,0.008253048357386826
120,ETCH-03,204,0,0.016349374133983834,0.009408875355785535
120,ETCH-03,205,0,0.013668113771538403,0.010724823691580595
120,ETCH-03,206,0,0.013178728425382391,0.01222255283306718
120,ETCH-03,207,0,0.013389266908335307,0.013926496468851147
120,ETCH-03,208,0,0.016929924081094155,0.015864171436888105
120,ETCH-03,209,0,0.013356197815865195,0.018066506943209912
120,ETCH-03,210,0,0.016552350439186417,0.020568190703359905
120,ETCH-03,211,0,0.014046561189724199,0.0234080266566112
120,ETCH-03,212,0,0.012120684600716535,0.026629296349067525
120,ETCH-03,213,0,0.01352661216179427,0.03028011285587452
120,ETCH-03,214,0,0.01705205284295478,0.03441375211893017
120,ETCH-03,215,1,0.017602764171589378,0.039088941737438564
120,ETCH-03,216,1,0.03377972143248299,0.04437008152720019
120,ETCH-03,217,1,0.015589109873978494,0.05032736359376719
120,ETCH-03,218,1,0.014072728516925547,0.05703675238884091
120,ETCH-03,219,1,0.08498931725812106,0.06457977754644699
120,ETCH-03,221,1,0.006426516415246319,0.0016994860506774087
120,ETCH-03,222,1,0.01544572985531992,0.0019392912392089338
120,ETCH-03,223,1,0.008175575829947728,0.0022128590219960454
120,ETCH-03,225,0,0.015868912411195764,0.0016994860506774087
120,ETCH-03,226,0,0.006609203545291778,0.0019392912392089338
120,ETCH-03,227,0,0.026997383360901368,0.0022128590219960454
120,ETCH-03,228,0,0.007510393771831293,0.0025249202500988777
120,ETCH-03,229,0,0.007022203543927112,0.0028808618349007884
120,ETCH-03,230,0,0.006588991244512875,0.0032868156672249548
120,ETCH-03,231,0,0.006379250658477539,0.003749758964263824
120,ETCH-03,232,0,0.006293012946309716,0.004277627322091259
120,ETCH-03,233,0,0.009559887448724567,0.0048794418338637
120,ETCH-03,234,0,0.014371965310321153,0.0055654516999249035
120,ETCH-04,0,0,0.014594037966979148,0.0016994860506774087
120,ETCH-04,1,0,0.0129780056488667,0.0019392912392089338
120,ETCH-04,2,0,0.012654809397187184,0.0022128590219960454
120,ETCH-04,3,0,0.009561593343856008,0.0025249202500988777
120,ETCH-04,4,0,0.012005556228412246,0.0028808618349007884
120,ETCH-04,5,0,0.049711280955021545,0.0032868156672249548
120,ETCH-04,6,0,0.03277292879287469,0.003749758964263824
120,ETCH-04,7,0,0.008927485515694021,0.004277627322091259
120,ETCH-04,8,0,0.00931963321893783,0.0048794418338637
120,ETCH-04,9,0,0.015174849249501323,0.0055654516999249035
120,ETCH-04,10,0,0.011418859569117843,0.006347293796070979
120,ETCH-04,11,0,0.011897208693047822,0.007238170667111699
120,ETCH-04,12,0,0.011447031593850193,0.008253048357386826
120,ETCH-04,13,0,0.012313567494659646,0.009408875355785535
120,ETCH-04,14,0,0.024233342600310213,0.010724823691580595
120,ETCH-04,15,0,0.007873205988780396,0.01222255283306718
120,ETCH-04,16,0,0.011982320118692153,0.013926496468851147
120,ETCH-04,17,0,0.02110324771980842,0.015864171436888105
120,ETCH-04,18,0,0.01600953557374407,0.018066506943209912
120,ETCH-04,19,0,0.016774877962156157,0.020568190703359905
120,ETCH-04,20,0,0.012351635554608362,0.0234080266566112
120,ETCH-04,21,0,0.010922681651452056,0.026629296349067525
120,ETCH-04,22,0,0.01364494132194099,0.03028011285587452
120,ETCH-04,23,0,0.051132167798483084,0.03441375211893017
120,ETCH-04,24,0,0.026441951466745793,0.039088941737438564
120,ETCH-04,25,0,0.05716439422305997,0.04437008152720019
120,ETCH-04,26,0,0.03300742200612407,0.05032736359376719
120,ETCH-04,27,0,0.07577881963531324,0.05703675238884091
120,ETCH-04,28,0,0.04848519313504325,0.06457977754644699
120,ETCH-04,29,0,0.06315223901518165,0.0730430847594295
120,ETCH-04,30,0,0.05687713181477981,0.08251768338556707
120,ETCH-04,31,0,0.07235552992865704,0.0930978250513127
120,ETCH-04,32,0,0.09635964043304081,0.10487944683337558
120,ETCH-04,33,0,0.09866233284557388,0.11795811761829424
120,ETCH-04,34,0,0.15456771865813163,0.13242643923984326
120,ETCH-04,35,0,0.1558744717413197,0.14837087732351398
120,ETCH-04,36,0,0.17893045616558514,0.16586803246727091
120,ETCH-04,37,0,0.16759551820229268,0.18498041161474152
120,ETCH-04,38,0,0.1939499072800263,0.20575182176004442
120,ETCH-04,39,0,0.19317067663609816,0.22820258054495718
120,ETCH-04,40,0,0.28910564347101697,0.2523248147932473
120,ETCH-04,41,0,0.3129514761609388,0.27807818901596076
120,ETCH-04,42,0,0.3220700761067732,0.3053864587751017
120,ETCH-04,43,0,0.30474032893496605,0.3341352642068455
120,ETCH-04,44,1,0.33153899875470383,0.36417155355279246
120,ETCH-04,45,1,0.5089098730337613,0.39530494610209993
120,ETCH-04,46,1,0.6600559141265421,0.4273112072867518
120,ETCH-04,47,1,0.659236259053515,0.4599378251834118
120,ETCH-04,48,1,0.5554872010144465,0.4929114679615276
120,ETCH-04,50,0,0.014368272222411882,0.0016994860506774087
120,ETCH-04,51,0,0.01605235147104541,0.0019392912392089338
120,ETCH-04,52,0,0.014985274953292466,0.0022128590219960454
120,ETCH-04,53,0,0.008189795139993069,0.0025249202500988777
120,ETCH-04,54,0,0.008427234630105024,0.0028808618349007884
120,ETCH-04,55,0,0.008737328091665292,0.0032868156672249548
120,ETCH-04,56,0,0.01864307061724075,0.003749758964263824
120,ETCH-04,57,0,0.008782582264217947,0.004277627322091259
120,ETCH-04,58,0,0.00917952777208737,0.0048794418338637
120,ETCH-04,59,0,0.010210980937399982,0.0055654516999249035
120,ETCH-04,60,0,0.00876954759225433,0.006347293796070979
120,ETCH-04,61,0,0.01626222215725886,0.007238170667111699
120,ETCH-04,62,0,0.011763337598654586,0.008253048357386826
120,ETCH-04,63,0,0.02266143954618831,0.009408875355785535
120,ETCH-04,64,0,0.013087171985367043,0.010724823691580595
120,ETCH-04,65,0,0.019391540558486634,0.01222255283306718
120,ETCH-04,66,0,0.016781758262901188,0.013926496468851147
120,ETCH-04,67,0,0.013469096807762445,0.015864171436888105
120,ETCH-04,68,0,0.01283368721076735,0.018066506943209912
120,ETCH-04,69,0,0.008466998229651291,0.020568190703359905
120,ETCH-04,70,0,0.016250134922849484,0.0234080266566112
120,ETCH-04,71,0,0.010026304434701667,0.026629296349067525
120,ETCH-04,72,0,0.02367792574250934,0.03028011285587452
120,ETCH-04,73,0,0.042852421131444336,0.03441375211893017
120,ETCH-04,74,0,0.01501787977653157,0.039088941737438564
120,ETCH-04,75,0,0.04272271343256069,0.04437008152720019
120,ETCH-04,76,0,0.04208493396342068,0.05032736359376719
120,ETCH-04,77,0,0.02637667933284272,0.05703675238884091
120,ETCH-04,78,0,0.06277945107067785,0.06457977754644699
120,ETCH-04,79,0,0.04116497667991138,0.0730430847594295
120,ETCH-04,80,0,0.030895424049669003,0.08251768338556707
120,ETCH-04,81,0,0.03959232437745088,0.0930978250513127
120,ETCH-04,82,0,0.10193096283262544,0.10487944683337558
120,ETCH-04,83,0,0.08552037543245958,0.11795811761829424
120,ETCH-04,84,0,0.12863476449492636,0.13242643923984326
120,ETCH-04,85,0,0.12423252913765581,0.14837087732351398
120,ETCH-04,86,0,0.12548018657424556,0.16586803246727091
120,ETCH-04,87,0,0.13619640781575054,0.18498041161474152
120,ETCH-04,88,0,0.14717194259012242,0.20575182176004442
120,ETCH-04,89,0,0.22685177812691498,0.22820258054495718
120,ETCH-04,90,1,0.1856531070996113,0.2523248147932473
120,ETCH-04,91,1,0.3049777299379269,0.27807818901596076
120,ETCH-04,92,1,0.2301414001288698,0.3053864587751017
120,ETCH-04,93,1,0.3415341719254235,0.3341352642068455
120,ETCH-04,94,1,0.28592180076510515,0.36417155355279246
120,ETCH-04,96,0,0.01652613103632392,0.0016994860506774087
120,ETCH-04,97,0,0.0630505213729717,0.0019392912392089338
120,ETCH-04,98,0,0.011844372460679698,0.0022128590219960454
120,ETCH-04,99,0,0.01432993002362507,0.0025249202500988777
120,ETCH-04,100,0,0.008183989250605388,0.0028808618349007884
120,ETCH-04,101,0,0.008494485885765169,0.0032868156672249548
120,ETCH-04,102,0,0.010211595255079777,0.003749758964263824
120,ETCH-04,103,0,0.01749051696302579,0.004277627322091259
120,ETCH-04,104,0,0.00963167053049796,0.0048794418338637
120,ETCH-04,105,0,0.00908708011806723,0.0055654516999249035
120,ETCH-04,106,0,0.010729058589649853,0.006347293796070979
120,ETCH-04,107,0,0.010966542131480786,0.007238170667111699
120,ETCH-04,108,0,0.02636369270936013,0.008253048357386826
120,ETCH-04,109,0,0.01510024475893593,0.009408875355785535
120,ETCH-04,110,0,0.01826161768756155,0.010724823691580595
120,ETCH-04,111,0,0.0109351610899602,0.01222255283306718
120,ETCH-04,112,0,0.011818805388568328,0.013926496468851147
120,ETCH-04,113,0,0.01305527686826707,0.015864171436888105
120,ETCH-04,114,0,0.03586404160545857,0.018066506943209912
120,ETCH-04,115,0,0.014577212915083787,0.020568190703359905
120,ETCH-04,116,0,0.014561275814691119,0.0234080266566112
120,ETCH-04,117,0,0.014093272851891344,0.026629296349067525
120,ETCH-04,118,0,0.013778777056902614,0.03028011285587452
120,ETCH-04,119,0,0.016077118354838337,0.03441375211893017
120,ETCH-04,120,0,0.014672426691804555,0.039088941737438564
120,ETCH-04,121,0,0.04405611398406751,0.04437008152720019
120,ETCH-04,122,0,0.061179125727371296,0.05032736359376719
120,ETCH-04,123,0,0.029330436853626757,0.05703675238884091
120,ETCH-04,124,0,0.01217607823568143,0.06457977754644699
120,ETCH-04,125,0,0.036264859545998715,0.0730430847594295
120,ETCH-04,126,1,0.03505400876899882,0.08251768338556707
120,ETCH-04,127,1,0.07779827719930282,0.0930978250513127
120,ETCH-04,128,1,0.0660542522020107,0.10487944683337558
120,ETCH-04,129,1,0.08759881620172127,0.11795811761829424
120,ETCH-04,130,1,0.08860410215050621,0.13242643923984326
120,ETCH-04,132,0,0.04948392038200729,0.0016994860506774087
120,ETCH-04,133,0,0.015863556777190122,0.0019392912392089338
120,ETCH-04,134,0,0.02557889831715463,0.0022128590219960454
120,ETCH-04,135,0,0.008935664683172733,0.0025249202500988777
120,ETCH-04,136,0,0.023393566682103566,0.0028808618349007884
120,ETCH-04,137,0,0.009342542665373906,0.0032868156672249548
120,ETCH-04,138,0,0.00947907996255192,0.003749758964263824
120,ETCH-04,139,0,0.02264012065470883,0.004277627322091259
120,ETCH-04,140,0,0.008957057303430226,0.0048794418338637
120,ETCH-04,141,0,0.008385045264601643,0.0055654516999249035
120,ETCH-04,142,0,0.031055706673323615,0.006347293796070979
120,ETCH-04,143,0,0.012400703335775958,0.007238170667111699
120,ETCH-04,144,0,0.01215913275957269,0.008253048357386826
120,ETCH-04,145,0,0.012553032432621111,0.009408875355785535
120,ETCH-04,146,0,0.012711695627602576,0.010724823691580595
120,ETCH-04,147,0,0.011218367551564579,0.01222255283306718
120,ETCH-04,148,0,0.016177702549761346,0.013926496468851147
120,ETCH-04,149,0,0.017690185449888728,0.015864171436888105
120,ETCH-04,150,0,0.013987441916940263,0.018066506943209912
120,ETCH-04,151,0,0.017060895230011114,0.020568190703359905
120,ETCH-04,152,0,0.017137187124948376,0.0234080266566112
120,ETCH-04,153,0,0.06589361856275161,0.026629296349067525
120,ETCH-04,154,0,0.011575943568401142,0.03028011285587452
120,ETCH-04,155,0,0.017337229450343997,0.03441375211893017
120,ETCH-04,156,0,0.03221087315959324,0.039088941737438564
120,ETCH-04,157,0,0.017107439779400983,0.04437008152720019
120,ETCH-04,158,0,0.01484585566684057,0.05032736359376719
120,ETCH-04,159,0,0.06931408135371951,0.05703675238884091
120,ETCH-04,160,0,0.03246943992574261,0.06457977754644699
120,ETCH-04,161,0,0.08408313913939842,0.0730430847594295
120,ETCH-04,162,0,0.0946584445825397,0.08251768338556707
120,ETCH-04,163,1,0.0799589920210592,0.0930978250513127
120,ETCH-04,164,1,0.08361025171499792,0.10487944683337558
120,ETCH-04,165,1,0.10998171273190208,0.11795811761829424
120,ETCH-04,166,1,0.11803692898747475,0.13242643923984326
120,ETCH-04,167,1,0.12227381385615706,0.14837087732351398
120,ETCH-04,169,0,0.008284030095211828,0.0016994860506774087
120,ETCH-04,170,0,0.023248261025571464,0.0019392912392089338
120,ETCH-04,171,0,0.00975917415149681,0.0022128590219960454
120,ETCH-04,172,0,0.01345724672133616,0.0025249202500988777
120,ETCH-04,173,0,0.00812816127693267,0.0028808618349007884
120,ETCH-04,174,0,0.009869181068416482,0.0032868156672249548
120,ETCH-04,175,0,0.05387199914506761,0.003749758964263824
120,ETCH-04,176,0,0.011943369095261433,0.004277627322091259
120,ETCH-04,177,0,0.009719880638636401,0.0048794418338637
120,ETCH-04,178,0,0.009215626418323412,0.0055654516999249035
120,ETCH-04,179,0,0.009178164901287705,0.006347293796070979
120,ETCH-04,180,0,0.01274762845366884,0.007238170667111699
120,ETCH-04,181,0,0.03699635649017743,0.008253048357386826
120,ETCH-04,182,0,0.010796155480070811,0.009408875355785535
120,ETCH-04,183,0,0.011568085385120306,0.010724823691580595
120,ETCH-04,184,0,0.010264966457054214,0.01222255283306718
120,ETCH-04,185,0,0.014280999957943408,0.013926496468851147
120,ETCH-04,186,0,0.03221845549518488,0.015864171436888105
120,ETCH-04,187,0,0.013573981871704124,0.018066506943209912
120,ETCH-04,188,0,0.009149130648530946,0.020568190703359905
120,ETCH-04,189,0,0.017266444160063017,0.0234080266566112
120,ETCH-04,190,0,0.022594244005739894,0.026629296349067525
120,ETCH-04,191,0,0.017757372190393104,0.03028011285587452
120,ETCH-04,192,0,0.02102836322916637,0.03441375211893017
120,ETCH-04,193,0,0.04027707905338654,0.039088941737438564
120,ETCH-04,194,0,0.008951657569517383,0.04437008152720019
120,ETCH-04,195,1,0.013874123803994706,0.05032736359376719
120,ETCH-04,196,1,0.06580488703228099,0.05703675238884091
120,ETCH-04,197,1,0.018843320780911884,0.06457977754644699
120,ETCH-04,198,1,0.060717755286644595,0.0730430847594295
120,ETCH-04,199,1,0.0908061935557783,0.08251768338556707
120,ETCH-04,201,0,0.014609290368911829,0.0016994860506774087
120,ETCH-04,202,0,0.010740833631513243,0.0019392912392089338
120,ETCH-04,203,0,0.00891816218646102,0.0022128590219960454
120,ETCH-04,204,0,0.01834180389288008,0.0025249202500988777
120,ETCH-04,205,0,0.028838143943836502,0.0028808618349007884
120,ETCH-04,206,0,0.05550822720019388,0.0032868156672249548
120,ETCH-04,207,0,0.008086450687271879,0.003749758964263824
120,ETCH-04,208,0,0.008915430016542861,0.004277627322091259
120,ETCH-04,209,0,0.008751412601623668,0.0048794418338637
120,ETCH-04,210,0,0.03787526563785354,0.0055654516999249035
120,ETCH-04,211,0,0.010252569554108052,0.006347293796070979
120,ETCH-04,212,0,0.011368711649686362,0.007238170667111699
120,ETCH-04,213,0,0.009320368877486149,0.008253048357386826
120,ETCH-04,214,0,0.01400574869898003,0.009408875355785535
120,ETCH-04,215,0,0.008878776755932731,0.010724823691580595
120,ETCH-04,216,1,0.010949499866800275,0.01222255283306718
120,ETCH-04,217,1,0.01184087390613984,0.013926496468851147
120,ETCH-04,218,1,0.01847683803618822,0.015864171436888105
120,ETCH-04,219,1,0.0072021254032932375,0.018066506943209912
120,ETCH-04,220,1,0.03348691671755746,0.020568190703359905
120,ETCH-04,222,0,0.05807417247096207,0.0016994860506774087
120,ETCH-04,223,0,0.009096766009947261,0.0019392912392089338
120,ETCH-04,224,0,0.010571673531204898,0.0022128590219960454
120,ETCH-04,225,0,0.012855485749287812,0.0025249202500988777
120,ETCH-04,226,0,0.015942420674111973,0.0028808618349007884
120,ETCH-04,227,0,0.010625061544545006,0.0032868156672249548
120,ETCH-04,228,0,0.00857209401078623,0.003749758964263824
120,ETCH-04,229,0,0.030090603243875514,0.004277627322091259
120,ETCH-04,230,0,0.008963076976509412,0.0048794418338637
120,ETCH-04,231,0,0.02056401409957515,0.0055654516999249035
120,ETCH-04,232,0,0.015171378633679209,0.006347293796070979
120,ETCH-04,233,0,0.021434738250436545,0.007238170667111699
120,ETCH-04,234,0,0.018066446791427316,0.008253048357386826
