campaign,tool,lot,episode,lots_since_clean,pressure_mtorr,reflected_power_w,flow_sccm,endpoint_s,vibration_mm_s,failure_after_lot
7,ETCH-01,0,0,0,34.916411760909895,9.060730873033744,49.902879526744314,119.93743168278824,0.48171695633900385,False
7,ETCH-01,1,0,1,34.93163810437511,10.442891926738643,50.09419582948644,120.16211211876433,0.5166468428574739,False
7,ETCH-01,2,0,2,35.03848353324733,9.004084480669942,49.845190233067704,120.00216578749965,0.5295150385120522,False
7,ETCH-01,3,0,3,34.990179865497154,9.180549672722773,49.98152708564502,119.89896237410896,0.5858649226260517,False
7,ETCH-01,4,0,4,34.95877142100409,10.73018290846295,49.88811063332751,120.37595577006792,0.5623353585631254,False
7,ETCH-01,5,0,5,35.01520208595129,9.579503748241017,50.019847821830275,120.92739182341343,0.5773449234927602,False
7,ETCH-01,6,0,6,35.03949302157176,10.22244500746119,50.208915036595855,120.04401186999746,0.5970412695779699,False
7,ETCH-01,7,0,7,35.03397304225415,13.447463004150205,49.99325723041851,121.34606715831208,0.6189193648763353,False
7,ETCH-01,8,0,8,35.02664832753271,11.430552935951562,50.01995822970955,120.50035470167632,0.6287625518165945,False
7,ETCH-01,9,0,9,34.93663845973395,12.561073552260577,50.01628081376183,121.13135948641381,0.7375963323749336,False
7,ETCH-01,10,0,10,35.136867956645276,13.440221434373967,50.06310219563183,120.91252499935993,0.8368428848302848,False
7,ETCH-01,11,0,11,35.04987158504341,13.041346121636096,50.12035935136638,120.65593217955703,0.6063393153330565,False
7,ETCH-01,12,0,12,35.06666328736775,15.71297110903281,49.779829737129425,121.23537667525393,0.622310590584009,False
7,ETCH-01,13,0,13,35.01275331339791,14.547540504938258,50.097532960402006,121.24603477005527,0.7786061528026773,False
7,ETCH-01,14,0,14,34.79334788328471,15.246128163088889,50.05298351865143,121.20564186238468,0.7968127155866653,False
7,ETCH-01,15,0,15,34.94838378494287,14.107472668329825,50.019107271135724,121.0211326151453,0.7484209690684719,False
7,ETCH-01,16,0,16,34.99465067961888,18.00908443039851,49.8612425949161,121.51042505153589,0.8573749438454621,False
7,ETCH-01,17,0,17,34.97864687922385,18.45687607126279,49.89957382751224,121.48239839649766,0.7496469980362682,False
7,ETCH-01,18,0,18,35.01822161389739,18.652866789873478,50.03842814624064,122.04000791677205,0.8958340323599234,False
7,ETCH-01,19,0,19,34.89122477581061,18.773244412960985,49.896798096521216,122.62224569927119,0.9057569664670735,False
7,ETCH-01,20,0,20,35.018808266818056,19.26032567753571,49.86324880284497,121.26171635457813,0.8736420912112605,False
7,ETCH-01,21,0,21,34.911819534281506,20.98226530341966,49.9631889362957,121.83209904980109,0.9607831822887203,False
7,ETCH-01,22,0,22,35.0199077057164,21.3786295001278,49.91943103977261,122.20216097659961,1.0045479314281542,False
7,ETCH-01,23,0,23,34.83983888979853,20.09612888979798,50.06305298772436,122.98102185946698,0.9521040898040976,False
7,ETCH-01,24,0,24,34.957177629062,20.126581204543463,49.97267146857897,123.45142450597564,1.0554760362135984,False
7,ETCH-01,25,0,25,35.03959638114984,24.196400903866447,49.9839320151492,123.0472603548983,1.0349621698124754,False
7,ETCH-01,26,0,26,35.139211917485135,23.07111343435502,49.886991203577715,123.1072238061065,1.0915722419693226,False
7,ETCH-01,27,0,27,34.936687782171745,25.807306392033002,49.86486164727592,122.95692294968455,1.2056268741224678,False
7,ETCH-01,28,0,28,35.027414546434485,23.069052759029724,50.14939780775869,123.39579964449725,1.1542970538149109,False
7,ETCH-01,29,0,29,35.00180250854239,22.76255006795407,49.93904897100453,122.80409094865085,1.1090911932516963,False
7,ETCH-01,30,0,30,34.929199049133594,26.883044857729477,49.9342560456155,123.78354880825009,1.134248546348129,False
7,ETCH-01,31,0,31,35.028499099478736,24.970721452034606,50.1339501922479,123.21290441079418,1.065260769408718,False
7,ETCH-01,32,0,32,34.98380478333824,27.665131763053004,50.07054147777303,123.27116297596606,1.1930797702491078,False
7,ETCH-01,33,0,33,35.02436515975335,26.544269642778993,49.65783733673035,123.93277250852603,1.3016957782234995,False
7,ETCH-01,34,0,34,35.003813357890465,24.383724110564696,50.015185238693185,123.38727812170558,1.2693244416932543,False
7,ETCH-01,35,0,35,34.960001635085426,27.285626404446322,50.11190328699762,123.87945098569124,1.3002265194114675,False
7,ETCH-01,36,0,36,35.05196110817208,28.915006450634582,50.01908938086729,123.6404211409322,1.3145238822127503,False
7,ETCH-01,37,0,37,34.93876316128107,26.83875089840838,50.08108017843808,123.68800016154978,1.2393830517871227,False
7,ETCH-01,38,0,38,35.06542651192133,29.792367560084074,49.967456594101854,124.46426400302899,1.35039037376721,False
7,ETCH-01,39,0,39,34.88120213540089,30.83645805278229,49.875666093407496,124.07577990327374,1.4110089146053988,False
7,ETCH-01,40,0,40,34.98598321882812,31.1329646145738,49.980091493987345,124.15980379085268,1.4214186632594608,False
7,ETCH-01,41,0,41,35.061546608052886,29.619176170899586,49.76337492866755,123.84983457566946,1.3848985926464097,False
7,ETCH-01,42,0,42,34.984535342607614,31.751785284615732,49.958786803931375,125.62306780817482,1.4040995693861136,False
7,ETCH-01,43,0,43,34.93350211448306,32.024018849661545,50.165205899425914,124.08504864948898,1.4751254502128608,False
7,ETCH-01,44,0,44,34.979231154388415,32.26352243374922,50.14400898489115,124.73694522350851,1.4837682912239203,False
7,ETCH-01,45,0,45,35.061304306710646,35.54664959206242,50.106161660133,125.39399688075846,1.5126820959125469,False
7,ETCH-01,46,0,46,34.9142329828828,35.572406814845785,50.02199949042395,125.76646000080584,1.5157513055592577,False
7,ETCH-01,47,0,47,34.83682005340157,33.69415238799295,49.97753824815136,125.74677787621972,1.6282811603778824,False
7,ETCH-01,48,0,48,35.01351036402508,34.317333152793736,49.875008062060694,125.7207071412582,1.5598918074781671,False
7,ETCH-01,49,0,49,35.00964269044077,37.02261574732113,50.26042094564382,125.49511661646957,1.625877751048796,False
7,ETCH-01,50,0,50,34.99703737957374,35.977007812816694,50.01276523076545,125.78296895658323,1.6744826807046498,False
7,ETCH-01,51,0,51,35.1638090119223,36.3952663882353,49.75076680016179,125.84347513673859,1.6571483825465592,False
7,ETCH-01,52,0,52,35.03231337289475,39.77382114770387,49.98579350791003,126.26359104288358,1.7336873984228134,False
7,ETCH-01,53,0,53,34.897334058882926,40.04896594376855,49.857747642441325,126.35295505842566,1.6507988021076812,False
7,ETCH-01,54,0,54,34.93210833707669,38.33202226566165,49.79660165676227,125.87516894997493,1.6342789291235966,False
7,ETCH-01,55,0,55,35.006501921149344,40.39004293162621,49.87909113316092,125.60508494515155,1.7540982391958493,False
7,ETCH-01,56,0,56,35.006581141306526,39.723205760452856,50.06756965560392,126.51911390204604,1.8355395588825807,False
7,ETCH-01,57,0,57,35.02995089645495,41.402056026864486,49.95047726939565,126.79760793395488,1.8280088436435644,False
7,ETCH-01,58,0,58,34.9577224241324,39.64629427088774,49.916511563965614,126.46651084017242,1.827315970655859,False
7,ETCH-01,59,0,59,34.96191329496956,41.1496467790015,50.07512681470702,126.68033228678947,1.8592449489249798,False
7,ETCH-01,60,0,60,34.95879417715988,43.42616413433332,50.183572757285155,127.24565176837841,1.7656664758973275,False
7,ETCH-01,61,0,61,34.952543076365295,39.382717460837874,50.24628828871123,127.17927379118956,1.874716826808612,False
7,ETCH-01,62,0,62,35.05604971283824,43.261920781677986,49.91650237445001,127.20664107499108,1.9846588716594458,False
7,ETCH-01,63,0,63,34.99952119045834,41.14760120963952,49.96684364890715,126.90947265798778,1.9411071611589032,True
7,ETCH-01,64,1,0,34.95150839158916,6.229898303565931,50.01041035423056,119.51664367379715,0.5324943121248451,False
7,ETCH-01,65,1,1,34.9400284300952,8.141068730564246,50.13602897008392,120.18150703260362,0.43428331275990023,False
7,ETCH-01,66,1,2,35.03261663351243,9.165287519463009,49.74266279316451,119.9597603096635,0.5561326543635271,False
7,ETCH-01,67,1,3,35.058234454374414,7.914531003644827,49.95997214161903,120.90639563856521,0.5510065066249852,False
7,ETCH-01,68,1,4,34.93798133739158,11.084050118269664,50.09051485637347,120.69577164748395,0.6709319524488914,False
7,ETCH-01,69,1,5,34.979052269721954,10.531560926544739,49.77063446521483,121.41408468912994,0.584346377441031,False
7,ETCH-01,70,1,6,35.014839445697994,12.253067580160335,50.01466013787065,120.59942068226079,0.613779340902149,False
7,ETCH-01,71,1,7,34.96291169233906,13.50574167546128,49.883544728932165,121.17028214636551,0.7405539519131105,False
7,ETCH-01,72,1,8,34.95141140893393,12.484777286676703,50.02572103973535,120.3687839445093,0.7239868424388958,False
7,ETCH-01,73,1,9,35.04797029597395,14.138460729990395,50.054147759038514,121.01403838683909,0.7595196866458191,False
7,ETCH-01,74,1,10,34.95377336841191,13.916584792037572,50.0058834228743,120.97382225856481,0.7184928663723773,False
7,ETCH-01,75,1,11,35.01414571686827,15.862431285823902,49.99415079928401,121.0658044397724,0.699165259117094,False
7,ETCH-01,76,1,12,34.93539202981556,16.00745750347469,50.122012107158824,120.69864252059935,0.7909344733538136,False
7,ETCH-01,77,1,13,34.890286933056466,14.624008692478276,49.87318325148368,122.21780262888333,0.826792439198921,False
7,ETCH-01,78,1,14,35.07843890339494,15.362751607608633,49.96658053830724,121.91902896035461,0.8531566591505596,False
7,ETCH-01,79,1,15,35.00498881865951,17.242668876944514,50.09258541431682,121.48679881188419,0.8829140175743166,False
7,ETCH-01,80,1,16,35.05472429867458,18.440298623533614,50.06652746400666,122.28563759176807,0.865275760724949,False
7,ETCH-01,81,1,17,34.9374883704214,20.36779272842469,49.9200780939268,121.27716624012275,0.8828412627975017,False
7,ETCH-01,82,1,18,34.966351745073254,16.589391538522058,49.8821601315934,122.31857799349598,0.9373214654442416,False
7,ETCH-01,83,1,19,35.01534601018787,20.010367073388732,50.021781972143614,122.07874503555645,0.9525758301221152,False
7,ETCH-01,84,1,20,35.05252853620189,20.857207560937738,49.927573285794836,122.11993657233847,0.8932155551683134,False
7,ETCH-01,85,1,21,34.96980584058073,18.44092205119136,50.187574432344235,122.79712574227729,0.9609510187335497,False
7,ETCH-01,86,1,22,35.03998134955215,19.76256309324364,49.971492168928584,122.31338030390971,0.9950090073255685,False
7,ETCH-01,87,1,23,35.028704590607006,22.055227605670613,50.30229227971938,122.77433865661797,1.012492754099536,False
7,ETCH-01,88,1,24,35.009630312003495,19.67222930678124,50.04476158569728,122.7289438817069,1.0195722459378016,False
7,ETCH-01,89,1,25,34.87145536000396,22.833398776298626,49.782180013599934,122.96979419676684,1.0642381778678645,False
7,ETCH-01,90,1,26,34.94190483699871,24.509219142235604,49.81808341880782,123.39256494032671,1.1444053542958772,False
7,ETCH-01,91,1,27,34.950213622023675,24.493984607604652,49.981270119765675,123.34858889821403,1.0823958163912828,False
7,ETCH-01,92,1,28,35.07097454222314,23.1280637787566,50.022084239844766,122.95890722459663,1.179497298914346,False
7,ETCH-01,93,1,29,34.96459519790488,25.528463646104946,50.16283894548751,123.91665577522272,1.1208514960585136,False
7,ETCH-01,94,1,30,34.919127754572045,23.73994411709449,50.114454326015945,123.52032854480191,1.1777939495714236,False
7,ETCH-01,95,1,31,35.121727095196476,24.908251752843565,49.94735332485697,123.78694267504011,1.27741438494187,False
7,ETCH-01,96,1,32,34.91602170647324,24.11868206655415,50.0288894475892,123.73883499965231,1.3860962869855822,False
7,ETCH-01,97,1,33,35.10522490371898,27.08674311363729,49.72616233756385,123.92497990453285,1.3461531588946893,False
7,ETCH-01,98,1,34,34.91407662590599,28.084107209330085,50.057335394820264,124.04204088037696,1.393990980380768,False
7,ETCH-01,99,1,35,34.96854133923504,28.660319883088647,50.02451561793057,124.30789744366271,1.2524590262738495,False
7,ETCH-01,100,1,36,34.87169061529772,29.40046271789992,49.92033548569867,124.04466910979947,1.3530023020241433,False
7,ETCH-01,101,1,37,34.797110976806735,33.465118914587194,50.16401245796819,124.75587516911912,1.1774816266061436,False
7,ETCH-01,102,1,38,35.06968175418422,29.869876610771705,49.754796055844494,125.05206951726318,1.4531122462058497,False
7,ETCH-01,103,1,39,35.003686926702414,30.160684959369398,49.93713936664064,124.35870763321728,1.3504144107631713,False
7,ETCH-01,104,1,40,34.95982242026715,30.215218101173956,50.01596811706557,125.36327032932468,1.4251973011938894,False
7,ETCH-01,105,1,41,34.992056111561055,33.82336481855481,49.646929344357495,124.49015206290105,1.5374530882961266,False
7,ETCH-01,106,1,42,35.11136879895476,30.042631555860527,50.01194674993462,125.08595445068686,1.5286396229446964,False
7,ETCH-01,107,1,43,35.08424005492161,34.485600253511535,50.00179816931313,125.69517432633452,1.5604650990127726,False
7,ETCH-01,108,1,44,35.03955741384142,33.871453334746555,49.832256500188166,125.06613556525262,1.5192783395111487,False
7,ETCH-01,109,1,45,34.93055841920333,33.4231355471553,49.9933512224099,125.11678641092286,1.5555751386710015,False
7,ETCH-01,110,1,46,34.92992148552116,37.023798819226215,50.03495113193942,125.3145728156674,1.5677860151982124,False
7,ETCH-01,111,1,47,35.06475442504842,34.938279206402726,49.83114504372159,125.50428672658434,1.5860936918971513,False
7,ETCH-01,112,1,48,35.095167742714786,34.96434962858898,49.872612033969865,126.22062974060324,1.6057369823931622,False
7,ETCH-01,113,1,49,35.00734964219238,35.62473321994763,50.03732005290999,126.0076048765973,1.700130150785832,False
7,ETCH-01,114,1,50,35.141327117280404,34.76959852616402,50.00054686175196,126.15419228978735,1.719713644812749,False
7,ETCH-01,115,1,51,35.10813539881555,37.53760740574432,49.959067400109916,126.2430367283558,1.628483053124756,False
7,ETCH-01,116,1,52,34.896061151047036,39.414946253025185,50.0914397022122,126.80791268194943,1.8221694889758535,False
7,ETCH-01,117,1,53,35.14906413433094,38.92316266014228,50.08904970266819,126.01196613089405,1.79586778041967,False
7,ETCH-01,118,1,54,35.081644604647366,38.17976459729944,50.11141804440472,126.36593728186634,1.776991958397979,False
7,ETCH-01,119,1,55,34.97147691435187,39.016842015240975,49.86277846362272,126.46801686895837,1.9529247655461304,False
7,ETCH-01,120,1,56,35.01453314991265,41.46840163738102,49.975601497057575,126.31026786201258,1.7461328701499326,False
7,ETCH-01,121,1,57,35.11057835433864,39.73152000287755,49.95411769160178,127.09381534216388,1.72104687151699,True
7,ETCH-01,122,2,0,34.93361265450284,6.454843310346948,50.05759932612976,119.32452916649103,0.45964978464475037,False
7,ETCH-01,123,2,1,34.95691521383567,7.557439026167742,50.23318213247241,119.81280257718406,0.5485406868012436,False
7,ETCH-01,124,2,2,35.06051172822631,8.494211753611332,49.97319897737139,119.87189993503861,0.565622686619933,False
7,ETCH-01,125,2,3,35.026669540613725,6.925666461982578,50.02081339408011,120.11764293928279,0.5052117703517455,False
7,ETCH-01,126,2,4,35.03727588876371,7.332633161498549,49.938204284620554,119.69864994717918,0.5286293799112697,False
7,ETCH-01,127,2,5,35.069826348116514,10.853960011924517,50.05956297239217,120.69630160084694,0.6069669057358673,False
7,ETCH-01,128,2,6,35.0330626980729,10.723923479436264,49.9897693625717,120.72281347357284,0.6310203897858493,False
7,ETCH-01,129,2,7,35.02284213294454,12.391350084949748,50.01699273441376,121.04574682379618,0.6235818099630513,False
7,ETCH-01,130,2,8,35.06366242151246,12.649276255515321,50.062962349743884,120.5948016105423,0.6680927775898219,False
7,ETCH-01,131,2,9,34.984429004437246,12.083868305842813,50.1183217106509,121.60540920677681,0.6817727047045364,False
7,ETCH-01,132,2,10,35.067326050517764,13.931596910026764,50.014271154956916,121.74439920246157,0.6680281607301978,False
7,ETCH-01,133,2,11,35.109899570230745,13.144438379946854,49.968536312137985,121.14627422220951,0.7936967211908064,False
7,ETCH-01,134,2,12,34.96764018458519,14.53654602015387,50.000389393053254,121.52114732181948,0.6800966899698918,False
7,ETCH-01,135,2,13,35.02336261703938,15.808894847844638,49.943908731518874,122.22025105129532,0.7753908874820146,False
7,ETCH-01,136,2,14,35.13664312321257,16.384674768642014,50.04645291909476,122.32221724877039,0.85621848982666,False
7,ETCH-01,137,2,15,34.9660007026339,16.472677095817197,50.30469878034741,121.14574634603323,0.9815251913373227,False
7,ETCH-01,138,2,16,35.03202727113606,18.06876416680719,50.005422547338725,121.61159601866822,0.9561727413737401,False
7,ETCH-01,139,2,17,34.880632213895936,17.395125327946083,49.92444853412576,122.23225947364729,0.7935306109755872,False
7,ETCH-01,140,2,18,35.01912459064671,19.350655321910644,49.88091570646218,122.77950000480578,0.8429130584732503,False
7,ETCH-01,141,2,19,35.05711681412638,19.788716755300733,50.02275443503751,122.61712781561637,0.8980557390493136,False
7,ETCH-01,142,2,20,35.01649620400168,16.624410745373474,50.02956057817504,122.1805324651845,0.9287178749999508,False
7,ETCH-01,143,2,21,35.04785437800923,16.495364217892796,49.83817741895067,122.52362940865153,1.0134788501386442,False
7,ETCH-01,144,2,22,34.96375597607117,21.08697525814376,49.96346954352363,122.60146264038751,1.0831062083855798,False
7,ETCH-01,145,2,23,34.88120684673851,19.1275873096304,50.11099125480322,122.37984915705265,1.0091631296243364,False
7,ETCH-01,146,2,24,35.01663165565537,20.964906067292972,49.87450477927574,122.93603547854835,1.0040253922441253,False
7,ETCH-01,147,2,25,34.973125590003036,22.75170759666021,49.87022298323821,122.97926660835776,1.1171638051984711,False
7,ETCH-01,148,2,26,34.95442020348388,19.352198944743197,50.23165185083333,122.93321097712005,0.9981822340713509,False
7,ETCH-01,149,2,27,34.98319839441204,24.21216921101483,50.04095179540279,123.07082925274999,1.0918321844954209,False
7,ETCH-01,150,2,28,35.03527749084436,19.5732835402375,50.22533945843154,123.15126429029272,1.0445205355330427,False
7,ETCH-01,151,2,29,34.981798176399735,23.283670405945728,49.93139322826447,122.95675326465032,1.1107849004490362,False
7,ETCH-01,152,2,30,34.901591235485725,25.773487705424124,50.00909814509737,122.99299642570725,1.0364417094473994,False
7,ETCH-01,153,2,31,34.97992901037875,27.449141881006728,49.82393490374853,123.25911055390448,1.2324950264224284,False
7,ETCH-01,154,2,32,35.080151747909206,24.950850395192937,50.24809046633301,123.5807514788922,1.1959595042968576,False
7,ETCH-01,155,2,33,34.975518101912016,25.497817248140546,50.16042514603393,123.9271736225862,1.2061108351398964,False
7,ETCH-01,156,2,34,35.02100551361385,25.875377523213302,50.20796407624415,124.65869441119091,1.2471846442523518,False
7,ETCH-01,157,2,35,34.97510229285997,28.60682474520212,49.95689948449174,123.15100446742179,1.2511659807883562,False
7,ETCH-01,158,2,36,35.059268730531585,28.46651627738534,50.17966275758123,124.29241542409314,1.3237596594712888,False
7,ETCH-01,159,2,37,35.06163288518829,26.76635113698663,50.04033523477547,124.69644857675601,1.389206209043619,False
7,ETCH-01,160,2,38,34.93410230514086,27.287161753432873,49.90572683654975,124.7795651334231,1.329637577664459,False
7,ETCH-01,161,2,39,34.96135898901517,30.67404723441977,50.04164827558936,125.228728906091,1.3306331905133417,False
7,ETCH-01,162,2,40,34.977321860352006,31.12604035711856,50.08778421248182,124.3494122962974,1.378439536122824,False
7,ETCH-01,163,2,41,34.922669119248624,31.708944949771688,49.9174676685076,125.1216473128887,1.339136552196386,False
7,ETCH-01,164,2,42,34.98472402229646,32.6463437601559,49.914113794397124,124.97428158122122,1.4007455889013685,False
7,ETCH-01,165,2,43,34.985048161201995,32.60500410794195,50.27635322231622,125.30555398459083,1.4783209138670617,False
7,ETCH-01,166,2,44,34.94704084736768,34.12370135081328,50.07068016156162,125.03800055063971,1.4744497746714091,False
7,ETCH-01,167,2,45,35.05948094431411,34.190514154711025,49.855137677858295,124.79486162126148,1.5550089902859285,False
7,ETCH-01,168,2,46,34.994725274104,30.566701215560748,49.89329382779031,124.79760179831928,1.4788880401758733,False
7,ETCH-01,169,2,47,35.02499223181296,34.2864469416932,49.88950311820601,125.10705255109951,1.6344968050947721,False
7,ETCH-01,170,2,48,35.08128466052592,35.74914430285987,50.05410404834438,125.25547757474138,1.5679681153635319,False
7,ETCH-01,171,2,49,34.960357374892915,36.766861423304825,50.02342135939945,125.38677190646521,1.6183592630000359,False
7,ETCH-01,172,2,50,35.059972683988875,36.73321631341253,49.9678852043506,126.25833779792954,1.5421123458848884,False
7,ETCH-01,173,2,51,34.88893545262816,37.58401336232866,50.067068328349876,126.25349052513116,1.680180661952999,False
7,ETCH-01,174,2,52,34.996118568369454,35.62433841676716,49.858715213611546,126.3178184804332,1.7068848179709986,False
7,ETCH-01,175,2,53,34.96298578281587,35.67444979047786,50.00332702912405,126.39510388039378,1.6461975484621931,False
7,ETCH-01,176,2,54,34.972583867477574,37.5640171545913,49.86527603134012,125.83674851813662,1.6421630535591418,True
7,ETCH-01,177,3,0,34.93446218509744,7.528436214190544,50.10146171944819,120.4985858675354,0.5078961227127875,False
7,ETCH-01,178,3,1,35.0000683978086,8.71419364604743,49.95252518389183,120.13763003625058,0.5338558859060925,False
7,ETCH-01,179,3,2,35.13654895112471,10.43052822054097,50.08549262309985,120.41618482134227,0.5401846465433378,False
7,ETCH-01,180,3,3,34.962739078941915,9.199157360881406,50.05200572847154,120.56101204267286,0.5636198458881719,False
7,ETCH-01,181,3,4,35.054008963363955,10.961636454245298,49.95300701719882,120.08747710351354,0.5884328180176293,False
7,ETCH-01,182,3,5,34.977005526009066,10.810098432743214,50.08603384721967,120.88960429771896,0.564160269505466,False
7,ETCH-01,183,3,6,35.00303971482436,11.946460398515704,49.98766561808568,120.76293505064068,0.5877226774776615,False
7,ETCH-01,184,3,7,35.01521358677708,11.973712456262165,50.01780998072316,120.20132010483644,0.7038770689401347,False
7,ETCH-01,185,3,8,34.86559542624632,11.643411271475298,49.90397301578772,120.86437074718053,0.6953628965046439,False
7,ETCH-01,186,3,9,34.962614508144725,12.503985284719462,50.0018816211214,120.68466290519066,0.678979169674452,False
7,ETCH-01,187,3,10,34.841487887208395,15.749794748064318,50.007749169597396,120.59046791502688,0.7496504372444114,False
7,ETCH-01,188,3,11,34.83832780919738,14.45790055343387,50.13182621750265,121.31871292380193,0.7971771455718916,False
7,ETCH-01,189,3,12,34.96987617382645,14.033599871599998,50.17335585412858,121.04089771587216,0.7507464395008732,False
7,ETCH-01,190,3,13,34.997377927969325,16.551481311439638,50.062570988641895,120.73438788113826,0.8508076213488133,False
7,ETCH-01,191,3,14,34.9806139652254,16.86152016830358,49.952833070111446,121.67789231041802,0.6900711927959288,False
7,ETCH-01,192,3,15,35.018747073684494,15.528674250258726,49.96740941334411,121.59609638319509,0.8872197469328199,False
7,ETCH-01,193,3,16,34.85844381441866,18.36770441854794,50.127977740664406,121.09585235056197,0.8515373971341264,False
7,ETCH-01,194,3,17,34.91654767930105,18.521452814829942,50.072634119350866,121.06353575630621,0.9171855332338691,False
7,ETCH-01,195,3,18,34.87423105067264,17.127493815299964,50.0135709284173,121.94984720720313,0.9465885058532582,False
7,ETCH-01,196,3,19,34.98958760515323,19.94374407523799,49.99043522102654,122.05030143013987,0.8147373269769235,False
7,ETCH-01,197,3,20,34.96231422661133,18.399402668176855,49.98079798390207,122.89372865733155,0.9076625154407699,False
7,ETCH-01,198,3,21,35.07660447647515,19.784570442239975,49.85039605152089,121.86725846247585,0.9262886409207098,False
7,ETCH-01,199,3,22,35.072840066492645,22.636725285675748,50.08795024857685,122.62186127086939,0.9322439394694655,False
7,ETCH-01,200,3,23,34.90613566215892,21.520351539099487,49.85414144710724,121.97530967871114,1.0082303191530886,False
7,ETCH-01,201,3,24,34.94511473589864,21.037073572832927,49.81508422203378,123.25705256194433,1.0702290502721836,False
7,ETCH-01,202,3,25,35.057166375388974,24.82517110543867,49.87311259751181,123.38036599884944,0.9729687311580877,False
7,ETCH-01,203,3,26,35.001487037118956,23.406405394866688,50.07978288009692,122.20104340867731,1.0629931566600404,False
7,ETCH-01,204,3,27,34.98548862859211,21.946537961879198,49.88641877208522,123.33917806342235,1.2281562758899203,False
7,ETCH-01,205,3,28,34.96738660142838,23.485834372460822,50.11037872940877,123.74302050800081,1.0729721931535674,False
7,ETCH-01,206,3,29,35.064289438580445,23.805233938325262,50.05012162278555,123.48896957437321,1.1226267086484956,False
7,ETCH-01,207,3,30,34.957132136971346,25.59542311839246,49.92705013311015,123.72856733416097,1.1381525918593522,False
7,ETCH-01,208,3,31,35.02962748755031,24.864431812443616,50.260125531710784,123.25734904706897,1.3004609828119067,False
7,ETCH-01,209,3,32,35.03783164524317,23.386392512956334,50.0688870581708,123.79653452798834,1.247003380097338,False
7,ETCH-01,210,3,33,34.96647913029631,26.629588742291766,49.86870453593519,123.57819278393356,1.235936088606091,False
7,ETCH-01,211,3,34,34.91278446431376,26.400158112705334,49.9165451351357,123.93764894877809,1.3086881946052642,False
7,ETCH-01,212,3,35,34.97713114698125,28.420690795060192,50.13017228982548,124.3007339739103,1.3366548061976375,True
7,ETCH-01,213,4,0,34.87610571697447,7.628798097346551,50.26203467237604,119.84524282233951,0.5254290673424864,False
7,ETCH-01,214,4,1,35.19197654194935,7.122193505715041,50.015665611171265,119.95524393936678,0.5241537509393551,False
7,ETCH-01,215,4,2,34.89070238185022,8.504536851160434,50.00512000082439,120.5458958525174,0.5334382637061629,False
7,ETCH-01,216,4,3,34.97604828295165,10.689765348225155,49.99112530376469,120.05649696350463,0.584924030330451,False
7,ETCH-01,217,4,4,35.05706952406861,11.860767413919238,50.046716053475464,120.222390008498,0.546449860756034,False
7,ETCH-01,218,4,5,35.04341411750236,9.09244470232764,49.93108245334907,120.77056021004219,0.6668330691946874,False
7,ETCH-01,219,4,6,35.005024767368205,10.698431313865722,50.08356098875903,120.64928143468799,0.6542397518736613,False
7,ETCH-01,220,4,7,35.04624506495625,10.867770288115508,49.856127904135356,120.9706228671912,0.7086245110109346,False
7,ETCH-01,221,4,8,34.94365385307694,12.015282882704934,49.82771629015729,120.33132707483351,0.7526916289332419,False
7,ETCH-01,222,4,9,34.97647809066118,15.888927004994965,50.03433602090147,121.36815409037254,0.5732130915478368,False
7,ETCH-01,223,4,10,35.02460791294701,12.552991601927953,50.009824650512385,121.0183026113436,0.7834196661636381,False
7,ETCH-01,224,4,11,34.96902591139805,13.76306489524318,49.88445858921461,120.69374789586257,0.6795435865852093,False
7,ETCH-01,225,4,12,34.926487459288985,12.657886480016021,50.18839362521719,121.53551733310607,0.8496491194907204,False
7,ETCH-01,226,4,13,35.01100360507087,15.277026986333217,50.16220229565264,121.76364608168383,0.791871985615636,False
7,ETCH-01,227,4,14,35.010970445233276,17.86219361051573,50.090254427567146,121.31859853501552,0.7769388598458529,False
7,ETCH-01,228,4,15,35.03161010236925,15.86714047573256,50.0154108166055,121.74839881516891,0.7998931027163387,False
7,ETCH-01,229,4,16,34.82685450534914,15.594011100286753,49.93090184539438,122.2290364884856,0.827863940679131,False
7,ETCH-01,230,4,17,35.02947825058267,17.004937399604735,49.863718856446326,121.9528190598545,0.9455693100587531,False
7,ETCH-01,231,4,18,34.98506503202614,20.725110520435372,49.93039702348037,122.20760204908677,0.8884612182570889,False
7,ETCH-01,232,4,19,35.04471840043654,21.183029339307804,49.82373891082496,121.8500632306359,0.9561775677656381,False
7,ETCH-01,233,4,20,34.92349541963792,19.021514973326294,50.271928079558734,122.1407447870275,1.0088743540447802,False
7,ETCH-01,234,4,21,35.11621033784171,20.8425252909936,50.04180638348,122.15815659572843,1.0464314940314807,False
7,ETCH-01,235,4,22,34.936695672517196,21.609157806901926,49.87578380519483,122.30021898871901,1.0538623115392256,False
7,ETCH-01,236,4,23,35.09172014411505,21.59187749805369,50.04127344493096,122.66530306033026,0.9897441260388234,False
7,ETCH-01,237,4,24,35.060347558786894,19.508192757744144,50.087780277363294,122.55955581007531,1.0068674930359052,False
7,ETCH-01,238,4,25,35.08250000597292,21.870212762188316,49.9122779609941,122.98621127492683,1.0709845480514104,False
7,ETCH-01,239,4,26,34.881549637842355,22.40072581594356,49.98087701601463,123.55511002112253,1.113138210818814,False
7,ETCH-02,0,0,0,35.54985007885744,7.507771769792543,50.01286496492071,122.47008361091211,0.47368890234277083,False
7,ETCH-02,1,0,1,35.586853837321584,9.81419749334691,50.27426403976064,124.11545673003215,0.6435113411623213,False
7,ETCH-02,2,0,2,35.47628979266267,10.285884055183892,50.17910171466266,123.2840655129432,0.49266102480372276,False
7,ETCH-02,3,0,3,35.50902762991593,9.010238524819897,50.053416065482274,123.59990068392722,0.5831976999643018,False
7,ETCH-02,4,0,4,35.51369881930138,10.332016215245476,50.010018740236916,123.65020638754092,0.5696488130354336,False
7,ETCH-02,5,0,5,35.42068214854354,10.855076585341582,49.94060257791274,124.14407653757512,0.6360634206610729,False
7,ETCH-02,6,0,6,35.46130669934038,12.557849951215754,49.99692527866329,123.7618652273978,0.6321400399379327,False
7,ETCH-02,7,0,7,35.54480979318285,11.974899679127894,50.08092478905144,123.58357627561932,0.5785853963400911,False
7,ETCH-02,8,0,8,35.520479745478575,13.303445354285817,50.02815560272284,124.33099099684031,0.7391579095451738,False
7,ETCH-02,9,0,9,35.51386944087652,12.74127907432566,49.9760532345919,124.13185231051196,0.6973983648651301,False
7,ETCH-02,10,0,10,35.51112590414163,10.674301232641389,50.08379119358928,123.88666041302936,0.6587619821834055,False
7,ETCH-02,11,0,11,35.61552733443832,15.842250053973823,49.87045651339279,124.35561145476133,0.8065710389146119,False
7,ETCH-02,12,0,12,35.450448611338956,13.419967934984186,50.220733810313334,124.00991656296233,0.7618897487622341,False
7,ETCH-02,13,0,13,35.46261975636241,16.838761944492447,50.02531342738846,125.24404853540554,0.8765520302147951,False
7,ETCH-02,14,0,14,35.52984274656017,17.94388255576014,50.353030745876865,125.27367798887454,0.8394217427413455,False
7,ETCH-02,15,0,15,35.498500420730565,16.29934184454431,50.043847192607544,125.00915141970408,0.8752054018254432,False
7,ETCH-02,16,0,16,35.45973588094129,18.238115825805522,50.210928086754805,125.85319623581854,0.8757908711697151,False
7,ETCH-02,17,0,17,35.42380021518905,17.672965669179156,50.01966649539108,125.12796312396776,0.9510293685197955,False
7,ETCH-02,18,0,18,35.58838512039193,20.16181654910633,49.950144375001464,125.1614037619205,0.849110407751059,False
7,ETCH-02,19,0,19,35.523112554928225,20.549955145501603,49.9987223525271,124.5218901996149,0.9339636247658714,False
7,ETCH-02,20,0,20,35.47937370512259,20.7886113442118,49.83962045737614,125.13775884941717,0.9713777241371186,False
7,ETCH-02,21,0,21,35.49127214808015,21.308454337636192,49.870928337521384,125.18573870388032,0.9381904391426111,False
7,ETCH-02,22,0,22,35.43385638287618,23.198903002586054,50.070225592493124,126.094225982789,0.9969547600402546,False
7,ETCH-02,23,0,23,35.53556255357016,21.683723151601846,50.00590744252075,125.62201775429389,1.0310632743118426,False
7,ETCH-02,24,0,24,35.47628418424179,21.698507257361403,49.99402675980255,125.24816186131602,0.960792152950059,False
7,ETCH-02,25,0,25,35.531626406259804,22.71873579789701,50.13965853636602,126.2308050498234,1.0801565906260406,False
7,ETCH-02,26,0,26,35.43393385962679,23.50122473317531,50.03407959214472,126.43338161724674,1.057883315046007,False
7,ETCH-02,27,0,27,35.434246277188635,23.917849547650007,49.89717744379781,126.50204503777802,1.1521890942905424,False
7,ETCH-02,28,0,28,35.56056314605689,25.569642869072304,49.89866122237979,126.32679314748552,1.1137403468822815,False
7,ETCH-02,29,0,29,35.46319098478468,23.32606084894156,50.04219767462452,127.07589569664712,1.1422454610781032,False
7,ETCH-02,30,0,30,35.49035472802345,26.14566692948832,50.149483009367444,126.50265944776439,1.1859736216146528,False
7,ETCH-02,31,0,31,35.40371296125554,26.46445811272077,50.12672525383124,127.32591704398581,1.2260626145116587,False
7,ETCH-02,32,0,32,35.69131997862109,26.82828449786748,49.94567907943317,127.3060005911647,1.305563125938747,False
7,ETCH-02,33,0,33,35.522932677467494,26.565745092983548,49.985330714900414,127.27911463423209,1.2493989063401156,False
7,ETCH-02,34,0,34,35.519007128651445,26.79561864930855,50.13576311577059,126.66163898844486,1.3380935111796997,False
7,ETCH-02,35,0,35,35.49036560268866,25.840740949692282,49.90099033841908,126.89374234934117,1.2828870473052298,False
7,ETCH-02,36,0,36,35.52946873324624,26.378604847913447,50.085157153337995,127.075063342545,1.278622490025747,False
7,ETCH-02,37,0,37,35.48170273513405,28.30156211968556,50.14211678574004,127.3684773307044,1.4223564709437349,False
7,ETCH-02,38,0,38,35.585559236972315,30.944356045157974,50.118831372955384,126.86463633169701,1.3817012302902167,False
7,ETCH-02,39,0,39,35.44687008530575,29.692532583668697,49.84814295884671,127.94021718768359,1.3445101862783535,False
7,ETCH-02,40,0,40,35.43200695367686,33.69459541693086,50.20617832879337,128.352327061146,1.4116528199507823,False
7,ETCH-02,41,0,41,35.517095194293574,34.323600092422964,50.14587868874393,128.22561023346992,1.4647473125016242,False
7,ETCH-02,42,0,42,35.453412552480025,29.531109903522708,49.98595989699596,128.77454153082203,1.4819726415256196,False
7,ETCH-02,43,0,43,35.386914587172214,32.8943445614005,49.93425069583925,128.05757703501348,1.5512947471164098,False
7,ETCH-02,44,0,44,35.47948956013913,30.683384297829868,50.09930602194003,128.0791081191641,1.526570634156424,False
7,ETCH-02,45,0,45,35.56434518139688,31.78693746890003,49.87400790969098,128.4406993876353,1.5687069747208278,True
7,ETCH-02,46,1,0,35.4825978701085,10.760296135011476,49.92813058604416,122.94881695758697,0.491865436267065,False
7,ETCH-02,47,1,1,35.52860483554522,6.045790498231641,50.060698487055234,122.91068699888658,0.5423569499848468,False
7,ETCH-02,48,1,2,35.55554857116219,8.508440415284701,49.81735706589402,122.58959020990592,0.5468799220811588,False
7,ETCH-02,49,1,3,35.40811032078612,10.32693871633849,49.81305925841853,124.56227935016307,0.6085022526849688,False
7,ETCH-02,50,1,4,35.44267365644681,10.740863696279002,50.019765866674234,123.58044005460292,0.5603476407968216,False
7,ETCH-02,51,1,5,35.54990408012103,11.52167058619744,50.14685517029451,123.27630216340742,0.6233639559692086,False
7,ETCH-02,52,1,6,35.46883919775955,10.485904200129092,50.05429357534497,123.26601641149477,0.6215092857360531,False
7,ETCH-02,53,1,7,35.52041269804572,12.31955201790501,49.919696727893324,123.73059469379362,0.7176488277654333,False
7,ETCH-02,54,1,8,35.527968791968206,11.74152963390571,49.73536815317753,123.22228448084154,0.7132253440955456,False
7,ETCH-02,55,1,9,35.473452017371564,12.969462423276514,50.052542587488304,123.90214777278285,0.6209070657085258,False
7,ETCH-02,56,1,10,35.48086752543745,14.363043752002023,50.03508062104335,124.05624566942303,0.7379357981675968,False
7,ETCH-02,57,1,11,35.558746450450954,14.838287732506931,50.14515674783454,124.85374173789462,0.758865878736219,False
7,ETCH-02,58,1,12,35.58400130808895,16.513898957707255,50.02192093613222,123.83392549932023,0.8173228648723582,False
7,ETCH-02,59,1,13,35.47248575194121,15.32839513142861,49.85027405839561,125.15299415139555,0.8002086582506308,False
7,ETCH-02,60,1,14,35.46719461109379,15.223407983523781,49.8812961839745,124.88907911726533,0.9278403748254822,False
7,ETCH-02,61,1,15,35.56966895352203,18.238435875860645,49.84604154097134,124.43808445510442,0.8391018066147449,False
7,ETCH-02,62,1,16,35.559668213718254,18.040476866836045,49.975306366566336,124.9774914482391,0.9107397226637317,False
7,ETCH-02,63,1,17,35.64357649009001,20.829634417853633,50.07048142548952,125.73678077932387,0.8980263028138795,False
7,ETCH-02,64,1,18,35.51174945827427,17.536171162650273,49.93915397197499,125.42429744249644,0.9696275176261906,False
7,ETCH-02,65,1,19,35.56169963952867,18.827990674662622,50.01837533731151,125.02847256585956,0.8787838805079045,False
7,ETCH-02,66,1,20,35.57096877065958,18.53730494219328,50.13010979958838,125.5279404121754,0.9927071838947189,False
7,ETCH-02,67,1,21,35.44782538678663,17.262038523852798,49.949784402229795,125.12849459837805,0.925569969448292,False
7,ETCH-02,68,1,22,35.489471877556,22.973649993649747,50.14785243062932,126.43639064901508,1.0078652547574314,False
7,ETCH-02,69,1,23,35.58577991063661,24.445629602083436,49.92051176502389,126.27394833003628,1.0176986872499836,False
7,ETCH-02,70,1,24,35.58552741014302,22.74649082517109,50.1726114666413,126.13807507835467,0.9072338822138362,False
7,ETCH-02,71,1,25,35.579369698009856,25.189167472343957,49.96421568391886,126.31668330905764,1.0768304952835739,False
7,ETCH-02,72,1,26,35.453957366936,24.01615407809388,50.05357281939611,126.96200364459307,1.1545125071787352,False
7,ETCH-02,73,1,27,35.58750405022387,24.036658536161987,49.853031246565,126.26396868898405,1.1552846424933523,False
7,ETCH-02,74,1,28,35.49419796206497,25.211975236793457,50.02641368831532,125.95647247038,1.181182084412137,False
7,ETCH-02,75,1,29,35.4824918832321,25.709692241148087,49.963374025318686,126.65126961060166,1.112163984053692,False
7,ETCH-02,76,1,30,35.455344864784855,25.22068993207572,49.7936687887626,127.27907518139452,1.1786600162738416,False
7,ETCH-02,77,1,31,35.41408915370984,27.504262405378295,50.06827305382039,126.623963122039,1.2364799310102677,False
7,ETCH-02,78,1,32,35.41414115645313,25.123667159386493,50.06670883239823,126.92885331040627,1.2580769223838268,False
7,ETCH-02,79,1,33,35.39927366664309,26.132226701682317,49.987885531782425,126.91912130441926,1.4007426136130499,False
7,ETCH-02,80,1,34,35.502998557912846,27.82902055389451,49.873061671024765,127.10320654337049,1.2852573261071303,False
7,ETCH-02,81,1,35,35.41408161864158,30.166562719634197,49.89284473887352,126.87879619907594,1.309521078155535,False
7,ETCH-02,82,1,36,35.476659934865566,27.94131653782396,49.91913845077779,126.47374912987883,1.270609556769878,False
7,ETCH-02,83,1,37,35.43836734803035,30.099316198866365,50.06164765642901,127.38334390290193,1.3856515670845826,False
7,ETCH-02,84,1,38,35.444947965273016,28.226635241051344,49.792474878084,127.74970233335671,1.4122128673487397,False
7,ETCH-02,85,1,39,35.479711492277104,30.81292243052307,49.99804723114174,127.83678016585677,1.3864942600474153,False
7,ETCH-02,86,1,40,35.517410724332365,34.108732347326544,50.05966804451998,127.71038118028041,1.4454947961895257,False
7,ETCH-02,87,1,41,35.457631387482806,32.79880804442778,50.06922435383304,128.11946467651418,1.4154448003148519,False
7,ETCH-02,88,1,42,35.3881501307325,30.98319713043449,50.14964028145577,128.62079875502621,1.5488802461985491,False
7,ETCH-02,89,1,43,35.458724106294156,33.590603938782046,49.97854745779876,127.91738000606506,1.5670259491054424,False
7,ETCH-02,90,1,44,35.49659505715347,33.656536203289114,49.98414444725584,128.6033527025492,1.594083235856941,False
7,ETCH-02,91,1,45,35.50808075384931,34.966254600395075,50.0475503742869,128.77521201060443,1.542628548822299,False
7,ETCH-02,92,1,46,35.342713253661984,38.34781989295133,50.001918740177295,129.11714718479084,1.6542096866385783,False
7,ETCH-02,93,1,47,35.48153463557988,36.82050060882515,49.952693484005785,128.32914705152572,1.6773338032876524,False
7,ETCH-02,94,1,48,35.49255692921548,37.21630943279116,50.26278513910798,129.58379009834644,1.7090421957269037,False
7,ETCH-02,95,1,49,35.483796939430604,36.814923412359974,49.8989297334699,128.86269921969415,1.6207728437511733,False
7,ETCH-02,96,1,50,35.49975197595197,38.76721198710537,50.04411750696305,129.90546089184053,1.6913149156535578,True
7,ETCH-02,97,2,0,35.414990608906294,5.433793572358781,50.23158363089118,123.34011843248462,0.5553621388272247,False
7,ETCH-02,98,2,1,35.4567555677182,8.681120297889038,50.01950691166694,123.51951456353258,0.455200870221382,False
7,ETCH-02,99,2,2,35.5045336166954,9.65565990656835,49.989973728116965,123.09813089240852,0.490521096666334,False
7,ETCH-02,100,2,3,35.60297615518464,11.703674107529022,50.17166646082243,123.77216412604655,0.47912341573663025,False
7,ETCH-02,101,2,4,35.488924498987274,10.343011779120285,49.96384902062409,123.36682678953325,0.4902288632011554,False
7,ETCH-02,102,2,5,35.374164312847896,11.170150555014352,49.906885144392376,123.78840545179276,0.7193131259079089,False
7,ETCH-02,103,2,6,35.538251786506635,12.543234834741389,49.92549700254997,124.61539034233041,0.646307071576733,False
7,ETCH-02,104,2,7,35.41434861876725,12.911922562345827,49.93319687284649,124.33785590292311,0.5755792192132236,False
7,ETCH-02,105,2,8,35.52124543834203,14.176665229404051,50.068332450667896,123.70036118562459,0.6217171230500966,False
7,ETCH-02,106,2,9,35.50035587824124,13.634970243774905,49.96899499708316,123.63598877407985,0.7402442782491798,False
7,ETCH-02,107,2,10,35.46329349886862,14.266396283952252,49.79465493067296,124.06753174422099,0.6876416135020591,False
7,ETCH-02,108,2,11,35.476680248634935,14.03514437747919,50.10640667684608,123.91088043592943,0.8117790727882401,False
7,ETCH-02,109,2,12,35.52699286700582,14.416538013637952,49.97316497928979,124.39162059391924,0.7749698261658361,False
7,ETCH-02,110,2,13,35.42842788083592,12.909244967425261,49.712077138115276,125.1222156946026,0.8006589269073732,False
7,ETCH-02,111,2,14,35.53581820999257,18.54874946779855,50.059927189338026,124.55126159842273,0.7732008602096233,False
7,ETCH-02,112,2,15,35.582008301527445,16.35457072645135,50.09555256944883,125.1285075589464,0.8020169636941447,False
7,ETCH-02,113,2,16,35.43879811492205,15.083668784274508,50.26504772273108,125.04080084920622,0.8645523828708266,False
7,ETCH-02,114,2,17,35.613448056459745,17.781974186737116,50.043118486747154,124.39325584614437,0.9170244568233418,False
7,ETCH-02,115,2,18,35.5490893692028,17.449598006051474,50.22479160988793,124.89376077249779,0.9227824908803873,False
7,ETCH-02,116,2,19,35.453836984987745,20.143571414963056,50.28315088653706,124.62714286947073,0.9513470515342153,False
7,ETCH-02,117,2,20,35.55745518939519,19.84461569489781,50.07641708524112,125.33942816333285,0.9593459262777729,False
7,ETCH-02,118,2,21,35.45316011706879,20.20861376968215,49.88745257132309,125.6276942193833,0.9305553619446801,False
7,ETCH-02,119,2,22,35.59384994005323,21.468727555010958,50.16502196144631,125.3687924697867,0.9066635209933673,False
7,ETCH-02,120,2,23,35.552734712710944,19.48419262194394,49.744606155343696,125.06522636008681,0.9336259300045825,False
7,ETCH-02,121,2,24,35.46821840461506,21.302480613528086,50.08270494726527,125.66206537585185,1.0005488567984666,False
7,ETCH-02,122,2,25,35.552267341466525,19.3542396133007,50.159353583279525,125.66672336534828,1.0103923090615217,False
7,ETCH-02,123,2,26,35.6278504136978,22.14334060598467,50.07109608306503,126.12922303998656,1.0174811868553013,False
7,ETCH-02,124,2,27,35.47919488976897,23.37255028645381,50.040780079816656,126.71487555221093,1.146856745391481,False
7,ETCH-02,125,2,28,35.57516457893078,24.29918460394438,49.78999670960286,125.95792507666735,1.1467492970242272,False
7,ETCH-02,126,2,29,35.41790403263641,22.62070091199348,49.99371747013656,126.34077384885825,1.0933460302858702,False
7,ETCH-02,127,2,30,35.599983562059506,23.055263996941274,49.93657470493539,126.80824097988491,1.131592779484048,False
7,ETCH-02,128,2,31,35.52082571461649,23.275539053871643,50.08903464424919,126.85302693871301,1.0797281547451312,False
7,ETCH-02,129,2,32,35.548475844181574,25.694101255077555,49.921950387755544,126.8480757362333,1.1322618418967634,False
7,ETCH-02,130,2,33,35.3836082370398,26.39258540638957,49.775407171696216,126.35645935510874,1.183757979516503,False
7,ETCH-02,131,2,34,35.44424915816039,31.417345695714296,50.04617109169546,126.30446271362958,1.2457330240763453,False
7,ETCH-02,132,2,35,35.54426042320238,26.29546473773223,50.245996873092636,127.26567571836787,1.2438220134035187,False
7,ETCH-02,133,2,36,35.40364335407718,27.891970530863468,49.97020042792951,127.21080978711072,1.3292619071078502,False
7,ETCH-02,134,2,37,35.52734512112663,26.188329249305298,49.9550316380774,127.51109263430506,1.2518714785027392,False
7,ETCH-02,135,2,38,35.505337687537924,29.338305376443497,50.06500236564227,127.82742684129104,1.3584078681299523,False
7,ETCH-02,136,2,39,35.501764794389324,28.839019825475805,49.86655274696871,127.18564825371689,1.4105765318950039,False
7,ETCH-02,137,2,40,35.67134740267339,32.73453761774647,49.91004458404104,128.08460165844332,1.3687854376814126,False
7,ETCH-02,138,2,41,35.58498202116619,30.265193082289613,50.16462888623187,127.87377452524694,1.4492168081718138,False
7,ETCH-02,139,2,42,35.60372947410555,30.309905221374247,50.004984210534715,127.93073210433866,1.4027338604443558,False
7,ETCH-02,140,2,43,35.4056992162368,34.91470236864643,50.061495920205786,128.3976072511689,1.4834772571068537,False
7,ETCH-02,141,2,44,35.52475572402195,32.637949169003164,49.89384194703943,128.3015170901307,1.4408998161729296,False
7,ETCH-02,142,2,45,35.407781321907734,32.161707203071174,50.01894229390517,128.89202311364812,1.465023118330112,False
7,ETCH-02,143,2,46,35.44377050410101,35.22516164127134,49.88416140373794,128.1292760868151,1.4785098714246723,False
7,ETCH-02,144,2,47,35.53173245163033,33.45836246481727,50.061859872328945,128.81101385346375,1.4619937661242837,False
7,ETCH-02,145,2,48,35.428891665489786,33.462877830795016,49.92096010679923,128.45193046337238,1.5165971245242351,True
7,ETCH-02,146,3,0,35.48229347648525,6.967574063175936,49.75741792784402,122.96769752523194,0.4934809904630063,False
7,ETCH-02,147,3,1,35.45163863337322,7.445257599608331,50.10156904485761,123.56874577475688,0.5149921905762124,False
7,ETCH-02,148,3,2,35.50081120874493,9.064153127731943,50.05150640772015,122.89777128861886,0.47554934785919406,False
7,ETCH-02,149,3,3,35.580147400242694,9.427527233216916,50.262449696066945,123.10683264170527,0.6263617396087159,False
7,ETCH-02,150,3,4,35.53821516862232,9.23019902909532,49.95395338524708,123.72341266210267,0.6327207124861133,False
7,ETCH-02,151,3,5,35.48387047629658,10.671395708316586,49.78227201946194,123.59494422054934,0.6778588205584778,False
7,ETCH-02,152,3,6,35.55100080207503,11.161599243757049,49.97122267991856,124.89268128801238,0.587906848554434,False
7,ETCH-02,153,3,7,35.452882343562784,13.871326007882576,49.88397883221428,123.87947378474357,0.664455453542756,False
7,ETCH-02,154,3,8,35.502242359095675,12.140076645761354,49.86876505232967,124.13692642500114,0.7283432181821071,False
7,ETCH-02,155,3,9,35.489478692804184,14.329856195625535,49.862519778980044,123.59854964527965,0.6522407660164786,False
7,ETCH-02,156,3,10,35.59715388798903,13.880415019386106,49.96741719191731,124.80325320323132,0.8474483145946378,False
7,ETCH-02,157,3,11,35.51950787277586,13.968622651706486,50.04988967408082,124.85018350874232,0.7703305471071673,False
7,ETCH-02,158,3,12,35.487613041972125,13.657650509710106,49.943018114056244,124.19394857058201,0.7544470573893332,False
7,ETCH-02,159,3,13,35.51331488875194,14.413799178251205,49.986621647570935,124.8362489804363,0.7326612597967652,False
7,ETCH-02,160,3,14,35.48082818664422,16.826887044432333,49.794466558360526,124.86668987011865,0.8950350168816577,False
7,ETCH-02,161,3,15,35.4937874411666,15.774084100380714,50.173981585939735,124.8739529757351,0.7816838168533509,False
7,ETCH-02,162,3,16,35.64457565835487,17.11183273195625,50.05945200361997,125.49012515477412,0.7849401044989104,False
7,ETCH-02,163,3,17,35.41967137696211,17.86211591573373,50.07117168614227,124.93995441270965,0.8652170794947892,False
7,ETCH-02,164,3,18,35.48936927061163,19.977763966626846,50.11298510495048,125.99451860202718,0.9147319067966976,False
7,ETCH-02,165,3,19,35.485774464961274,19.867171194024586,49.79345149815907,125.9569263793921,0.9401075086777639,False
7,ETCH-02,166,3,20,35.520445897253964,19.430229305285923,49.985939403954674,125.68495357091857,0.9842930586965446,False
7,ETCH-02,167,3,21,35.394333166382005,20.96081656141056,49.901881321078086,125.51195931456546,0.9983778786891435,False
7,ETCH-02,168,3,22,35.613008381509886,21.102796466083458,49.97700371592988,125.78225378501716,0.9612737057222098,False
7,ETCH-02,169,3,23,35.52755362507172,20.69707331759971,49.90675120555048,125.02486357607617,1.0252479020423215,False
7,ETCH-02,170,3,24,35.471537496161055,20.854665779715834,50.00746027904685,125.63350315573526,1.0555334751726637,False
7,ETCH-02,171,3,25,35.576345411872396,20.471208477055978,50.101866534009346,126.81810897997862,1.0309818442113787,False
7,ETCH-02,172,3,26,35.440456635414634,23.440624537879152,50.147902983460774,126.76329930994197,1.1064372355903116,False
7,ETCH-02,173,3,27,35.46594698815842,21.67562900494705,49.93883073122917,125.78464108844373,1.1528014081033597,False
7,ETCH-02,174,3,28,35.533405613075075,25.59302145188936,49.98681990420603,126.60932040104146,1.095055745255289,False
7,ETCH-02,175,3,29,35.56448460116094,23.877049613443944,50.01400238394307,126.98949263641903,1.1733423581933315,False
7,ETCH-02,176,3,30,35.365986851081296,27.451758199103246,49.92583322341479,126.35273184818352,1.132955667648456,False
7,ETCH-02,177,3,31,35.5652785870286,25.359240754782974,50.1656815942615,126.85885647752457,1.235346077088017,False
7,ETCH-02,178,3,32,35.54371870046573,25.808455003288522,50.080542036052606,126.55766054934254,1.2604357234526542,True
7,ETCH-02,179,4,0,35.57882026882623,5.184209615512189,49.97380240472446,123.32981981237472,0.4555378053593209,False
7,ETCH-02,180,4,1,35.48473862138123,10.456189946806823,49.98996829944419,122.89439526002623,0.4851754904184757,False
7,ETCH-02,181,4,2,35.40960832520638,8.105118559652734,49.89225685718825,123.61704019291952,0.5233497052192199,False
7,ETCH-02,182,4,3,35.52820276713989,8.497761397961598,49.89000992286305,123.78227467666552,0.5050052381935832,False
7,ETCH-02,183,4,4,35.451356690352426,9.91126306150018,49.91961299794934,123.41375890220002,0.5153224417865296,False
7,ETCH-02,184,4,5,35.52148515982156,10.201617569545816,50.197686875597256,123.90747417534052,0.6738744690310465,False
7,ETCH-02,185,4,6,35.39911781678525,12.673362606106432,49.99593053979822,123.84869162298678,0.5928074504165532,False
7,ETCH-02,186,4,7,35.51943360205293,15.111297347405591,49.87544536763477,123.6638318958397,0.6787686963865933,False
7,ETCH-02,187,4,8,35.43739323669431,15.774413288931763,50.11913588965457,124.14937446082982,0.618015328099721,False
7,ETCH-02,188,4,9,35.52798073677632,12.74173342349081,49.96176323962625,124.26045096303524,0.778271339481183,False
7,ETCH-02,189,4,10,35.48198765852935,17.174400156200115,49.96733957753033,124.5996562812093,0.7243022106338859,False
7,ETCH-02,190,4,11,35.47777595053365,14.359829253741486,50.03621916719662,124.27793988814338,0.8557092490866399,False
7,ETCH-02,191,4,12,35.45622493549895,12.257136879261727,49.92125480341364,124.59075326803308,0.811330711097429,False
7,ETCH-02,192,4,13,35.57694842107514,14.873548804629882,49.79175652565878,125.48466998995994,0.7983603422437533,False
7,ETCH-02,193,4,14,35.49778918239253,18.718028076022588,50.206328517327975,124.1431547711824,0.7417712395590101,False
7,ETCH-02,194,4,15,35.444652167758974,17.26027723220478,50.051088174247795,125.22986052739448,0.8431671366468709,False
7,ETCH-02,195,4,16,35.54375996126625,17.193453001676552,50.248169114932104,125.24793586450855,0.8964679408991275,False
7,ETCH-02,196,4,17,35.45525513117306,17.138108521301646,50.137870241755465,125.35446959368167,0.8732327980798857,False
7,ETCH-02,197,4,18,35.533471142598856,16.48151478546454,49.799773355312055,124.88016192965135,0.9018878834758285,False
7,ETCH-02,198,4,19,35.61185752253307,19.903715181802657,50.119605936488654,125.49510735363174,0.9276597327701637,False
7,ETCH-02,199,4,20,35.4810280687734,20.706706048147964,50.00411867981451,125.04963235370306,1.000782894196541,False
7,ETCH-02,200,4,21,35.402163021511306,20.273232681106993,49.63553533895319,126.12125098543056,1.042506077901009,False
7,ETCH-02,201,4,22,35.457030274187716,20.851371929300903,50.01967051150028,125.47696569388827,1.0640636339961236,False
7,ETCH-02,202,4,23,35.551933403328874,19.967223725355502,49.76319541084103,125.48534844067785,1.0288927670974666,False
7,ETCH-02,203,4,24,35.47068902445535,22.457912017347304,50.06989328769988,125.75885790903757,1.113503680035652,False
7,ETCH-02,204,4,25,35.508956143491176,21.325703006929405,49.871750654599644,126.25779636179823,0.9839026250262031,False
7,ETCH-02,205,4,26,35.533094658416886,23.68686316627267,50.12716581669015,126.25972431453204,1.0963224342450517,False
7,ETCH-02,206,4,27,35.48757958703295,22.954178788048083,49.91438527566945,126.44750759868494,1.1493794379978985,False
7,ETCH-02,207,4,28,35.51059107119946,22.803615218268845,49.88963027460362,126.58922941229221,1.1613498941694262,False
7,ETCH-02,208,4,29,35.56215696383261,23.245054456113316,50.048793715787326,126.90383687300466,1.1390043699372132,False
7,ETCH-02,209,4,30,35.52581242883018,23.17944328453605,50.12743046063483,126.51684452099718,1.2130605886020098,False
7,ETCH-02,210,4,31,35.51805439280521,24.460864943194647,50.02829157552603,126.62358340980161,1.216074711627204,False
7,ETCH-02,211,4,32,35.57520479661633,27.492202062898553,50.065544560724746,127.19462322859958,1.2254547572569676,False
7,ETCH-02,212,4,33,35.53517260643414,25.186636482629797,49.78934178902948,126.58884523689639,1.2237675912567407,False
7,ETCH-02,213,4,34,35.496124492954074,27.701809968103344,50.027699808166346,126.62352496566159,1.344499798871244,False
7,ETCH-02,214,4,35,35.49243949615319,26.80399925235445,49.99300783902086,126.7271697822712,1.3458091977395352,False
7,ETCH-02,215,4,36,35.425309231993964,30.326288809890013,50.025208328960886,127.64786103548906,1.3330477368859817,False
7,ETCH-02,216,4,37,35.4774679789849,28.035437298354303,49.945037444719915,128.14479873813642,1.3460130273697684,False
7,ETCH-02,217,4,38,35.50854706267328,32.87721934121228,50.16177471969502,127.33719423298892,1.2769387672515615,False
7,ETCH-02,218,4,39,35.51582662186932,29.357093487425608,49.97381615405962,127.82738572715921,1.3511789671605778,False
7,ETCH-02,219,4,40,35.49238418380552,34.7351321981088,50.13875635232286,127.96790814584048,1.4520991003012695,False
7,ETCH-02,220,4,41,35.6171719863311,32.2764826507027,50.258913845262995,128.3239242593579,1.4365926304247092,False
7,ETCH-02,221,4,42,35.61331084748558,32.42441455450658,50.19507231974846,128.13820769960097,1.4854212548458505,False
7,ETCH-02,222,4,43,35.42990860140436,33.10345304954073,50.05361045733388,127.44343363705704,1.5834976512492074,False
7,ETCH-02,223,4,44,35.43182887529499,34.70758019947834,49.67098820622933,127.98236256190735,1.4508470241171807,False
7,ETCH-02,224,4,45,35.515087054736156,31.871927176718845,50.064757044030486,128.5812182305653,1.486098824175252,False
7,ETCH-02,225,4,46,35.61184681443656,33.12778399689388,49.98119536026949,129.15336966970924,1.5826668497911736,False
7,ETCH-02,226,4,47,35.48100091660967,33.01995609445545,49.92277842033336,128.39867415715477,1.5969488637820386,False
7,ETCH-02,227,4,48,35.54420437390606,35.593831111224006,50.198792034565216,128.6611629579026,1.6276292675307549,False
7,ETCH-02,228,4,49,35.47879105565515,37.24928683689125,50.202260245456316,128.45814095009433,1.6017609913972535,True
7,ETCH-02,229,5,0,35.5321833512062,8.989859616131438,49.91647580810576,123.15417950160221,0.5692608999811608,False
7,ETCH-02,230,5,1,35.480163097900586,9.387335474995469,50.19387069176674,123.45988379395803,0.5591925549491304,False
7,ETCH-02,231,5,2,35.521471162102145,7.552646527686354,49.91433412618039,122.78689025013878,0.5555030873796952,False
7,ETCH-02,232,5,3,35.47268947121201,9.058529595352699,49.99738763028951,123.60489648380003,0.556445182470572,False
7,ETCH-02,233,5,4,35.504045009773016,12.544341655049086,50.00517990026243,123.45590931309216,0.6423639915594715,False
7,ETCH-02,234,5,5,35.51674367655194,11.841339524864727,50.06779686515494,122.93673151513198,0.5591009484544858,False
7,ETCH-02,235,5,6,35.549850115039575,11.547451901218164,50.00177074818027,124.03849320098155,0.6775003788749066,False
7,ETCH-02,236,5,7,35.485413296136414,12.703537829723004,49.98459148945739,123.31589523713694,0.7326601793701409,False
7,ETCH-02,237,5,8,35.53389754246389,14.077584005423741,49.94532050646121,123.60823618640909,0.542473199901927,False
7,ETCH-02,238,5,9,35.43327923932967,12.37967715344843,49.865303119107104,123.41647278344772,0.6749454063046956,False
7,ETCH-02,239,5,10,35.46795769267343,12.455505430084784,50.19209878424597,124.92286040684269,0.7926107069630712,False
7,ETCH-03,0,0,0,34.55499522694879,7.745296648163529,50.05490361400931,116.5765489741495,0.5241113728683892,False
7,ETCH-03,1,0,1,34.60767730345893,8.872240203307104,50.03506130527211,117.23098016558583,0.39514908798546033,False
7,ETCH-03,2,0,2,34.64630322288622,9.20402244720177,50.10394740137902,117.66994928004809,0.49014765335638943,True
7,ETCH-03,3,1,0,34.66160116151317,9.907800042820082,50.11275142731766,116.4359783097545,0.4752153162204733,False
7,ETCH-03,4,1,1,34.63197097403555,9.659919582209257,50.043577279218894,116.97193254727134,0.45221345427843423,False
7,ETCH-03,5,1,2,34.63530649272197,10.760119838685053,49.917986867299376,116.92364584284216,0.49057682939015984,False
7,ETCH-03,6,1,3,34.60937576372375,12.617941255049237,49.94233928110533,117.60763561332438,0.5507591301379933,False
7,ETCH-03,7,1,4,34.624356147329095,12.895195535486042,49.937933293381434,117.04092803353835,0.5432202725626519,False
7,ETCH-03,8,1,5,34.671990732196896,12.272879564139952,49.92470214174373,117.45114672586217,0.649323785331793,False
7,ETCH-03,9,1,6,34.53429498421343,13.707744808322456,50.096767823409,117.11472090626523,0.6317904935785996,False
7,ETCH-03,10,1,7,34.629643086505695,12.174278707316683,50.07339989537256,117.75956760225768,0.6316612755789979,False
7,ETCH-03,11,1,8,34.70909804936341,11.033425396611689,49.72105248390411,117.57291375081586,0.694210023907002,False
7,ETCH-03,12,1,9,34.44924663729806,14.429104056990742,50.04613689482675,118.21222075363949,0.7639127083820982,False
7,ETCH-03,13,1,10,34.62720194244096,14.19828651991977,49.81451596494329,117.37149783796983,0.7245696957252349,False
7,ETCH-03,14,1,11,34.634618569534425,17.090453318178568,50.04236375391489,118.23856199036891,0.764346374336573,False
7,ETCH-03,15,1,12,34.58902118190967,14.379160753697033,49.92597094454186,118.12517818075169,0.6972444360311867,False
7,ETCH-03,16,1,13,34.594944396189064,13.755064050861543,50.2554754139486,117.21430435366975,0.819897447496964,False
7,ETCH-03,17,1,14,34.68013752797557,16.260480494840014,49.708877149457656,118.71549774622784,0.8309908157937406,False
7,ETCH-03,18,1,15,34.624628839362906,17.473123324162202,49.884706325679154,118.94264020346029,0.8771491283250559,False
7,ETCH-03,19,1,16,34.596923897934296,15.341047081697265,50.05775993572756,118.46976561768354,0.9213326908295766,False
7,ETCH-03,20,1,17,34.626578901315796,15.988720289885137,50.1206944664193,118.78829952176875,0.7885321424006524,False
7,ETCH-03,21,1,18,34.59822698136861,15.772989627351654,49.85755542575494,118.46181077433114,0.8776680561148555,False
7,ETCH-03,22,1,19,34.49929547097434,18.01172739845423,50.02490377983928,118.22405236384023,1.0058155089762755,False
7,ETCH-03,23,1,20,34.47801915326137,19.411691548930765,49.73915596048065,119.41854580623651,0.9420888273991931,False
7,ETCH-03,24,1,21,34.65987423225103,19.73330738603183,50.37306520311945,117.51219665311007,0.9570995578689793,False
7,ETCH-03,25,1,22,34.54064507896082,19.494229231217922,50.098294646918035,118.7587610751402,0.9758130430854877,False
7,ETCH-03,26,1,23,34.63766283865432,19.871314898314616,50.0743257147108,119.29536846473452,0.9555670989943119,False
7,ETCH-03,27,1,24,34.60142922727455,19.2988396786805,50.052170334140236,119.29423363418013,1.0451375401231047,False
7,ETCH-03,28,1,25,34.55077526011977,21.863627313893673,49.916175821000515,119.67850334491477,1.0368892814250035,False
7,ETCH-03,29,1,26,34.624947200588494,22.2407101207045,49.966235368236525,119.17255347119598,1.0687659956038205,False
7,ETCH-03,30,1,27,34.628643755097016,21.8600019434105,49.945681754408994,119.83088333890404,1.1286822723151047,False
7,ETCH-03,31,1,28,34.639041598031994,23.374156049546563,49.774445946361205,120.51076308395618,1.120963724701277,False
7,ETCH-03,32,1,29,34.56523523124795,23.633001208291944,49.75515057863487,119.74777698150356,1.1727268698756332,False
7,ETCH-03,33,1,30,34.67284176340967,25.402400733400082,49.93260852718038,120.02671225201178,1.2022808352893313,False
7,ETCH-03,34,1,31,34.61860969758355,26.25743862676295,49.86093730421071,120.68849825965249,1.2087057454204202,False
7,ETCH-03,35,1,32,34.66995154525457,25.387149919800912,49.6660114011926,120.65896896672491,1.2755527068500838,False
7,ETCH-03,36,1,33,34.59834629570421,25.912042210534537,50.19427358166671,120.80882760064188,1.2463912754830428,False
7,ETCH-03,37,1,34,34.70156781981606,25.974650160616534,50.07358973820894,119.96605141651716,1.2673158205727943,False
7,ETCH-03,38,1,35,34.61605851951387,28.87890825060462,50.10074733254133,121.0090003734939,1.362834216127561,False
7,ETCH-03,39,1,36,34.6761950435269,30.140648483094612,50.109360068576486,120.88794820167209,1.2612753961571952,False
7,ETCH-03,40,1,37,34.55961638853116,28.01959885171417,50.07556729164802,120.66990888521445,1.4188263619902703,False
7,ETCH-03,41,1,38,34.68089742542737,28.88242516916106,50.13599794027397,120.65701727591454,1.3459017768465795,False
7,ETCH-03,42,1,39,34.676394677908625,30.48393134635636,50.06876443654237,120.97515051417449,1.3615329822541138,False
7,ETCH-03,43,1,40,34.604951285773254,28.454674141221478,49.870120159721736,120.90786743703889,1.331091449293472,False
7,ETCH-03,44,1,41,34.519628864888475,30.159775874080104,49.898271110373,121.00536825424065,1.5220452149164807,False
7,ETCH-03,45,1,42,34.60495380681494,33.09994026597917,49.76546018216544,121.36329127129186,1.3822581367248965,False
7,ETCH-03,46,1,43,34.58039881689542,31.51212882064352,50.04977782278069,121.66223034008604,1.4508123729398374,False
7,ETCH-03,47,1,44,34.51188730477378,33.29075641590474,50.098004815107195,121.15127675974831,1.512157075507103,False
7,ETCH-03,48,1,45,34.64933385132035,34.44276964228643,50.12094020855946,121.07307694657884,1.421857305802209,False
7,ETCH-03,49,1,46,34.55061181974385,32.52857270839497,50.144938879074026,122.09984427411982,1.50602884262086,False
7,ETCH-03,50,1,47,34.470494171960745,31.616491490718893,49.89611054964993,121.59124508665043,1.5354261624780603,False
7,ETCH-03,51,1,48,34.5692186078182,33.65923708732684,50.113918133491644,121.34204952122323,1.5128566115099453,False
7,ETCH-03,52,1,49,34.57442732739911,34.549695684307196,50.00577744836149,123.1302493368914,1.635917739216571,False
7,ETCH-03,53,1,50,34.659320451498374,36.54436046643147,50.00218042024311,122.14522854493728,1.56881969641157,False
7,ETCH-03,54,1,51,34.719593004667544,37.499776883563015,49.93329452878827,122.31116331499682,1.6751363656592797,False
7,ETCH-03,55,1,52,34.48053582160355,36.47412112594078,50.10923801627369,122.78077265139248,1.6919074623029533,False
7,ETCH-03,56,1,53,34.56635291100367,39.811107256432635,50.215313865402194,122.91525287056888,1.6143120972089187,False
7,ETCH-03,57,1,54,34.66437729894366,38.762793171482926,49.868399573411686,122.89799400192423,1.7503971064693782,False
7,ETCH-03,58,1,55,34.55197942744585,40.09344113289018,49.96254085757257,124.15259213963843,1.7033755223699274,False
7,ETCH-03,59,1,56,34.59603357965941,38.481986206084706,50.10729959067285,123.65195608697145,1.7283844821601846,False
7,ETCH-03,60,1,57,34.53893179880099,38.22764640061727,49.92863520675443,122.68334924550145,1.7772287040653758,True
7,ETCH-03,61,2,0,34.55922140552318,6.793767886687521,50.100613484065136,117.18071424907707,0.46734855201321873,False
7,ETCH-03,62,2,1,34.703180207429014,6.839088372202783,49.999043176736244,116.86017610795412,0.5086183003158782,False
7,ETCH-03,63,2,2,34.63334902822785,8.913122621599777,50.02597504360848,116.8273437655459,0.4510677073502677,False
7,ETCH-03,64,2,3,34.60627000922172,9.16590064632959,49.8923266330465,117.90254082665498,0.4832488708314563,False
7,ETCH-03,65,2,4,34.61547766007708,8.604239873713457,49.919010455123086,117.26364857680501,0.5410230215844198,False
7,ETCH-03,66,2,5,34.55691564355448,9.487008671226109,50.25282790507086,116.72750222528711,0.5646566283739289,False
7,ETCH-03,67,2,6,34.67087974491426,10.28790734457091,49.93483012664039,117.71293015502462,0.6085413799128103,False
7,ETCH-03,68,2,7,34.52182446736093,8.371137236794862,49.89129340924864,117.14059995246342,0.6263534771969973,False
7,ETCH-03,69,2,8,34.591852678103834,10.39316875692072,50.12101246145152,117.76666212639248,0.6032219320272472,False
7,ETCH-03,70,2,9,34.522035299027465,10.94898308010863,49.640656849597384,118.61189266060771,0.7470293661616951,False
7,ETCH-03,71,2,10,34.56095416659819,13.389490757879111,49.80069470409137,118.28542294842705,0.7954459188613313,True
7,ETCH-03,72,3,0,34.61783460790842,4.884559417780844,50.00035301956423,116.78892123824517,0.4943648294522596,False
7,ETCH-03,73,3,1,34.601082083160826,7.877970598685079,49.74780508115693,117.24049402782012,0.603432616396183,False
7,ETCH-03,74,3,2,34.61668329784514,9.183845693086681,49.9169669721589,116.73489942898546,0.5883400022853609,False
7,ETCH-03,75,3,3,34.7029008290611,10.230870900988563,49.89254527516253,117.19578587807712,0.6363071782887102,False
7,ETCH-03,76,3,4,34.65499471977816,9.219779457323517,49.90208599120188,117.74672684527509,0.6598677294518931,False
7,ETCH-03,77,3,5,34.59093955023967,10.368760254823695,49.95354614990505,117.11290219448748,0.6402522153070558,False
7,ETCH-03,78,3,6,34.522099330058616,10.072336106132212,49.79048511939514,116.95908734598984,0.739946011570735,False
7,ETCH-03,79,3,7,34.63406215992854,9.827157401294246,49.96044132111503,117.67486913614633,0.6061047787308766,False
7,ETCH-03,80,3,8,34.65256061746967,12.379226289834083,49.80484873522429,117.73082586239704,0.8205773402021401,False
7,ETCH-03,81,3,9,34.64763910179319,12.750789590584848,50.01162051025158,117.83788993154201,0.6357113262931638,False
7,ETCH-03,82,3,10,34.59710177948485,15.770986125866989,50.09066666976332,117.57085026172805,0.7414545017821746,False
7,ETCH-03,83,3,11,34.50388445148509,15.303734069747344,49.901019465166,117.60368470885687,0.7395368466430237,False
7,ETCH-03,84,3,12,34.60193022353402,13.43883843530914,50.03509345228348,117.33588463354018,0.7604812347596102,False
7,ETCH-03,85,3,13,34.56649218715916,16.635373713775273,50.21247123836521,117.5942327294293,0.8353515688122769,False
7,ETCH-03,86,3,14,34.60047077353075,14.853984269175612,49.91151826636426,118.25298444807136,0.8263060122195249,False
7,ETCH-03,87,3,15,34.580360338901414,18.29812822953964,49.85792839311565,118.51516721274068,0.8519630757058148,False
7,ETCH-03,88,3,16,34.67680020833975,16.496658169135507,49.87982772722787,118.44658590014953,0.9576842225995224,False
7,ETCH-03,89,3,17,34.61776564240312,18.113550090147058,49.981897958864685,118.54433406215473,0.8382188244803943,False
7,ETCH-03,90,3,18,34.52565595742429,17.033220741919283,49.85338131903242,118.75772854662515,0.9904457176865481,False
7,ETCH-03,91,3,19,34.643256025201445,19.518479183524747,50.05790301083739,118.87099925982213,0.9128578401681345,False
7,ETCH-03,92,3,20,34.74536835244087,19.054362193330107,50.12787298216144,119.19806766427823,0.8577961340728752,False
7,ETCH-03,93,3,21,34.534573801229236,19.429205034529012,49.97167875181593,119.56438754204434,0.941745351637385,False
7,ETCH-03,94,3,22,34.63217151731375,20.376050544726894,49.92332984210272,118.65937467624185,0.9632368194739817,False
7,ETCH-03,95,3,23,34.643680981586996,20.820088688247033,49.99362933272768,119.4516442771135,0.933977595054823,False
7,ETCH-03,96,3,24,34.61485743463418,22.107480163142355,50.0791537286207,119.52724731488506,0.9656140279937724,False
7,ETCH-03,97,3,25,34.53005054650218,24.95741203733608,49.92410662885568,120.28801046212568,1.1222518507211015,False
7,ETCH-03,98,3,26,34.67407826150268,20.041176930322674,49.78469110097896,120.20290656771654,1.0992113523204865,False
7,ETCH-03,99,3,27,34.59499397400616,25.420586935656537,49.96494899445563,119.93494333061082,1.1303642717465912,False
7,ETCH-03,100,3,28,34.64736732865964,24.99809414550347,49.743273531914234,119.9698105807508,1.141302769986174,False
7,ETCH-03,101,3,29,34.59345373846621,24.1616811036592,49.97301723037543,120.69209439485192,1.1899494275546745,False
7,ETCH-03,102,3,30,34.5929400484881,25.018490794596335,49.7912812432032,120.32494585742923,1.1333588715069376,False
7,ETCH-03,103,3,31,34.64990457632511,24.97859638322431,49.99097236090951,120.40895454820202,1.21079341488448,False
7,ETCH-03,104,3,32,34.62097483807358,24.15869687506494,50.01263389293482,120.4200192345648,1.2118841517506918,False
7,ETCH-03,105,3,33,34.52800543794807,23.041412988956655,50.056258991084505,120.53771956718774,1.2554944876473026,False
7,ETCH-03,106,3,34,34.615962446375065,27.10536434801827,50.0770143849175,120.25730534998641,1.2672594673309208,False
7,ETCH-03,107,3,35,34.605183214743285,26.526766723062064,50.139029951385055,120.31769582958479,1.3163470793316265,False
7,ETCH-03,108,3,36,34.71381251096792,27.13478493067145,50.3396025151776,120.65520039673693,1.2533308412171653,False
7,ETCH-03,109,3,37,34.5626696966479,30.03789081508283,50.11776728310163,121.29472327018959,1.332802509522225,False
7,ETCH-03,110,3,38,34.57656148600547,30.18164649474279,50.1016684391856,120.96066579712058,1.4204485207904143,False
7,ETCH-03,111,3,39,34.689280255208566,28.688451937817508,49.92338817055518,120.85635386589036,1.3792694182799805,False
7,ETCH-03,112,3,40,34.54139575998232,30.31381526146467,50.0062321326553,121.39005457151893,1.4539958574851095,False
7,ETCH-03,113,3,41,34.57312832871893,30.371479115544965,50.096324559381856,121.48434105409713,1.3526106886295697,False
7,ETCH-03,114,3,42,34.591270921162334,32.314575676681976,49.94453086297641,122.30719695156981,1.3919160528662042,False
7,ETCH-03,115,3,43,34.62238245529256,32.57742006981372,50.049165620598956,121.66339082123254,1.5142887127421223,False
7,ETCH-03,116,3,44,34.53407923172058,31.801662844373038,49.85491755272306,121.73558783390358,1.4685716393856612,False
7,ETCH-03,117,3,45,34.67203665941656,32.31183120517689,49.89453918764878,121.7438439495431,1.4214429735411571,False
7,ETCH-03,118,3,46,34.60367667698482,36.32929280018624,49.8987510195768,122.28352608301725,1.6195442552311394,False
7,ETCH-03,119,3,47,34.67949517345737,34.13309390083117,49.86185530849297,122.25119066354071,1.5582001597858643,False
7,ETCH-03,120,3,48,34.710118996221695,34.47348217148409,49.551741166076795,122.4056719859959,1.505908235789455,False
7,ETCH-03,121,3,49,34.602841673124814,35.87923242890256,50.272332682352186,121.52637043331188,1.5023657343505852,False
7,ETCH-03,122,3,50,34.57033589597514,35.89924217059822,49.93841378811384,122.42879298590393,1.6932217501512725,False
7,ETCH-03,123,3,51,34.60160675073416,35.63637864384865,50.08421789754042,122.23510197740788,1.6994485505350312,False
7,ETCH-03,124,3,52,34.50315537969034,37.95948995345336,50.10835045818557,121.82775205394826,1.6080427340439865,False
7,ETCH-03,125,3,53,34.62388319516007,37.5884651549256,49.89791664382482,122.92459753085461,1.6198949399126668,False
7,ETCH-03,126,3,54,34.56238981854203,39.01780975656146,49.84823698272108,123.08903517553301,1.7777066117499214,False
7,ETCH-03,127,3,55,34.61100493180299,39.308223197733454,49.83050612181391,123.30493640841473,1.6570963473815126,False
7,ETCH-03,128,3,56,34.699214385693814,38.77324352410822,49.906086650330664,122.79522655777961,1.7524606394410367,False
7,ETCH-03,129,3,57,34.50364862007074,39.23728940572434,50.07990683160993,123.34240533858178,1.7793093082365843,True
7,ETCH-03,130,4,0,34.432419477292946,8.46914735564627,50.075072280114306,116.39503282956153,0.4320619642920347,False
7,ETCH-03,131,4,1,34.732104152781844,9.22738203630867,50.118323419895106,117.14365738668964,0.47758903865239644,False
7,ETCH-03,132,4,2,34.68501198360148,8.183131042719815,50.226105291812495,116.82910305697405,0.4913952626945927,False
7,ETCH-03,133,4,3,34.582328232081004,9.082702649580664,50.105286438447465,117.58813802868562,0.6226948248289235,False
7,ETCH-03,134,4,4,34.52596122782584,10.655592169043818,49.965978746713475,116.69286994571162,0.6398269338502838,False
7,ETCH-03,135,4,5,34.53147360147973,10.738893767218851,50.06989528657491,117.02912791542738,0.6359544733335872,False
7,ETCH-03,136,4,6,34.5673760216199,10.094356215024812,49.911991380455554,117.51460394947988,0.6501337360817686,False
7,ETCH-03,137,4,7,34.6788154712702,14.332124655540053,49.91414992398573,117.80878739035218,0.6765000002216709,False
7,ETCH-03,138,4,8,34.50459284000016,12.605434509750191,49.977381829329545,117.8239243300525,0.6758087891430617,False
7,ETCH-03,139,4,9,34.5142904650619,11.46965496685549,50.21677008910558,117.51620420191398,0.7752011447894551,False
7,ETCH-03,140,4,10,34.61405735625593,13.208261071719411,49.85192573005915,118.40795978599756,0.7419519123481552,False
7,ETCH-03,141,4,11,34.65833329958822,14.29465797565393,50.18616499879231,118.16630934588943,0.6961826576432013,False
7,ETCH-03,142,4,12,34.65812009694717,16.213331355216788,50.33544264304286,117.90438203147237,0.7940204969481244,False
7,ETCH-03,143,4,13,34.63422082487298,14.858368033113393,49.95581245634507,118.53604607016291,0.6891375639010986,False
7,ETCH-03,144,4,14,34.67415521212122,17.118120647645824,49.761711837430525,118.08566985563905,0.7636184141595015,False
7,ETCH-03,145,4,15,34.69534626033437,16.073401285854924,49.902491106105614,119.30840112228236,0.8703917664499302,False
7,ETCH-03,146,4,16,34.55272925464617,16.322192500008647,49.845842515824266,118.39765903424382,0.8293546947113659,False
7,ETCH-03,147,4,17,34.66779330534193,19.832851431899595,49.84486427568764,119.52845723426545,0.9223715117475562,False
7,ETCH-03,148,4,18,34.621421184807296,21.570471304470566,49.86694522947764,119.29557988294059,0.9653102348919397,False
7,ETCH-03,149,4,19,34.60260551665304,18.148930404077777,49.771235633678124,119.48296540213718,0.9707271422447755,False
7,ETCH-03,150,4,20,34.54541508393061,19.339752718357598,50.12846826320007,119.41878628890183,0.9469324632967695,False
7,ETCH-03,151,4,21,34.64837047556502,19.80785607607978,49.94346810914808,119.56868685897204,1.0544115910267118,False
7,ETCH-03,152,4,22,34.65440965752017,20.520071730012983,50.16835936344942,119.68497309935215,0.9939561668456453,False
7,ETCH-03,153,4,23,34.64733309167722,23.412123590889244,50.037351556240026,119.22014940756681,1.0400395498849033,False
7,ETCH-03,154,4,24,34.54097008630441,21.133502985831374,49.88197101743008,120.38185236036959,1.0462079430281501,False
7,ETCH-03,155,4,25,34.5299103160024,21.51665232504239,49.771788841985845,119.674999308419,1.1655160656343486,False
7,ETCH-03,156,4,26,34.476017932253754,21.222610672562592,50.064947479353854,119.71676350371618,1.0383198237157003,False
7,ETCH-03,157,4,27,34.636044406832184,22.515308930407343,49.87041754088032,120.22983893070754,1.1225405554347043,False
7,ETCH-03,158,4,28,34.5538974540088,24.846161884597638,49.917088272377256,119.9182277106773,1.2033694115589104,False
7,ETCH-03,159,4,29,34.59926874266747,26.340247361727627,50.11002919327974,121.12905009264587,1.123360203830945,False
7,ETCH-03,160,4,30,34.61224041273641,26.16382323823343,50.188699925965395,121.11003297061811,1.1742166618265124,False
7,ETCH-03,161,4,31,34.60510926372315,23.940804926349337,50.100664347182004,119.99453195693938,1.2330410617429899,False
7,ETCH-03,162,4,32,34.61343541541063,23.860609626675718,49.9382769618772,120.8307229688804,1.2554519190433238,False
7,ETCH-03,163,4,33,34.58666522465179,30.20505473801324,49.776723682665896,120.63102982955971,1.2790677188974304,False
7,ETCH-03,164,4,34,34.68302890120079,24.59210530208539,49.96060842957843,120.80582614160767,1.293648565880866,False
7,ETCH-03,165,4,35,34.68291042477491,25.041252968891193,49.91464110781497,120.21846435277894,1.4061189407550931,False
7,ETCH-03,166,4,36,34.65347952988549,28.709829839207952,49.96320785399858,120.77217293174363,1.3224110593720362,False
7,ETCH-03,167,4,37,34.586084752928606,29.9117557611402,50.17253346354619,121.2884713980714,1.4195239962184285,False
7,ETCH-03,168,4,38,34.720995932748416,30.38229816375706,50.126635027973904,121.36481714811666,1.4538793328422457,False
7,ETCH-03,169,4,39,34.518083003661935,31.921611288155475,50.12415870187583,122.13425555527908,1.4123224992895327,False
7,ETCH-03,170,4,40,34.534430997864874,32.12605043080174,49.77750556380757,121.93605884922617,1.349209489753293,True
7,ETCH-03,171,5,0,34.701819844471196,9.984040805059745,50.01447977483263,116.85825878592068,0.5221337461714913,False
7,ETCH-03,172,5,1,34.598362685955315,6.500015662585275,49.90979636873512,116.69531582070461,0.5567147727627186,False
7,ETCH-03,173,5,2,34.725580263716765,9.443902349008994,50.02071297986091,117.04783842663048,0.5447439194889687,False
7,ETCH-03,174,5,3,34.60001860181884,12.569536315460045,50.0550925925876,117.24496788500646,0.5521167737525424,False
7,ETCH-03,175,5,4,34.677204518144734,12.422349196989563,50.063883702922524,116.41224773776055,0.6072333746087812,False
7,ETCH-03,176,5,5,34.67184492618829,10.471450325797258,49.7821034503698,118.02641153500085,0.6601338682504511,False
7,ETCH-03,177,5,6,34.495020573133075,10.880684703176383,49.996150783704124,118.15484413926183,0.6711110201469881,False
7,ETCH-03,178,5,7,34.56387110890006,12.53176201273495,49.84012110427593,117.73920771241183,0.6482832388974579,False
7,ETCH-03,179,5,8,34.594927820714254,14.022146622679125,49.9921304415083,118.44873834482023,0.6242285074663959,False
7,ETCH-03,180,5,9,34.64249097860581,12.564544391615025,50.03337517105725,118.04442101178331,0.770334992406084,False
7,ETCH-03,181,5,10,34.671948071831466,12.340010867705498,49.78121471255172,118.13329183874797,0.7264039661134006,False
7,ETCH-03,182,5,11,34.588719370691976,16.097254611729003,50.067738175826754,117.53869961819893,0.6782587618706002,False
7,ETCH-03,183,5,12,34.6301630702299,13.025485090215522,49.96371226713826,118.29598356319813,0.7655237766111672,False
7,ETCH-03,184,5,13,34.79235723250388,15.541142021765666,50.17364192594964,118.28341923424571,0.8061618616229268,False
7,ETCH-03,185,5,14,34.640289073942135,17.885775648634482,50.09305343478546,118.47829364032256,0.8593775394714533,False
7,ETCH-03,186,5,15,34.537704902352345,16.48024405907123,49.95372126458916,118.09470677804775,0.8501461937463025,False
7,ETCH-03,187,5,16,34.61741891908169,17.375397569811888,50.36691920853578,118.38441586001655,0.9010556375876211,False
7,ETCH-03,188,5,17,34.69251015952732,17.382832045755748,50.118067150305784,118.06883774880308,0.9110753444906153,False
7,ETCH-03,189,5,18,34.5986246706886,17.61040950942669,50.064295845251806,118.82392130058092,0.9673167284673247,False
7,ETCH-03,190,5,19,34.54925996037305,19.988039074620627,50.01367253608897,119.39279974228214,0.91393797187639,False
7,ETCH-03,191,5,20,34.746401800512785,18.662596994692073,49.84323334503758,118.76663876645277,1.0526427323365055,False
7,ETCH-03,192,5,21,34.58648433023571,20.869180467950013,50.195097626335084,119.181519365507,0.8801179126112292,False
7,ETCH-03,193,5,22,34.666771295020524,18.930114981599683,50.0565356261458,119.25333697460849,1.029335938986792,False
7,ETCH-03,194,5,23,34.57316579562625,20.552986952279216,49.86170789734133,120.00220697817997,1.1093505573888551,False
7,ETCH-03,195,5,24,34.56306090344286,20.759631161091804,49.89317767479638,119.867122832927,1.0939087912353846,False
7,ETCH-03,196,5,25,34.51805820363084,23.24162320377102,50.13904765260091,119.32076051156773,1.142922330688927,False
7,ETCH-03,197,5,26,34.64074083964032,23.10297801804329,50.09866780185851,119.85921655911662,1.0329714911773906,False
7,ETCH-03,198,5,27,34.52077982614619,22.57406458390836,49.948888750430235,120.18195614926258,1.215148203684246,False
7,ETCH-03,199,5,28,34.608487256233516,24.94358906952636,49.880842529150755,119.91710947210603,1.1452424286782708,False
7,ETCH-03,200,5,29,34.44034309081834,23.63693161337993,50.2872853093474,119.61801916611259,1.1049879243668057,False
7,ETCH-03,201,5,30,34.587281563713844,24.226759147933574,50.06686976995159,120.65511971471408,1.229570928658791,False
7,ETCH-03,202,5,31,34.61543646827219,27.862138323503995,50.03218611427224,120.11188124832033,1.2212935157729146,False
7,ETCH-03,203,5,32,34.58652860794907,26.736433553769228,49.96539236244465,121.2163114691891,1.231225829160395,False
7,ETCH-03,204,5,33,34.55787271823375,28.723813135078906,50.2146657597549,120.90220464728718,1.3016750221024864,False
7,ETCH-03,205,5,34,34.59706502633675,28.54238616366315,50.13878293187299,121.03057869466934,1.4380519497850348,False
7,ETCH-03,206,5,35,34.56606791444291,27.606267958898748,50.09310750611023,121.03467754704725,1.3721155461307977,False
7,ETCH-03,207,5,36,34.62336858968028,26.480101549010605,49.8267457478893,120.8137217370581,1.3209784734332315,False
7,ETCH-03,208,5,37,34.60072957768817,29.426164992737608,50.13026929185675,121.45721653523026,1.3408726812931797,False
7,ETCH-03,209,5,38,34.589005305884925,33.28989328880955,50.021264661237495,121.54949782605145,1.4283847684848416,False
7,ETCH-03,210,5,39,34.5071842184193,32.95075918501066,50.15563542613504,121.17142239915361,1.3891451462474196,False
7,ETCH-03,211,5,40,34.69085729749241,32.14607275436942,49.9941968182831,122.43539653179621,1.4345514416867218,False
7,ETCH-03,212,5,41,34.55593830347952,33.16019901952524,50.16723770435895,121.50516917672171,1.451643222461937,True
7,ETCH-03,213,6,0,34.53637442569355,6.723379258482855,49.9471068211459,116.87244477445361,0.5039640324524821,False
7,ETCH-03,214,6,1,34.65598455120339,5.91561148904546,49.89230530146849,116.55015553984522,0.6478161613658381,False
7,ETCH-03,215,6,2,34.59312701509465,11.316673537468242,49.879373724989044,116.83447416662939,0.5385409677264846,False
7,ETCH-03,216,6,3,34.56354990671415,10.385083941925922,49.958861491088655,116.96176616703931,0.6084686336404387,False
7,ETCH-03,217,6,4,34.56324525958744,11.574154133070696,49.98401305556446,118.04555239100573,0.5850606614482526,False
7,ETCH-03,218,6,5,34.693749473631414,10.843869395680938,50.02826558370863,117.73757978164659,0.6818983213410367,False
7,ETCH-03,219,6,6,34.56638084152692,12.11986773398184,49.83713458946982,117.27770179027095,0.6538219507148122,False
7,ETCH-03,220,6,7,34.703651374018044,13.240510021787182,49.880134248373544,117.65345402603785,0.7768999902891159,False
7,ETCH-03,221,6,8,34.62729113200093,14.233754506779405,49.84812406260791,118.26550864644904,0.6348507388234145,False
7,ETCH-03,222,6,9,34.64847868491509,12.439842226389825,49.73090343842856,117.75644407285203,0.7624900850510208,False
7,ETCH-03,223,6,10,34.615870707285,11.976437199382087,49.99675827731801,118.15484710407418,0.613883708935773,False
7,ETCH-03,224,6,11,34.611049346643426,13.801533781415202,50.00368534361404,117.6301904139486,0.7357478571365741,False
7,ETCH-03,225,6,12,34.45454902829176,15.547142316245672,49.97772145366885,118.47844465080466,0.8117903360935548,False
7,ETCH-03,226,6,13,34.61101412174487,13.055958721731523,50.20636056923248,118.12840202527236,0.7833661570906243,False
7,ETCH-03,227,6,14,34.496199989299996,17.77170072914457,50.26638936980047,118.76371621168028,0.8510567457144329,False
7,ETCH-03,228,6,15,34.642093868552195,16.588121834081576,50.01612244698252,118.66837869065971,1.0068883850773482,False
7,ETCH-03,229,6,16,34.53404102582473,16.849609834186708,49.965995263517975,118.63315962386181,0.8466154738345122,False
7,ETCH-03,230,6,17,34.71835485923585,18.277497394607252,49.81053520963802,119.2393514819161,0.8910779769902082,False
7,ETCH-03,231,6,18,34.5386946806159,18.061386775710055,49.93758338013835,119.57384800192233,0.819703711973219,False
7,ETCH-03,232,6,19,34.70631527555273,19.02242102940465,50.167375043098176,119.12243677852045,0.9295722029214912,False
7,ETCH-03,233,6,20,34.542921384263984,19.218504104192398,50.054347085520966,118.9337838646504,1.0228319950890683,False
7,ETCH-03,234,6,21,34.579492686695986,21.416224978300598,50.00691618133118,119.48208674163679,0.9455740241406971,False
7,ETCH-03,235,6,22,34.62409085992614,20.744311414996716,50.233344614828475,118.73823507200919,1.1167213233865838,False
7,ETCH-03,236,6,23,34.647566541624826,24.882936983651014,49.90768296184392,119.58271440712522,0.9369567705561341,False
7,ETCH-03,237,6,24,34.716311199107814,21.272866001551268,50.0661040011414,120.03359168186098,1.1145889114877439,False
7,ETCH-03,238,6,25,34.56827294861539,22.378522089728843,49.86071356589875,120.18728026621275,1.0456076211082628,False
7,ETCH-03,239,6,26,34.64981975293313,25.110048381432733,49.96127769056096,119.02003499015773,1.1140043157271058,False
7,ETCH-04,0,0,0,35.93280702958653,8.499541431569636,49.959942455146255,121.04436362877163,0.517092379551154,False
7,ETCH-04,1,0,1,35.91371511601217,8.136072509118884,49.931856715725836,121.42881671765349,0.49826329890632975,False
7,ETCH-04,2,0,2,35.7910301589355,7.79400276023379,50.13785930980639,121.25630339767683,0.5958608136271357,False
7,ETCH-04,3,0,3,35.92366090506424,8.492403445065563,49.89580927349367,120.96268310259909,0.5813063452015778,False
7,ETCH-04,4,0,4,36.00528584419461,10.617393031085232,49.98996529626446,121.11917281654587,0.560016867472446,False
7,ETCH-04,5,0,5,35.88891235699768,9.597440459901453,49.88633342235776,122.03378827925727,0.6135794792124174,False
7,ETCH-04,6,0,6,35.8858542456466,12.1224023183883,50.086758817674244,122.09554981647348,0.6393497948657563,False
7,ETCH-04,7,0,7,35.91335774184284,11.542444021980222,49.95471923091299,121.68158356912372,0.6888422079464571,False
7,ETCH-04,8,0,8,35.94305023966899,11.005364396774738,50.24113129439995,121.53843791527106,0.5710675860473283,False
7,ETCH-04,9,0,9,36.0134651461588,9.448560869577387,50.01939350603662,122.65430832416901,0.7487401765900199,False
7,ETCH-04,10,0,10,35.89618452389839,12.375429646812522,49.82850408538439,122.53931102805578,0.7293417791878114,False
7,ETCH-04,11,0,11,35.89220437676673,14.708902712567468,50.1110291437797,121.88472580256125,0.6745327382041224,False
7,ETCH-04,12,0,12,35.80540843057737,15.515524996433872,50.109775467090614,122.79747157557412,0.8481994893454619,False
7,ETCH-04,13,0,13,35.89335776178547,17.245882198395172,49.97263716272125,122.35835758158915,0.6667469063124212,False
7,ETCH-04,14,0,14,35.84888202668303,15.219767270838966,50.03622020012946,122.94547012621055,0.8389629154991537,False
7,ETCH-04,15,0,15,35.84163467123706,18.653583456818332,50.028704993668065,123.04022305332497,0.835446603580755,False
7,ETCH-04,16,0,16,35.94522756629532,19.303602315328426,49.96726277611157,122.62994225994593,0.8879578797731412,False
7,ETCH-04,17,0,17,35.96125354252473,16.306204187474005,50.037515774895944,123.38994664702918,0.7598228369634326,False
7,ETCH-04,18,0,18,35.81234109274524,19.997895442081905,50.08550748150764,123.7468509816925,0.9808549396947377,False
7,ETCH-04,19,0,19,35.88302690202082,17.44324945533487,49.930906912251785,123.00623575698913,0.8614611450308225,False
7,ETCH-04,20,0,20,35.921989529834576,18.351360685466876,49.97412757546983,123.20785410905907,0.9202523957482163,False
7,ETCH-04,21,0,21,35.7876013998266,19.345506500918088,49.846694390322575,123.17470981359118,0.8894971190781696,False
7,ETCH-04,22,0,22,35.97434773982794,20.622909815663053,49.72693737695064,123.48903746344486,0.9208286991777586,False
7,ETCH-04,23,0,23,35.896707242024135,21.832804687595406,50.14956566814895,124.42391574044775,1.0637593241460666,False
7,ETCH-04,24,0,24,35.900227176217925,22.580192535178984,49.821413988257795,124.2987487058194,1.0760126895895799,False
7,ETCH-04,25,0,25,35.94075664350212,20.095015694194746,50.135623733041044,123.89672143387722,1.189558477879653,False
7,ETCH-04,26,0,26,35.78531582858546,25.000591323988022,50.06726170016866,125.06207208257847,1.1402822089430673,False
7,ETCH-04,27,0,27,35.86418063476974,22.96988575165236,50.14823264448499,124.68966500509066,1.1939823503420386,False
7,ETCH-04,28,0,28,35.828841268657435,21.497718835497924,50.23473854428117,124.38683779824541,1.150528279624967,False
7,ETCH-04,29,0,29,35.963517280993,25.792528389479788,50.23881899108644,124.4083101317751,1.2394444474049762,False
7,ETCH-04,30,0,30,35.83959590973319,26.348499459306357,49.915166622340834,124.96225569693604,1.284095882370782,False
7,ETCH-04,31,0,31,35.877444571624366,25.662179507931135,49.805954181582386,124.96262920425268,1.3185267846730588,False
7,ETCH-04,32,0,32,35.954268505428715,26.313553941862164,49.90925716505482,124.4786272825883,1.232079487890823,False
7,ETCH-04,33,0,33,35.90200047069753,26.95754949944622,50.24652100751427,123.9337665929169,1.2511039992691042,False
7,ETCH-04,34,0,34,36.05233025094113,27.10039460509836,50.27017175754089,125.2199903620934,1.27897095273747,False
7,ETCH-04,35,0,35,35.8293282639613,28.666125131562712,50.180437022808334,124.93774346835009,1.3747024736100362,False
7,ETCH-04,36,0,36,35.901968718781895,29.29291285932493,49.99471938816886,125.10995832704957,1.2144234796030058,False
7,ETCH-04,37,0,37,35.85814929593757,29.281105170037613,50.078359643019986,124.75133083356744,1.3094759717737732,False
7,ETCH-04,38,0,38,35.87332161969926,30.48753644505402,49.79631047018859,126.22643072890233,1.3072021560913645,False
7,ETCH-04,39,0,39,35.94737379322451,29.674168380806453,50.02001564119077,125.60013339667334,1.3980637509245926,False
7,ETCH-04,40,0,40,35.920043979892135,29.058210518687417,49.93283711598984,125.73873389049928,1.3595562721634138,False
7,ETCH-04,41,0,41,35.975753736561835,30.91240930293236,50.10437794467276,125.82242881234143,1.5403763304754488,False
7,ETCH-04,42,0,42,35.833951565944645,32.262727503097686,49.85430506806051,125.14782176918258,1.4183891435931497,False
7,ETCH-04,43,0,43,35.937166275780974,32.46849045036141,49.952618107650665,126.31401040837322,1.302470707036933,False
7,ETCH-04,44,0,44,35.942429095925824,34.614508820308664,50.00031621490587,125.97114518376168,1.5168463587637073,False
7,ETCH-04,45,0,45,35.981292777162814,33.5019685523997,49.893692202214524,126.04359532089889,1.509928181830825,False
7,ETCH-04,46,0,46,36.16139530995797,34.502194571195794,50.08014457817235,125.817958040023,1.577861148122675,False
7,ETCH-04,47,0,47,35.89376317475505,36.56804915835348,50.05823788613072,126.17699855191147,1.591386278417452,False
7,ETCH-04,48,0,48,35.91109732036308,36.751087478393075,49.990350015506465,126.25903407387673,1.602333700523968,False
7,ETCH-04,49,0,49,35.91733784742149,35.182454189834175,50.03274551482566,126.65423001563174,1.5825274636609865,False
7,ETCH-04,50,0,50,35.86141781641426,36.911998682930104,50.038416906785024,126.8828756924253,1.6285124818344499,False
7,ETCH-04,51,0,51,35.846586857128315,34.875489638873816,50.063024982900586,127.27291473618564,1.6219890801019425,False
7,ETCH-04,52,0,52,35.73931403288142,38.07919229758542,50.102836691948106,127.79214519256155,1.7197745251468528,False
7,ETCH-04,53,0,53,35.97814309178487,38.485778993253724,50.19980575930399,127.77125326414702,1.6751797611118533,False
7,ETCH-04,54,0,54,35.804802243840484,38.75765288452773,50.01024640644492,127.24358109103878,1.6865427284562213,True
7,ETCH-04,55,1,0,35.83948196057237,6.636402459203174,50.09244626784682,120.73864763769332,0.5071223292256384,False
7,ETCH-04,56,1,1,35.88446646845837,10.216079054951653,50.034971204992615,121.2326619548002,0.5146582105009205,False
7,ETCH-04,57,1,2,36.06837158977976,9.806109289266242,50.046502100049295,121.21199740879652,0.5660258751368897,False
7,ETCH-04,58,1,3,35.94715741154177,10.723308797024577,49.86923694200538,121.54969746596677,0.6294720089712772,False
7,ETCH-04,59,1,4,35.794409296086464,10.755999903524,49.94928823053307,121.63710466051013,0.5323071206828152,False
7,ETCH-04,60,1,5,35.91260832634485,10.677661394614653,50.199326811578594,121.7061459364827,0.6135733346539146,False
7,ETCH-04,61,1,6,35.894896582817864,11.603150866434925,49.97554496070878,121.72321150453756,0.6921539989938285,False
7,ETCH-04,62,1,7,35.96284927379596,11.235722005766288,49.770704917760085,121.7720157844551,0.685537422749949,False
7,ETCH-04,63,1,8,35.89837134704371,13.432012400722703,50.04465960608758,122.24939937977396,0.614907395905752,False
7,ETCH-04,64,1,9,36.02974409612567,10.345334916832973,50.05703034645448,121.94022779356294,0.7034602046298778,False
7,ETCH-04,65,1,10,35.84602247619692,17.051653010871217,49.91547330665537,122.05452806340907,0.7940606891995321,False
7,ETCH-04,66,1,11,35.98705381021802,14.52643557498131,50.006292104627136,122.02642405974885,0.6968662091620597,False
7,ETCH-04,67,1,12,35.82290922290561,16.535787572800913,49.82535864860367,121.51299421171036,0.7412100702711035,False
7,ETCH-04,68,1,13,35.922942509008024,17.144325306897137,50.1223502288791,122.79046027579925,0.8505663149441993,False
7,ETCH-04,69,1,14,35.897683665772476,16.190192188918857,49.890076416322174,122.80335672424856,0.82466799606521,False
7,ETCH-04,70,1,15,35.888113144844816,14.915260880234133,50.024250950480415,123.49741757611821,0.8061064460660294,False
7,ETCH-04,71,1,16,35.90840777141029,14.827239784163485,49.96784702358775,123.23799693496478,0.9060728033400423,False
7,ETCH-04,72,1,17,35.87625720689565,18.26040943658382,49.97704060440242,122.25841908250986,0.8594513883621812,False
7,ETCH-04,73,1,18,35.86928517547254,18.395201850000852,49.983203183246175,123.987582849553,0.9888756087562491,False
7,ETCH-04,74,1,19,35.81333655910604,19.905987665734095,50.106200896789346,122.93381385553013,0.9783040084924618,False
7,ETCH-04,75,1,20,35.933401323121885,20.495376318612475,49.830690779125874,123.44591049384243,0.9809566967357662,False
7,ETCH-04,76,1,21,35.88634403614582,20.737392111851744,49.942021745333776,123.47806908232005,0.8559666222936617,False
7,ETCH-04,77,1,22,35.88485391481634,17.86832150278915,50.07839943906582,123.35783004904002,1.0277744818060084,False
7,ETCH-04,78,1,23,35.887231531292784,21.403461394570336,49.721469589053456,123.44410513928042,1.0501699997793477,False
7,ETCH-04,79,1,24,35.7961975270211,23.643364532467547,50.26004374735049,123.79035302115624,1.0526630348136607,False
7,ETCH-04,80,1,25,35.963288411925724,21.412484262840305,49.93225326057755,124.85447619001619,0.9807156617409103,False
7,ETCH-04,81,1,26,35.880297579743115,23.079265669711187,49.926718206595474,123.67589342301926,1.0505803949725923,False
7,ETCH-04,82,1,27,35.98013774314698,23.90444778410005,49.99888196371546,124.23607204733699,1.090132584403113,False
7,ETCH-04,83,1,28,35.92920767918093,23.02195234166421,50.03852476040331,124.04344846241051,1.1490275286301057,False
7,ETCH-04,84,1,29,35.85889655233293,25.869511061869947,49.75185661656908,124.70298723117678,1.2076138182180487,False
7,ETCH-04,85,1,30,35.880724562875116,24.35647544688242,49.97169723714382,124.54560187000077,1.224140146077422,False
7,ETCH-04,86,1,31,35.933520011424854,22.825148570719996,50.10705978769995,124.88675435735297,1.1621186863466724,False
7,ETCH-04,87,1,32,35.792519828206956,28.397087186404114,49.92610913625783,124.38837666757945,1.2348471203788214,False
7,ETCH-04,88,1,33,35.91220398420048,25.516250917268795,49.98340584288112,125.23072332861061,1.2375338712599016,False
7,ETCH-04,89,1,34,35.949205687798404,27.417208693017294,49.84374652573225,124.25235539872897,1.303379015731118,False
7,ETCH-04,90,1,35,35.84038236411002,30.174084739220774,49.98889132882352,125.00436877339912,1.3647333134026893,False
7,ETCH-04,91,1,36,35.90093438838953,29.35447469288688,49.848970915343244,124.9311555190186,1.4622563445530692,False
7,ETCH-04,92,1,37,35.925774325121054,29.721232231409054,50.04348789109928,125.38034743441969,1.2939594462588642,False
7,ETCH-04,93,1,38,35.84200771939441,29.65984198282904,50.071108509505585,125.21570432790845,1.375725537983307,False
7,ETCH-04,94,1,39,35.83207096445995,29.655571996909913,49.94098547114753,126.1990676375174,1.4045323975143253,False
7,ETCH-04,95,1,40,35.81964732961612,33.23750962198126,49.958891687626945,126.2078190899197,1.4091006627733318,False
7,ETCH-04,96,1,41,35.94494889557508,32.330122028817485,50.04650268342073,126.04444181769615,1.3648643487286194,False
7,ETCH-04,97,1,42,35.851452959650196,30.980871039526413,50.20702806960783,126.0149343454973,1.5126315968540627,False
7,ETCH-04,98,1,43,36.016602868691976,33.45790655546851,50.15505641467697,126.43659824625203,1.4911828589756935,False
7,ETCH-04,99,1,44,35.89576181810315,32.965271144936175,50.00436345920862,125.92607744660117,1.5323552756019359,False
7,ETCH-04,100,1,45,35.867542523904945,33.97945411830003,49.91461686764576,125.86468852967425,1.568295719045214,False
7,ETCH-04,101,1,46,35.91093209768961,35.086251946997855,50.25120455577549,127.14067637313629,1.5541018252331393,False
7,ETCH-04,102,1,47,35.96031389874743,33.249644219438096,50.12192409668961,125.68857995883323,1.4907149435633833,False
7,ETCH-04,103,1,48,35.95031248713471,37.36991265347011,49.828525685255656,126.83181203264985,1.5424186800465862,False
7,ETCH-04,104,1,49,35.891121320076294,38.947705966280424,49.7553152485084,126.77841570608999,1.6670263317277627,False
7,ETCH-04,105,1,50,35.93438109785645,38.505646741919534,49.8892893781513,127.36869975309158,1.6989105409199847,False
7,ETCH-04,106,1,51,35.87477624263817,38.17160549657223,50.01350125044198,127.47507234611521,1.6426736044139183,False
7,ETCH-04,107,1,52,36.002574826835044,38.08873445381168,49.96818190103046,127.46460125937793,1.783624241134205,False
7,ETCH-04,108,1,53,35.73443903720721,38.815641576879784,50.002337462086956,127.45857318888685,1.7406072166651678,True
7,ETCH-04,109,2,0,35.761660420104405,7.1045369675502865,50.0170158523585,120.8322351171684,0.5624879170297434,False
7,ETCH-04,110,2,1,35.97226961179571,9.000918884590458,49.917685336622434,121.10604974276805,0.5569029821858382,False
7,ETCH-04,111,2,2,35.919256427442136,9.578718940511376,49.8449896065369,120.7530215011524,0.5827718158697632,False
7,ETCH-04,112,2,3,35.73683027894513,9.478860744152435,50.07133420969135,120.86236989762756,0.543020606761647,False
7,ETCH-04,113,2,4,35.833518510734834,13.919127947349736,49.91045304180738,121.77847315962087,0.6063950733250787,False
7,ETCH-04,114,2,5,35.8241078454969,10.750363271732924,50.0418037793204,121.78189290600999,0.6581973184036306,False
7,ETCH-04,115,2,6,35.86046917488329,13.598620542203136,49.8785573385757,121.91367754589638,0.6390147382333786,True
7,ETCH-04,116,3,0,35.91639401957573,5.460821579825064,49.67754585272428,121.62233376073516,0.4338717446136832,False
7,ETCH-04,117,3,1,35.91640222353665,9.648839334191257,49.78328741928233,121.34858573644405,0.4419848023436127,False
7,ETCH-04,118,3,2,35.93212385870377,8.675830447651835,49.771794438224674,121.5130079385008,0.4273944910939548,False
7,ETCH-04,119,3,3,35.91140082731185,8.425825569122257,50.05473256960748,121.202504849934,0.6117416219808506,False
7,ETCH-04,120,3,4,35.8605382253729,7.14949409487227,50.01733269855782,121.25371788005187,0.4974587216727862,False
7,ETCH-04,121,3,5,35.85764934747868,12.341067835451662,50.15368502633798,121.09697531638696,0.5400465106187073,False
7,ETCH-04,122,3,6,35.87597532715184,9.535771589321758,49.9719252635543,121.70349482756585,0.6035828135190129,False
7,ETCH-04,123,3,7,35.7704373229275,12.680595668171103,50.0994871874027,122.21470221490927,0.6514590619967218,False
7,ETCH-04,124,3,8,35.93712524706194,9.876650693504065,50.13990899612878,122.0020039833498,0.6674766925034288,False
7,ETCH-04,125,3,9,35.803739407016806,11.158671329476213,50.16052106035709,122.29691865447066,0.7518382265894026,False
7,ETCH-04,126,3,10,35.79541143794155,13.319917407077966,49.71126752661058,122.94061717315385,0.739152318981985,False
7,ETCH-04,127,3,11,35.95512377363271,14.449205472738095,49.99591492417669,123.16400205784726,0.8149141091121704,False
7,ETCH-04,128,3,12,35.84702587515062,13.453781876457473,50.148906787497495,122.88092083236461,0.7778005249604005,False
7,ETCH-04,129,3,13,35.943807273070746,13.130865687579497,49.98888759317183,122.29841042477412,0.8271315165782813,False
7,ETCH-04,130,3,14,35.98014071149542,14.436260295486102,49.908334029282386,122.44932691433624,0.7563976098077092,False
7,ETCH-04,131,3,15,35.902963768405805,17.07075169280108,49.923810771365694,123.24477346041628,0.7543804548713375,False
7,ETCH-04,132,3,16,35.99270140201891,16.073516487826122,49.86524687418483,123.30122797168023,0.7946046722880226,False
7,ETCH-04,133,3,17,35.93214412284681,17.58171277855912,49.90721585868208,123.29413975876056,0.9558066916993091,False
7,ETCH-04,134,3,18,35.998859333615044,18.78934927809276,49.950215135705925,122.48278685658757,0.8799938871824391,False
7,ETCH-04,135,3,19,35.74568248795008,14.448583252075029,49.96772444032975,123.484055194307,0.8866688740460151,False
7,ETCH-04,136,3,20,35.873310814568256,22.406564272317198,50.05334306781178,123.58520028961757,0.9724697215960759,False
7,ETCH-04,137,3,21,35.89579832571671,19.111342860513155,50.15730952240274,123.64108918762767,0.9614308597560536,False
7,ETCH-04,138,3,22,35.92193014277031,20.093227310311697,49.95209926175859,123.704715617932,0.9693558603322847,False
7,ETCH-04,139,3,23,35.87601813858836,19.32386882402156,49.93532195265278,123.40082980008052,1.022717372398947,False
7,ETCH-04,140,3,24,35.94959352517897,20.532917987077393,50.113826358255594,123.30384974576805,1.055108871376265,False
7,ETCH-04,141,3,25,35.83005069459544,19.023018446095893,49.9395477844826,123.88724463348372,1.055130680853162,False
7,ETCH-04,142,3,26,35.989812628822236,21.03071155899111,49.83200025706214,123.90103125562023,1.0513954610741654,False
7,ETCH-04,143,3,27,36.01163532558164,20.89622549492416,49.99540481909849,123.9515896056158,1.0855000098280283,False
7,ETCH-04,144,3,28,36.0022513045746,24.04729731969057,50.06709604310398,123.86287962341817,1.2081773483924592,False
7,ETCH-04,145,3,29,35.87712939179394,24.54546440869409,50.00418925609316,124.1160745160028,1.1244365073834723,False
7,ETCH-04,146,3,30,36.01548500162589,23.94933192287651,49.92207079865222,124.28452322412693,1.1144420440629328,False
7,ETCH-04,147,3,31,35.984543676216134,25.154135716676386,50.10238718789985,124.60624561865438,1.1031938050652466,False
7,ETCH-04,148,3,32,35.98232619696755,26.424084771583143,49.92464009098336,124.82984482709121,1.0903548613556775,False
7,ETCH-04,149,3,33,35.94821033526823,26.69625506597969,50.10139728071165,124.67495465190855,1.355023462137647,False
7,ETCH-04,150,3,34,35.9472879705945,26.903189668009468,49.76120516965262,125.18536134918335,1.1594936814553756,False
7,ETCH-04,151,3,35,35.80872686528703,24.91668010392764,50.056684385397624,124.90472355730412,1.1496988267952284,False
7,ETCH-04,152,3,36,35.901757508359246,29.225791099936366,50.12863229735521,124.76981916516998,1.3865947873526263,False
7,ETCH-04,153,3,37,36.00649107108518,27.96376179939052,50.035521782903466,125.7256655629204,1.3302835189411586,False
7,ETCH-04,154,3,38,35.91182648246483,30.5935693260976,50.13179023778262,125.05988405658218,1.3133992621824817,False
7,ETCH-04,155,3,39,35.84755858725747,28.846191989723053,50.01978901353941,125.6419558966167,1.3947302930918535,False
7,ETCH-04,156,3,40,35.86874961233665,30.32805857402331,50.0231180637857,124.75758701042494,1.420428331327614,False
7,ETCH-04,157,3,41,35.9062058908002,31.11930404331064,49.88103995746478,125.19664653775251,1.4569230291731923,False
7,ETCH-04,158,3,42,35.752043068536025,32.545492764747095,49.79780591004925,125.1196241249399,1.4675596652175276,False
7,ETCH-04,159,3,43,35.89337029962278,29.95395893790218,49.880836526115466,126.34185496928646,1.5394892119718868,False
7,ETCH-04,160,3,44,35.84641660371364,31.410233748418285,50.0087345488205,126.00987172920759,1.4573242824272878,False
7,ETCH-04,161,3,45,35.91498301046853,34.152783041423795,50.04956154653456,126.60663791331274,1.4369568586794705,False
7,ETCH-04,162,3,46,35.83264308443934,31.475205868193797,49.98694050479216,127.03105617004545,1.4961349119880325,False
7,ETCH-04,163,3,47,35.97423121158358,30.189080666374075,50.13516063232587,126.67748512425446,1.4742625649158205,False
7,ETCH-04,164,3,48,35.9926956007806,34.49303863677882,50.167748504167484,126.48396197192615,1.5922565120299037,False
7,ETCH-04,165,3,49,35.876184570743135,34.65709639384778,50.04312535352135,125.82611496547602,1.677919426048166,False
7,ETCH-04,166,3,50,35.804270610678955,35.75347750405744,50.27002932089529,127.1477002994579,1.6686529170265811,False
7,ETCH-04,167,3,51,35.8311487873532,34.08291788556189,50.14894438772642,126.37783098252439,1.62471686852463,False
7,ETCH-04,168,3,52,35.95155690347873,38.294982502636365,49.95775627147138,126.8447381467449,1.6291820151145135,False
7,ETCH-04,169,3,53,35.84691018640735,37.48980155090959,49.89206842746753,126.91945309730174,1.762412686971878,False
7,ETCH-04,170,3,54,35.786707362497296,37.82574869794143,49.91592375761856,127.26320551061724,1.6642861894009484,False
7,ETCH-04,171,3,55,35.76552265954325,37.761357179920445,50.15589367462135,127.12863011585424,1.8981646821694185,False
7,ETCH-04,172,3,56,35.873226804331935,38.98420428404936,50.1902530839076,127.75565804716265,1.742624748841746,True
7,ETCH-04,173,4,0,35.927900762839876,8.060756221785542,49.96915932994896,120.81106383864135,0.49144239587840133,False
7,ETCH-04,174,4,1,35.86531671743207,8.086240869417198,50.17621758715926,121.83848494281551,0.5624652530457913,False
7,ETCH-04,175,4,2,35.870919952622636,8.32226503345132,49.894380426139655,121.63240925339089,0.5102088125677574,False
7,ETCH-04,176,4,3,35.982224252300284,8.897907216410799,50.000179077660995,121.64697513428885,0.5797716380751984,False
7,ETCH-04,177,4,4,35.834654489881565,10.173317806504295,50.02526549457872,121.68009101755483,0.6875945240040485,False
7,ETCH-04,178,4,5,35.887829957979115,10.746825003870729,50.007183113890605,121.66133513794173,0.5285896119682818,False
7,ETCH-04,179,4,6,35.87324791933784,9.740603727732331,49.97953355752203,121.74171654729932,0.641265537085409,False
7,ETCH-04,180,4,7,35.90277457560998,10.745446132419335,49.827254033525215,122.19494969559526,0.6853118319002178,False
7,ETCH-04,181,4,8,35.88443135615442,11.74847076118294,50.0162419589487,122.22041250130107,0.5758312094024804,False
7,ETCH-04,182,4,9,35.87515396284443,14.258588294648423,50.1451358943488,121.91730078346555,0.6512643535065114,False
7,ETCH-04,183,4,10,35.800340825901046,15.949762512628379,50.070017748460884,121.44224603564979,0.7614919170418561,False
7,ETCH-04,184,4,11,35.972404228017275,13.78966345526482,50.0494183413788,122.47497294014663,0.6657459577070466,False
7,ETCH-04,185,4,12,35.887295957937766,12.344407831853127,49.923637777749995,122.61998900246822,0.7789298786157837,False
7,ETCH-04,186,4,13,35.79014134605241,13.76908273315065,49.9724292994175,122.64404907007072,0.7870563889133941,False
7,ETCH-04,187,4,14,35.9293752073243,16.231842802640593,50.138661340944466,123.28760151220486,0.8322694243778279,False
7,ETCH-04,188,4,15,35.78218989492912,16.62731840302154,49.92111750883764,122.0319480435583,0.9795132400662098,False
7,ETCH-04,189,4,16,35.95737370508845,18.712042050387737,50.05932189792297,122.70255717064438,0.8683060348871944,False
7,ETCH-04,190,4,17,35.83747701673907,18.232794402477964,49.838466030063536,122.64954242164742,0.8755582737985275,False
7,ETCH-04,191,4,18,35.86190883165959,18.97937750832126,49.983446995385336,123.37079692230523,0.8998440655571385,False
7,ETCH-04,192,4,19,35.94743548006203,21.146211322346563,50.288991444456116,123.19996042542013,0.8860695526492475,False
7,ETCH-04,193,4,20,35.81479090365966,20.073657729435165,50.01130811858603,123.61112289418574,0.8597806361403766,False
7,ETCH-04,194,4,21,35.92985633526901,20.05635871967089,50.00299769145475,122.76872576704261,0.9769329538991366,False
7,ETCH-04,195,4,22,35.99573939049724,22.195498111875416,50.04259147379748,123.86171779797436,1.0572969764538116,False
7,ETCH-04,196,4,23,35.90923078288379,21.31240357865836,50.073236485299006,124.08197493321681,1.0122467737785734,False
7,ETCH-04,197,4,24,35.855460062278794,22.21160344658981,49.9835152624256,124.41304564596483,1.1268182025011269,False
7,ETCH-04,198,4,25,35.896860103205135,22.935165616115967,49.8806178393442,123.91186888308792,1.0918500201404273,False
7,ETCH-04,199,4,26,35.878779630882654,21.91001792157464,50.2085615820858,124.09680585026817,1.0775511714615178,False
7,ETCH-04,200,4,27,35.85352313146733,24.38571640692459,50.02915238193747,123.91929758848869,1.1277881660002878,False
7,ETCH-04,201,4,28,35.893909018127374,24.529442970875202,50.05790781682184,124.27268313942258,1.1836280465959397,False
7,ETCH-04,202,4,29,35.93788368944971,21.855355487152107,50.22419303593618,125.38720937820024,1.1264320751736674,False
7,ETCH-04,203,4,30,36.06574486688087,23.994456226904717,49.654346616127604,124.95155605947393,1.2026787200828288,False
7,ETCH-04,204,4,31,35.823519671507675,27.729641602645092,49.96145169808028,124.83298098559867,1.177207174007847,False
7,ETCH-04,205,4,32,35.859101923039724,26.45217591356829,49.93632015079642,124.73258840957911,1.1995443261063579,False
7,ETCH-04,206,4,33,35.77974061875535,32.012577142503496,50.198320734487275,124.93258127980803,1.3000440987685464,False
7,ETCH-04,207,4,34,35.87952012785801,27.206614629447568,49.87506141017781,124.62348397944181,1.1940137851776604,False
7,ETCH-04,208,4,35,35.79887481717337,30.229684639546896,49.99992483102477,124.56835127958837,1.2443239327789066,False
7,ETCH-04,209,4,36,35.8753202473455,29.61495553202771,49.89226130332149,124.93276402277381,1.2842908889281717,False
7,ETCH-04,210,4,37,35.913974882650464,29.159067108919352,50.261047081087796,125.86019686112118,1.3901501750936538,False
7,ETCH-04,211,4,38,35.87444665792746,30.873949788273706,50.08142784958511,124.93324919535613,1.355203133622189,False
7,ETCH-04,212,4,39,35.86876631082693,33.8584478417348,50.195236758578986,125.81781396774215,1.4467940769483938,False
7,ETCH-04,213,4,40,35.88398860182362,30.238879365806827,49.84003721982257,125.8653255076719,1.4209587744513048,False
7,ETCH-04,214,4,41,35.82016086972684,33.29203899398574,50.291938348882674,126.27848166517819,1.4605375020061326,False
7,ETCH-04,215,4,42,35.96796739455816,30.414253901694487,49.75292200312069,126.97190545968473,1.4585877013918527,False
7,ETCH-04,216,4,43,35.80580369428581,34.72583331027192,50.08107095931838,125.74862061997024,1.6218764741157337,False
7,ETCH-04,217,4,44,35.89104291127752,35.998204162714366,49.76096127958034,126.13891550185151,1.5053761394064793,False
7,ETCH-04,218,4,45,35.95126026244406,36.06504127983531,49.845912180509046,126.12932565967756,1.5367123988367897,True
7,ETCH-04,219,5,0,35.883675179057036,7.509370479014843,50.1365449470213,120.80271235827804,0.49955964650874113,False
7,ETCH-04,220,5,1,35.87402550308916,10.92734514682611,49.7492155966879,121.48882356478127,0.5212479855921114,False
7,ETCH-04,221,5,2,35.96354669653389,7.782342097301575,50.20162220842387,121.49783963350914,0.637705989267823,False
7,ETCH-04,222,5,3,35.812177509024,8.730061188562242,50.06127025168837,121.67777246453133,0.5535674844019659,False
7,ETCH-04,223,5,4,35.976667135408114,9.67514676543849,50.004694601442864,121.21967288786361,0.6390304552700564,False
7,ETCH-04,224,5,5,35.92486138314598,12.729838795686785,49.70620187757345,121.2931737146748,0.6692563709649576,False
7,ETCH-04,225,5,6,35.87463319252315,10.726363864229445,50.06962148813244,121.59612650589256,0.6545083164575844,False
7,ETCH-04,226,5,7,35.843075811383265,14.520190690432681,49.85030112750109,121.56905353972532,0.6727157734507508,False
7,ETCH-04,227,5,8,35.8580427906144,13.51755555811348,49.87219330214356,121.79571981250595,0.6727176402824872,False
7,ETCH-04,228,5,9,35.84266348093915,13.522141481994373,49.845457784048506,122.1228926414133,0.6999139817889924,False
7,ETCH-04,229,5,10,35.88352042429672,13.482152357713261,50.22453095486803,122.49190433847403,0.714889814511982,False
7,ETCH-04,230,5,11,35.788091496818936,17.53419999658735,49.688209029475104,122.39407555003848,0.6432082402315074,False
7,ETCH-04,231,5,12,35.851515243709024,17.160124333097166,50.1006623711854,122.97484805726751,0.7748452075386207,False
7,ETCH-04,232,5,13,36.00805656564812,15.830042273154243,50.23294539732959,123.09330710529825,0.7574443238470029,False
7,ETCH-04,233,5,14,35.916382876083176,15.0765712573513,50.02157928540302,122.62854339630272,0.8779166726135841,False
7,ETCH-04,234,5,15,35.98287760150961,16.45434491892255,49.99678580108108,122.60789396728858,0.7868235106123809,False
7,ETCH-04,235,5,16,35.80129393972014,19.246331581487055,49.921914519774234,122.84840532487587,0.8703314278009492,False
7,ETCH-04,236,5,17,35.87246983682114,16.74108122731049,49.70259249690442,122.86092323443282,0.8904323039379639,False
7,ETCH-04,237,5,18,35.95316887729993,18.524507271617196,49.759512987606726,122.8187381001175,0.9770055417726061,False
7,ETCH-04,238,5,19,35.88543031578828,21.646607764033504,49.964041850078445,123.54595334251295,0.8906101232820246,False
7,ETCH-04,239,5,20,35.95076585511419,23.206179306951423,50.04464440841629,123.24968918033785,0.897266804913232,False
